	species	caste	ID_number	date_of_collection	investigator	collection_site	Region	Latitude	Longitude	Forage_Plant	Temperature 	Wind	r.H.	H.I.	Time_of_Day	date_of_dissection	date_of_DNA_extraction	Concentration	Purity	QPCR_Concentration	QPCR_Purity	DNA_Storage	QPCR_Order	Year	CBombiConc	site_collapsed	site_collapsed_10k	Positive	days_Since_May1	faithpd	PC1	PC2	site_trip	Gammaproteobacteria	Alphaproteobacteria	Betaproteobacteria	Bifidobacterium	Bombiscardovia	Lactobacillus	Apibacter	Snodgrassella	Gilliamella	Schmidhempelia	core	Pseudomonadota	date_no_year	Month	site_year	trip_int
B0004	imp	W	4	6/24/17	FJ	Castle IslandRd	Kennebec	44.5108	-69.905							7/5/17	8/3/17	69.0		69.0		2017_1	4.0	2017	1761.4853440218800	Belgrade_Lakes	Belgrade_Lakes	1.0	54	2.080546621242630	-0.12245509833137500	-0.09392003567304920	Castle IslandRd6/24/17	0.9810395879469510	4.97648610316256E-05	0.0066933738087536400	0.0	0.002562890343128720	0.009231381721366540	0.0	0.0066933738087536400	0.03376545820995800	0.9449600636990220	0.9972131677822290	0.9877827266167360	6/24/23	June	Belgrade_Lakes2017	0
B0005	imp	W	5	6/24/17	FJ	Castle IslandRd	Kennebec	44.5108	-69.905							7/5/17	8/3/17	70.0		70.0		2017_1	5.0	2017	24.17122365877630	Belgrade_Lakes	Belgrade_Lakes	1.0	54	2.286315718639480	-0.12172120436830200	-0.10369921318391400	Castle IslandRd6/24/17	0.9579442634817230	0.0	0.0006514657980456030	0.0	0.0	0.012088309808179500	0.016141874773796600	0.0	0.12247557003257300	0.8311255881288450	0.9818313427433950	0.9585957292797680	6/24/23	June	Belgrade_Lakes2017	0
B0008	vag	W	8	6/7/17	FJ	Allen Island Garden	Allen Island	43.8755	-69.3113							7/7/17	8/3/17	85.0		85.0		2017_1	8.0	2017	7309.095850437540	Allen_Island	Allen_Island	1.0	37	3.227165656760450	0.49396918479587400	-0.14469538402188400	Allen Island Garden6/7/17	0.00258349086326402	0.9827347195967230	0.0058601134215500900	0.0	0.0	0.0	0.0	0.003843730308758660	0.0024574669187145600	0.0	0.00630119722747322	0.9911783238815380	6/7/23	June	Allen_Island2017	1
B0009	bor	W	9	7/12/17	FJ & JG	Allen Island Garden	Allen Island	43.8755	-69.3113	jasmine					11:00	2017-14-7	7/17/17	17.0		17.0		2017_1	9.0	2017	0.0	Allen_Island	Allen_Island	0.0	72	2.432989176495680	-0.035723777903646000	0.053365521436579400	Allen Island Garden7/12/17	0.39775709109084100	0.0	0.44570785955266800	0.006153942271648130	0.0	0.08809196551293270	0.057447207297263500	0.4454891915531680	0.3938835436711230	0.0003123828564288390	0.991378233162564	0.8434649506435090	7/12/23	July	Allen_Island2017	2
B0010	bor	W	10	7/12/17	FJ	Allen Island Garden	Allen Island	43.8755	-69.3113	jasmine					11:00	2017-14-7	7/17/17	85.0		85.0		2017_1	10.0	2017	0.0	Allen_Island	Allen_Island	0.0	72	1.586549882573600	-0.03446318919139860	0.10667536035103000	Allen Island Garden7/12/17	0.3501814727303730	0.0	0.6457993325700920	7.30762672642682E-05	0.0008769152071712180	0.00019487004603804800	0.0	0.6456531800355640	0.3500353201958440	0.0	0.9968333617518820	0.9959808053004650	7/12/23	July	Allen_Island2017	2
B0011	bor	W	11	7/12/17	FJ	Allen Island Garden	Allen Island	43.8755	-69.3113	jasmine					11:00	2017-14-7	7/17/17	79.0		79.0		2017_1	11.0	2017	0.0	Allen_Island	Allen_Island	0.0	72	2.683383883551760	-0.009997095705562810	0.15012976388037200	Allen Island Garden7/12/17	0.23037461740742300	0.0	0.6796137431564430	0.07104366944001380	0.0	0.012286071474759700	0.0025434323403888400	0.6793550890201320	0.22998663620295700	0.0	0.9952148984782520	0.909988360563866	7/12/23	July	Allen_Island2017	2
B0013	vag	W	13	7/12/17	FJ	Allen Island Garden	Allen Island	43.8755	-69.3113	jasmine					11:00	2017-14-7	7/17/17	37.0		37.0		2017_1	13.0	2017	2290.79323073902	Allen_Island	Allen_Island	1.0	72	4.130961902884500	-0.09012567626194690	-0.03051192426988800	Allen Island Garden7/12/17	0.8006314839873700	0.0	0.19216522464154400	0.006752231380106890	0.0	0.0	0.0	0.19204220828036800	0.7978977870723470	0.0001913587840516120	0.9968835855168740	0.9927967086289140	7/12/23	July	Allen_Island2017	2
B0014	vag	W	14	7/12/17	JG	Allen Island Garden	Allen Island	43.8755	-69.3113	jasmine					11:00	2017-14-7	7/17/17	13.0		26.1	1.67	2017_1	14.0	2017	1454.7597866855400	Allen_Island	Allen_Island	1.0	72	3.443390369817430	0.024851171931380800	0.19939466233965700	Allen Island Garden7/12/17	0.06930361183273280	0.00016760244699572600	0.9159194390904770	0.0	0.007206905220816220	0.0	0.0	0.9144948182910140	0.008352188608620350	0.0	0.9300539121204500	0.9853906533702060	7/12/23	July	Allen_Island2017	2
B0015	bim	W	15	7/12/17	JG	Allen Island Garden	Allen Island	43.8755	-69.3113	jasmine					11:00	2017-14-7	7/17/17	21.0		43.4	1.82	2017_1	15.0	2017	4.973676640002720	Allen_Island	Allen_Island	0.0	72	1.666627747911340	-0.03422356959141870	0.11494624516418500	Allen Island Garden7/12/17	0.3297695743251260	0.0	0.6680170744239360	0.0006916722659183430	0.001284534208134070	0.0	0.0	0.6677996917117900	0.3292952847713530	0.00025690684162681300	0.9993280897988220	0.9977866487490610	7/12/23	July	Allen_Island2017	2
B0016	vag	W	16	7/12/17	JG	Allen Island Garden	Allen Island	43.8755	-69.3113	jasmine					11:00	2017-14-7	7/17/17	44.0		44.0		2017_1	16.0	2017	30980.84464093760	Allen_Island	Allen_Island	1.0	72	9.235140748074630	0.16491833656996400	-0.011376948823743600	Allen Island Garden7/12/17	0.23913408289981500	0.05386809867427420	0.14348044973988900	0.01342507132069140	0.0	0.0010068803490518500	0.0005034401745259270	0.027017956032891400	0.015942272193321000	0.0	0.05789562007048160	0.4364826313139790	7/12/23	July	Allen_Island2017	2
B0017	vag	W	17	7/12/17	FJ	Allen Island Garden	Allen Island	43.8755	-69.3113	jasmine					11:00	2017-14-7	7/17/17	54.0		54.0		2017_1	17.0	2017	5.2261853882896500	Allen_Island	Allen_Island	0.0	72	5.153469347388540	0.16036582630570800	0.0006677522966901150	Allen Island Garden7/12/17	0.35415641908509600	0.019347434005574700	0.018691588785046700	0.0	0.5956714215445160	0.0	0.0	0.004099032628299720	0.001147729135923920	0.000983767830791933	0.601901951139531	0.39219544187571700	7/12/23	July	Allen_Island2017	2
B0018	vag	W	18	7/12/17	FJ	Allen Island Garden	Allen Island	43.8755	-69.3113	jasmine					11:00	2017-14-7	7/17/17	26.0		26.0		2017_1	18.0	2017	5.850969066706830	Allen_Island	Allen_Island	0.0	72	2.571104678629500	0.4884219312880640	-0.1455090405717390	Allen Island Garden7/12/17	0.01905063736882880	0.9228466793436160	0.0008803436861750830	0.0	0.0007042749489400660	0.0	0.0	0.0	0.0	0.00017606873723501700	0.0008803436861750830	0.9427776603986200	7/12/23	July	Allen_Island2017	2
B0019	vag	W	19	7/12/17	FJ	Allen Island Garden	Allen Island	43.8755	-69.3113	jasmine					11:00	2017-14-7	7/17/17	30.0		30.0		2017_1	19.0	2017	4.56694334547264	Allen_Island	Allen_Island	0.0	72	1.797944229089170	0.02182047788703550	0.21051158292701200	Allen Island Garden7/12/17	0.0007158196134574090	0.0	0.9853799266827180	0.0	0.013275200104119200	0.0	0.0	0.9852280861586520	0.0	0.0	0.9985032862627710	0.9860957462961760	7/12/23	July	Allen_Island2017	2
B0021	bor	W	21	7/12/17	JG	Allen Island Garden	Allen Island	43.8755	-69.3113	jasmine					11:00	2017-18-7	8/3/17	47.0		47.0		2017_1	21.0	2017	2.3358171557413600	Allen_Island	Allen_Island	0.0	72	1.760931744738650	-0.0673912607663299	0.032203579524700900	Allen Island Garden7/12/17	0.5241413526373950	0.0	0.41399995489705300	0.0	0.0	0.010260920551158000	0.05028978643754370	0.41399995489705300	0.5241413526373950	0.0	0.998692014523149	0.9381413075344470	7/12/23	July	Allen_Island2017	2
B0022	bor	W	22	7/12/17	JG	Allen Island Garden	Allen Island	43.8755	-69.3113	jasmine					11:00	2017-18-7	8/3/17	85.0		85.0		2017_1	22.0	2017	2.642512420476410	Allen_Island	Allen_Island	0.0	72	1.196535087622810	-0.03965120478262700	0.09447693226873060	Allen Island Garden7/12/17	0.3880271000703420	0.0	0.6109362852171340	0.0	0.0	0.0	0.0	0.6109362852171340	0.3876198585761360	0.0	0.9985561437932690	0.9989633852874750	7/12/23	July	Allen_Island2017	2
B0025	vag	W	25	7/12/17	JG	Owls neck	Knox	44.0912	-69.0495							2017-18-7	8/3/17	52.0		52.0		2017_1	25.0	2017	4.055338687177780	Owls_Head_ME	Owls_Head_ME	0.0	72	1.477111500084050	0.02151044904884650	0.2100462519324230	Owls neck7/12/17	0.0009224341409153800	0.00018991291136493100	0.9981822621340790	0.0	0.0	0.0	0.0	0.9978024363113490	0.00021704332727420700	0.00027130415909275900	0.9982907837977160	0.9992946091863590	7/12/23	July	Owls_Head_ME2017	3
B0028	bor	W	28	7/12/17	JG	Allen Island Garden	Allen Island	43.8755	-69.3114	jasmine					11:00	2017-20-7	8/3/17	43.0		43.0		2017_1	28.0	2017	9597.177407301120	Allen_Island	Allen_Island	1.0	72	3.383525610644530	-0.030998183339858700	0.10853800294769700	Allen Island Garden7/12/17	0.34558692421991100	0.0016641901931649300	0.6427637444279350	0.0018127786032689500	0.00035661218424962900	0.003922734026745910	0.0	0.6414264487369990	0.33462109955423500	0.00017830609212481400	0.9823179791976220	0.9900148588410100	7/12/23	July	Allen_Island2017	2
B0029	ruf	W	29	7/22/17	FJ	Colby Observatory	Kennebec	44.5605	-69.6655	clover						2017-31-07	8/3/17	79.0		79.0		2017_1	29.0	2017	0.0	Colby_College	Colby_College	0.0	82	2.466635392131260	-0.08473335887636040	-0.01370456524267120	Colby Observatory7/22/17	0.7326374094588840	0.002982530890498510	0.2584149978696210	0.0	0.002023860247123990	0.0	0.003302087771623350	0.2584149978696210	0.7050489987217730	0.026949296974861500	0.9957392415850020	0.994034938219003	7/22/23	July	Colby_College2017	4
B0030	bim	W	30	7/22/17	FJ	Colby Observatory	Kennebec	44.5605	-69.6655	clover						2017-31-07	8/3/17	97.0		97.0		2017_1	30.0	2017	0.0	Colby_College	Colby_College	0.0	82	1.617742339958240	0.021506019701455800	0.20962742057698000	Colby Observatory7/22/17	0.001939685975049510	0.0	0.9943851195459090	0.0	0.0025726361353288300	0.0	0.0	0.9942421953161690	0.00020417747105784300	0.00044919043632725600	0.9974681993588830	0.9963248055209590	7/22/23	July	Colby_College2017	4
B0031	vag	W	31	7/22/17	FJ	Colby Observatory	Kennebec	44.5605	-69.6655	clover						2017-31-07	8/3/17	131.0		131.0		2017_1	31.0	2017	0.0	Colby_College	Colby_College	0.0	82	4.538878047770370	0.1432515585070490	-0.062129451916452300	Colby Observatory7/22/17	0.17433414043583500	0.013720742534301900	0.029661016949152500	0.0	0.0	0.0	0.0	0.011097659402744100	0.002421307506053270	0.0008071025020177560	0.014326069410815200	0.21771589991929000	7/22/23	July	Colby_College2017	4
B0032	bim	W	32	7/23/17	FJ	Colby Heights Steps	Kennebec	44.5616	-69.664							2017-31-07	8/3/17	33.0		33.0		2017_1	32.0	2017	0.0	Colby_College	Colby_College	0.0	83	3.087432195549600	-0.08019409272515500	-0.05115149649882100	Colby Heights Steps7/23/17	0.676173567760533	5.7270488517267E-05	0.1997212836225490	0.0026917129603115500	0.0	0.030926063799324200	0.07830784796594310	0.19958765248267600	0.6749327071759920	0.0	0.9864459843842470	0.8759521218715990	7/23/23	July	Colby_College2017	5
B0033	bor	W	33	6/17/17	FJ	Jackson	Waldo	44.5507	-69.1209							2017-31-07	8/3/17	105.0		105.0		2017_1	33.0	2017	0.0	Brooks_ME	Brooks_ME	0.0	47	2.615697494822480	-0.031087997307579700	0.11002289744413300	Jackson6/17/17	0.3263010424821790	0.0	0.6369442498660840	0.002389880093947010	0.007128435452635050	0.014215666076064100	0.006098314722485480	0.6367382257200540	0.32543574106885300	0.0006592772672957270	0.992665540401335	0.9632452923482630	6/17/23	June	Brooks_ME2017	6
B0034	bor	W	34	6/17/17	FJ	Brooks	Waldo	44.5507	-69.1209							2017-31-07	8/3/17	105.0		105.0		2017_1	34.0	2017	0.0	Brooks_ME	Brooks_ME	0.0	47	2.209806008033400	-0.06663699909293710	0.004787134441903000	Brooks6/17/17	0.6200276364919300	0.0	0.3311674947814070	0.0009702172698674040	0.0	0.0003822068032810980	0.020227560050568900	0.3311674947814070	0.6191750213153790	0.00017640313997589200	0.9720989033604800	0.9511951312733370	6/17/23	June	Brooks_ME2017	7
B0035	bor	W	35	6/17/17	FJ	Waldo	Waldo	44.6135	-69.1243							2017-31-07	8/3/17	32.0		32.0		2017_1	35.0	2017	0.0	Waldo	Brooks_ME	0.0	47	1.865216921814500	0.022135886699295600	0.209451509094441	Waldo6/17/17	0.0012192498027684100	0.00025102201821702600	0.9954457433837770	0.0	0.0	0.0007172057663343610	0.0	0.9935810083913080	0.0008606469196012340	0.0	0.995158861077243	0.9969160152047620	6/17/23	June	Waldo2017	8
B0036	bor	Q	36	7/3/17	FJ	344 N Palermo Rd; Palermo; ME	Waldo	44.4252	-69.4381							2017-31-07	8/3/17	213.0		213.0		2017_1	36.0	2017	0.0	Palermo_ME	Palermo_ME	0.0	63	2.353729617515760	-0.05274525641832120	0.023194002714977100	344 N Palermo Rd; Palermo; ME7/3/17	0.5632183908045980	0.0	0.37383473617521900	0.008552810209068690	0.0008145533532446380	0.026880260657073000	0.0024436600597339100	0.37383473617521900	0.562675355235768	0.0003167707484840260	0.9755181464385920	0.9370531269798170	7/3/23	July	Palermo_ME2017	9
B0037	bor	Q	37	7/3/17	FJ	Belgrade_Lakes	Kennebec	44.5108	-69.905							2017-31-07	8/3/17	258.0		258.0		2017_1	37.0	2017	0.7453318845759710	Belgrade_Lakes	Belgrade_Lakes	0.0	63	2.627525101518200	-0.07302754539507780	-0.06386209487066460	Belgrade_Lakes7/3/17	0.7096022727272730	0.0	0.15198863636363600	0.003465909090909090	0.00022727272727272700	0.07386363636363640	0.04318181818181820	0.151875	0.7078409090909090	0.0011931818181818200	0.9816477272727270	0.8615909090909090	7/3/23	July	Belgrade_Lakes2017	10
B0038	vag	W	38	7/3/17	FJ	344 N Palermo Rd; Palermo; ME	Waldo	44.4252	-69.4381							2017-31-07	8/3/17	55.0		55.0		2017_1	38.0	2017	2.6881829915647900	Palermo_ME	Palermo_ME	0.0	63	1.439544404385040	-0.06552152478621680	0.05779977394479790	344 N Palermo Rd; Palermo; ME7/3/17	0.4944816264679880	0.0	0.4952898093193590	0.0	0.010051774213915900	0.0	0.0	0.49506250789241100	0.1734057330471020	0.32092435913625500	0.999444374289683	0.9897714357873470	7/3/23	July	Palermo_ME2017	9
B0039	bim	W	39	7/3/17	FJ	271 Parmenter Hill Rd; Palermo; ME	Waldo	44.43	-69.4753							2017-31-07	8/3/17	69.0		69.0		2017_1	39.0	2017	3.35595373899357	Palermo_ME	Palermo_ME	0.0	63	1.634564181948130	-0.06475632218647360	0.04666914475051580	271 Parmenter Hill Rd; Palermo; ME7/3/17	0.5473980602774010	0.0	0.44877811381096400	0.0	0.0022942955469809200	0.0	0.0	0.44877811381096400	0.5466680571488160	0.0004866687523898910	0.9982271352591510	0.9961761740883650	7/3/23	July	Palermo_ME2017	11
B0040	imp	W	40	7/3/17	FJ	Albion Center	Kennebec	44.532	-69.4414							1/8/17	8/3/17	58.0		58.0		2017_1	40.0	2017	3.112793760691580	Albion_ME	Albion_ME	0.0	63	2.472545181728310	-0.08819772708018700	-0.13754669431107900	Albion Center7/3/17	0.49695918501767400	4.39106856653567E-05	0.07651436977188400	0.0105385645596856	0.0016246953696182000	0.0076185039629393800	0.3967989110149960	0.07633872702922260	0.35337124289195800	0.14343425472588800	0.9897248995543060	0.5735174654752230	7/3/23	July	Albion_ME2017	12
B0041	tern	W	41	7/3/17	FJ	344 N Palermo Rd; Palermo; ME	Waldo	44.4252	-69.4381							1/8/17	8/3/17	13.0		25.8	1.99	2017_1	41.0	2017	0.0	Palermo_ME	Palermo_ME	0.0	63	2.049491254774160	-0.03664641998019690	0.11015951411775900	344 N Palermo Rd; Palermo; ME7/3/17	0.34051724137931000	0.0	0.6508004926108370	0.0	0.004536124794745490	0.0	0.003961412151067320	0.6506568144499180	0.3050287356321840	0.031732348111658500	0.9959154351395730	0.9913177339901480	7/3/23	July	Palermo_ME2017	9
B0042	imp	W	42	7/3/17	FJ	Freedom Falls	Waldo	44.5282	-69.2974							1/8/17	8/3/17	56.0		56.0		2017_1	42.0	2017	0.0	Freedom Falls	Freedom Falls	0.0	63	2.217052474211930	-0.11506846290218100	-0.1070895613468500	Freedom Falls7/3/17	0.839035342766686	0.0	0.049508948762680100	0.0014214641080312700	0.004538993344963490	0.03876720294630740	0.06642114104800670	0.04937972475285910	0.4221909930865160	0.4168443496801710	0.999563868966854	0.8885442915293660	7/3/23	July	Freedom Falls2017	13
B0043	tern	W	43	7/3/17	FJ	Freedom Falls	Waldo	44.5282	-69.2974							1/8/17	8/3/17	29.0		29.0		2017_1	43.0	2017	0.0	Freedom Falls	Freedom Falls	0.0	63	2.270713205520260	-0.125663924547378	-0.09618480346848720	Freedom Falls7/3/17	0.9930768592985660	0.00012436779703175500	0.0032335627228256400	0.0	0.0	0.0013265898350053900	0.0009120305115662050	0.0014095016996932300	0.014343752590995800	0.9781941795870990	0.9961860542243600	0.9964347898184230	7/3/23	July	Freedom Falls2017	13
B0044	imp	W	44	7/3/17	FJ	1010 N Palermo Rd; Palermo; ME	Kennebec	44.4291	-69.4334							1/8/17	8/3/17	54.0		54.0		2017_1	44.0	2017	0.0	Palermo_ME	Palermo_ME	0.0	63	1.343540514756580	-0.029752159286239800	0.12317328319531500	1010 N Palermo Rd; Palermo; ME7/3/17	0.30224078997341400	0.0	0.6952525636156480	0.0	0.002354728446638820	0.0001519179642992780	0.0	0.6952525636156480	0.3016077984555010	0.0005570325357640210	0.9999240410178500	0.997493353589062	7/3/23	July	Palermo_ME2017	14
B0045	bim	W	45	7/3/17	FJ	Freedom Falls	Waldo	44.5282	-69.2974							1/8/17	8/7/17	26.0		26.0		2017_1	45.0	2017	7022.398997217230	Freedom Falls	Freedom Falls	1.0	63	1.489051357608980	0.02225017195844490	0.21211871610349400	Freedom Falls7/3/17	0.0006100693552530180	0.0	0.9772106986899560	0.014047649627536600	0.007826547649627540	0.0	0.0	0.9770260724377090	0.00022476239404058600	0.0001926534806062160	0.9993176855895200	0.9778207680452090	7/3/23	July	Freedom Falls2017	13
B0046	bim	W	46	7/3/17	FJ	271 Parmenter Hill Rd; Palermo; ME	Waldo	44.43	-69.4753							1/8/17	8/7/17	48.0		48.0		2017_1	46.0	2017	27.258420157913000	Palermo_ME	Palermo_ME	1.0	63	1.540606174107670	0.021282780262757100	0.20877809882605400	271 Parmenter Hill Rd; Palermo; ME7/3/17	0.00451786185589418	0.0	0.9938985576997720	0.00035708186489885300	0.0011799226840136000	0.0	0.0	0.9938519818043500	0.00017077828321249500	0.004083153498626010	0.9996429181351010	0.998416419555666	7/3/23	July	Palermo_ME2017	11
B0047	vag	W	47	7/12/17	JG	Allen Island Garden	Allen Island	43.8755	-69.3114	jasmine					11:00	1/8/17	8/7/17	47.0		47.0		2017_1	47.0	2017	267.12507928809500	Allen_Island	Allen_Island	1.0	72	2.686854860617040	-0.041372940883979000	0.09982668694542150	Allen Island Garden7/12/17	0.3795283439573990	0.0	0.6008499252380580	0.005849794076755590	0.01288003987303590	0.0	0.0	0.6006925316754540	0.3781904986752710	0.0004984129482437500	0.9981112772487600	0.9803782691954570	7/12/23	July	Allen_Island2017	2
B0048	imp	Q	48	8/1/17	JG	Dana walkway; Colby College	Kennebec	44.5616	-69.6619							1/8/17	8/7/17	101.0		101.0		2017_1	48.0	2017	8199.301884236960	Colby_College	Colby_College	1.0	92	2.312569718064410	-0.054418705388108400	0.07323845211752500	Dana walkway; Colby College8/1/17	0.4671836367723080	5.61924027871432E-05	0.5229826927399420	0.002191503708698580	0.006321645313553610	0.0004916835243875030	0.0	0.5228141155315800	0.4360670937289280	0.0	0.9678860418071480	0.9902225219150370	8/1/23	August	Colby_College2017	15
B0049	bor	W	49	7/12/17	JG	Allen Island Garden	Allen Island	43.8755	-69.3114	jasmine					11:00	1/8/17	8/7/17	116.0		116.0		2017_1	49.0	2017	1048.4210018276000	Allen_Island	Allen_Island	1.0	72	4.800626435076440	0.03652899669507480	0.19935981476543600	Allen Island Garden7/12/17	0.009064375192617970	0.0005076050107866070	0.9216656695853960	0.0003807037580899550	0.007124598901397730	0.000688892514638966	0.0	0.9215931545838550	0.0006526350138684940	0.0007251500154094380	0.931165134787259	0.9312376497888000	7/12/23	July	Allen_Island2017	2
B0050	bim	W	50	7/12/17	JG	Tidal River; St. George	Knox	43.9432	-69.2303							1/8/17	8/7/17	64.0		64.0		2017_1	50.0	2017	211.6062727121830	Port_Clyde_ME	Port_Clyde_ME	1.0	72	4.911320525384240	-0.09846871990697220	-0.08276352129092870	Tidal River; St. George7/12/17	0.679785153012168	0.0	0.13955107589270900	0.009084579423759160	0.0025861211498292500	0.028099200954875500	0.12947183448824600	0.13951792049335200	0.6035277344915620	0.07425151685952060	0.9865389078611450	0.8193362289048770	7/12/23	July	Port_Clyde_ME2017	16
B0051	bor	W	51	7/9/17	FJ	Monhegan	Monhegan Island	43.764	-69.314	catmint						2/8/17	8/7/17	112.0		112.0		2017_1	51.0	2017	2126.5776298807600	Monhegan_Island	Monhegan_Island	1.0	69	2.20681538279447	-0.05192874238799710	0.06965418482973260	Monhegan7/9/17	0.4678122884861250	0.0014100925020681400	0.5092314055802060	0.0	0.012841242385500500	0.0	0.0	0.5092314055802060	0.46610137625028200	0.0	0.9881740242159890	0.9784537865683990	7/9/23	July	Monhegan_Island2017	17
B0052	vag	Q	52	7/9/17	FJ	Monhegan	Monhegan Island	43.764	-69.314	catmint						2/8/17	8/7/17	81.0		81.0		2017_1	52.0	2017	66.20776660673270	Monhegan_Island	Monhegan_Island	1.0	69	2.151576081977720	-0.02473088448918530	0.12870264887704200	Monhegan7/9/17	0.2807235899884060	0.0	0.7158494168996800	0.0002557457546204730	0.0	0.0011423310373047800	0.0019436677351156000	0.7158494168996800	0.28005865102639300	0.000153447452772284	0.9994032599058860	0.9965730068880860	7/9/23	July	Monhegan_Island2017	17
B0053	bor	W	53	7/9/17	FJ	Monhegan	Monhegan Island	43.764	-69.314	catmint						2/8/17	8/7/17	202.0		202.0		2017_1	53.0	2017	15758.57303451090	Monhegan_Island	Monhegan_Island	1.0	69	4.746093450309830	0.04806363137357700	0.11387594267090600	Monhegan7/9/17	0.9425623743644320	0.0015963107484923700	0.04067636277639830	0.0	0.008277166844034530	8.86839304717985E-05	0.0	0.04067636277639830	0.0010050845453470500	0.0016554333688069100	0.05170273146505850	0.9848350478893230	7/9/23	July	Monhegan_Island2017	17
B0054	bim	W	54	7/9/17	FJ	Monhegan	Monhegan Island	43.764	-69.314	catmint						2/8/17	8/7/17	43.0		43.0		2017_1	54.0	2017	27.156744423094400	Monhegan_Island	Monhegan_Island	1.0	69	2.838382430626420	0.071299367016635	0.21236598344958600	Monhegan7/9/17	0.0015552655571247300	0.00427251112819321	0.7344965051216500	0.05362984679740430	0.0	0.20438334614490800	0.0	0.7340674663472710	0.000393285543180965	0.0002502726183878870	0.9927242174511520	0.7403242818069680	7/9/23	July	Monhegan_Island2017	17
B0055	imp	W	55	7/9/17	FJ	New Harbor	Lincoln	43.8747	-69.4981	rosa rugosa						2/8/17	8/7/17	86.0		86.0		2017_1	55.0	2017	6257.223091157350	New Harbor	New Harbor	1.0	69	2.692116777855760	-0.015976237618235500	0.14575653983751500	New Harbor7/9/17	0.22402578714096600	0.0	0.7692971852875150	0.0	0.005660123947121010	0.0002494291908900790	0.0	0.7692971852875150	0.2224140908305990	0.0011895853719373000	0.9988104146280630	0.993322972428481	7/9/23	July	New Harbor2017	18
B0056	bim	Q	56	7/9/17	FJ	New Harbor	Lincoln	43.8747	-69.4981	rosa rugosa						2/8/17	8/7/17	58.0		58.0		2017_1	56.0	2017	5.914718942803790	New Harbor	New Harbor	0.0	69	2.841291329308240	-0.07920235434902570	-0.03024182560393340	New Harbor7/9/17	0.5298448463286890	0.0	0.2557235563461480	0.019962446882103000	0.0	0.011381230029317800	0.1804361432289090	0.2555423790229600	0.5262377705306850	0.00019764798893171300	0.9937576176829070	0.7855684026748360	7/9/23	July	New Harbor2017	18
B0057	bim	W	57	7/9/17	FJ	New Harbor	Lincoln	43.8747	-69.4981	rosa rugosa						2/8/17	8/7/17	98.0		98.0		2017_1	57.0	2017	2.460786498925020	New Harbor	New Harbor	0.0	69	2.909009519567990	-0.10598962141429000	-0.05421075921603250	New Harbor7/9/17	0.6814716956205830	0.0010568729770790700	0.20971002047691400	0.002166589603012090	0.001122927538146510	0.006473346984609290	0.09399564039896950	0.20956470044256600	0.3067573815971990	0.3741858775348440	0.994266464099346	0.8922385890745760	7/9/23	July	New Harbor2017	18
B0058	per	W	58	7/12/17	JG	Allen Island Garden	Allen Island	43.8755	-69.3114	jasmine					11:00	2/8/17	8/7/17	41.0		41.0		2017_1	58.0	2017	16.152493857431400	Allen_Island	Allen_Island	1.0	72	2.408048961222520	0.02159989292270930	0.20958138196473900	Allen Island Garden7/12/17	0.0023952305190831700	5.24503033375876E-05	0.9935835795583680	0.0	0.00295470042135077	0.00017483434445862500	0.0	0.9932863611727890	0.0008392048534014020	0.0005944367711593270	0.997849537563159	0.9960312603807890	7/12/23	July	Allen_Island2017	2
B0059	bim	W	59	7/12/17	JG	Allen Island Garden	Allen Island	43.8755	-69.3114	jasmine					11:00	2/8/17	8/7/17	109.0		109.0		2017_1	59.0	2017	1421.819701232590	Allen_Island	Allen_Island	1.0	72	2.685071212914200	-0.01159982727204520	0.1451854795902470	Allen Island Garden7/12/17	0.21725959529636500	0.006148152569689010	0.7608637258998390	0.0002984540082373310	0.009475914761535250	0.0	0.0007162896197695940	0.7608189577986030	0.21675222348236100	0.0	0.9880618396705070	0.9842714737658930	7/12/23	July	Allen_Island2017	2
B0060	ruf	W	60	7/12/17	JG	Allen Island Garden	Allen Island	43.8755	-69.3114	jasmine					11:00	2/8/17	8/7/17	62.0		62.0		2017_1	60.0	2017	6460.292936192210	Allen_Island	Allen_Island	1.0	72	18.1587938730719	0.0954142309879905	0.08413354095987420	Allen Island Garden7/12/17	0.14991601343785000	0.0046192609182530800	0.3072508398656220	0.0	0.062430011198208300	0.013577827547592400	0.015677491601343800	0.2813549832026880	0.1055431131019040	0.03527435610302350	0.5138577827547590	0.46178611422172500	7/12/23	July	Allen_Island2017	2
B0061	bim	W	61	7/12/17	JG	Herrier Gut	Knox	43.9238	-69.2552							2/8/17	8/7/17	80.0		80.0		2017_1	61.0	2017	4032.061385241170	Coast_Port_Clyde_ME	Port_Clyde_ME	1.0	72	3.475493457678520	0.050852702420202600	0.1138516472031460	Herrier Gut7/12/17	0.9563881702728130	5.87958607714017E-05	0.02492944496707430	0.0	0.005526810912511760	0.0	0.0	0.024444379115710300	0.0004556679209783630	0.00047036688617121400	0.030897224835371600	0.9813764111006580	7/12/23	July	Coast_Port_Clyde_ME2017	19
B0062	vag	W	62	7/12/17	JG	Tidal River; St. George	Knox	43.9432	-69.2303							2/8/17	8/7/17	54.0		54.0		2017_1	62.0	2017	36167.61048139000	Port_Clyde_ME	Port_Clyde_ME	1.0	72	5.449654150607450	0.05001796216225520	0.11407693513360200	Tidal River; St. George7/12/17	0.9964805825242720	0.0	0.002045769764216370	0.0	8.66851595006935E-05	0.0	0.0	0.0012482662968099900	0.00031206657420249700	0.00017337031900138700	0.001820388349514560	0.9985263522884880	7/12/23	July	Port_Clyde_ME2017	16
B0063	bim	W	63	7/12/17	JG	Herrier Gut	Knox	43.9238	-69.2552							2/8/17	8/7/17	120.0		120.0		2017_1	63.0	2017	19603.251003923	Coast_Port_Clyde_ME	Port_Clyde_ME	1.0	72	6.828734351806200	0.04660998664550390	0.1108094859986860	Herrier Gut7/12/17	0.973210685483871	0.0003276209677419360	0.015877016129032300	0.0	0.00919858870967742	0.0	0.0	0.015045362903225800	0.02283266129032260	0.005569556451612900	0.05264616935483870	0.9894153225806450	7/12/23	July	Coast_Port_Clyde_ME2017	19
B0064	bim	W	64	7/9/17	FJ	Monhegan	Monhegan Island	43.764	-69.314	catmint						3/8/17	8/7/17	64.0		64.0		2017_1	64.0	2017	17943.034284146800	Monhegan_Island	Monhegan_Island	1.0	69	3.670868373730290	0.04038262529312290	0.14665477950851600	Monhegan7/9/17	0.7372936596022060	0.0010746436939555700	0.25743882458643800	0.0	0.00031710797526557800	0.0	0.0	0.2570160139527510	0.0004404277434244140	0.0	0.2577735496714410	0.9958071278826000	7/9/23	July	Monhegan_Island2017	17
B0065	bim	W	65	7/9/17	FJ	Monhegan	Monhegan Island	43.764	-69.314	catmint						3/8/17	8/7/17	42.0		42.0		2017_1	65.0	2017	9541.112167258350	Monhegan_Island	Monhegan_Island	1.0	69	5.264912305242390	0.06482742673045270	0.08979297280193760	Monhegan7/9/17	0.9646403425063830	0.03275475201815700	0.0012637660227477900	0.0	0.0	0.0	0.0	0.0003610760064993680	0.00023212028989245100	0.00030949371985660100	0.0009026900162484200	0.998658860547288	7/9/23	July	Monhegan_Island2017	17
B0066	bim	W	66	7/9/17	FJ	Monhegan	Monhegan Island	43.764	-69.314	catmint						3/8/17	8/7/17	80.0		80.0		2017_1	66.0	2017	8284.24258893414	Monhegan_Island	Monhegan_Island	1.0	69	4.692307296379080	-0.10882478438016300	-0.06132452732968310	Monhegan7/9/17	0.8769928071731210	0.0	0.12210069957631300	0.0	0.0004729530002955960	0.0	0.0	0.12188392945117700	0.15575918809734900	0.7100798108188000	0.9881958813676220	0.9990935067494340	7/9/23	July	Monhegan_Island2017	17
B0067	bim	W	67	7/9/17	FJ	Monhegan	Monhegan Island	43.764	-69.314	catmint						3/8/17	8/7/17	64.0		64.0		2017_1	67.0	2017	21147.728961524600	Monhegan_Island	Monhegan_Island	1.0	69	3.597955347687960	0.06295241954201180	0.1095096816443120	Monhegan7/9/17	0.9082183989762550	0.02988293284041900	0.051850798616048200	0.0	0.0026067586141523300	0.0	0.0	0.05151902933788330	0.0009716100289113230	0.0008768188065785110	0.055974216787525500	0.9899521304327220	7/9/23	July	Monhegan_Island2017	17
B0068	bim	W	68	7/12/17	FJ	Tidal River; St. George	Knox	43.9432	-69.2303							3/8/17	8/7/17	88.0		88.0		2017_1	68.0	2017	37917.39608549300	Port_Clyde_ME	Port_Clyde_ME	1.0	72	7.189199136132170	0.05178369903617970	0.11341658167733600	Tidal River; St. George7/12/17	0.9889197362550200	0.0009915224827722970	0.0011650389172574500	0.0	7.43641862079223E-05	0.0	0.0	0.0003222448069009970	0.0	0.00017351643448515200	0.0005701254275940710	0.9910762976550500	7/12/23	July	Port_Clyde_ME2017	16
B0069	vag	W	69	7/12/17	FJ	Port Clyde	Knox	43.9271	-69.2524	rosa rugosa						3/8/17	8/7/17	96.0		96.0		2017_1	69.0	2017	13882.446355758500	Coast_Port_Clyde_ME	Port_Clyde_ME	1.0	72	13.65312744551230	0.043697394919285500	0.07406588624099230	Port Clyde7/12/17	0.9818030858645260	0.002513895615673790	0.004451209668119650	0.0	6.91897875873521E-05	0.0	0.0	0.00025369588782029100	0.0003690122004658780	0.00041513872552411300	0.0011070366013976300	0.9887681911483200	7/12/23	July	Coast_Port_Clyde_ME2017	20
B0070	tern	W	70	7/12/17	FJ	Port Clyde	Knox	43.9271	-69.2524	rosa rugosa						3/8/17	8/7/17	103.0		103.0		2017_1	70.0	2017	19092.94355368440	Coast_Port_Clyde_ME	Port_Clyde_ME	1.0	72	3.735607044052850	-0.055577486977423400	-0.021480357753419100	Port Clyde7/12/17	0.8978296738164740	0.0	0.000317299149638279	0.0	0.0	0.0	0.10150399796928500	0.000317299149638279	0.47721792105597200	0.0006028683843127300	0.579642086559208	0.8981469729661130	7/12/23	July	Coast_Port_Clyde_ME2017	20
B0071	bim	W	71	7/12/17	FJ	Tidal River; St. George	Knox	43.9432	-69.2303							3/8/17	8/7/17	43.0		43.0		2017_1	71.0	2017	10729.428833183000	Port_Clyde_ME	Port_Clyde_ME	1.0	72	2.450131854380610	0.05076310179511910	0.1125764241454700	Tidal River; St. George7/12/17	0.9952761551276910	0.0	0.0016870874543959200	0.0	0.000590480609038571	0.0	0.0	0.0002319745249794390	0.0002530631181593880	0.00033741749087918300	0.0014129357430565800	0.9969632425820870	7/12/23	July	Port_Clyde_ME2017	16
B0072	bim	W	72	8/4/17	JG	Animal Hospital	Hancock	44.5115	-68.1774							7/8/17	8/9/17	79.0		79.0		2017_1	72.0	2017	17687.790620375600	Hancock_ME	Hancock_ME	1.0	95	2.981583643561710	0.023862157813566500	0.0845969746206973	Animal Hospital8/4/17	0.9867126586929010	0.005388414907947910	0.0011021757766257100	8.16426501204229E-05	0.0003673919255419030	0.0	0.0	0.000530677225782749	0.11029922031269100	0.0	0.11127893211413600	0.9932032493774750	8/4/23	August	Hancock_ME2017	21
B0073	bim	W	73	8/4/17	JG	Animal Hospital	Hancock	44.5115	-68.1774							7/8/17	8/9/17	88.0		88.0		2017_1	73.0	2017	4555.090373323660	Hancock_ME	Hancock_ME	1.0	95	5.033836400297680	0.05092221966393870	0.1132638727061000	Animal Hospital8/4/17	0.9933461481591010	0.0032825669081768400	0.0010646162945438400	0.0	0.0	0.0	0.0	0.0005323081472719210	0.001419488392725120	0.0006505988466656810	0.0026023953866627200	0.9976933313618220	8/4/23	August	Hancock_ME2017	21
B0074	bim	W	74	8/4/17	JG	Animal Hospital	Hancock	44.5115	-68.1774							7/8/17	8/9/17	72.0		72.0		2017_1	74.0	2017	823.7648208071760	Hancock_ME	Hancock_ME	1.0	95	3.120316576391260	0.3301453793239350	-0.01802527449639630	Animal Hospital8/4/17	0.3855942612882620	0.503758659657053	0.0012774529553382800	0.028447894659264000	0.0	0.0	0.0	0.00034392964182184400	0.0014739841792364800	0.0008352577015673370	0.03110106618188970	0.8906303739006540	8/4/23	August	Hancock_ME2017	21
B0075	tern	W	75	8/4/17	JG	Knowlton Park	Hancock	44.5482	-68.4272							7/8/17	8/9/17	37.0		37.0		2017_1	75.0	2017	704.0410330871410	Ellsworth_ME	Ellsworth_ME	1.0	95	7.345833195064700	0.30576374379306800	-0.12267705073632600	Knowlton Park8/4/17	0.39526162056903800	0.5788828387003710	0.0037142548050917700	0.0	0.0	0.0	0.0	0.00021636435757816200	0.0	0.058418376546103600	0.058634740903681800	0.9778587140745010	8/4/23	August	Ellsworth_ME2017	22
B0076	tern	W	76	8/4/17	JG	Knowlton Park	Hancock	44.5482	-68.4272							7/8/17	8/9/17	27.0		27.0		2017_1	76.0	2017	6.567604643729720	Ellsworth_ME	Ellsworth_ME	0.0	95	4.665946356998440	-0.07450170495175340	-0.07497090512694880	Knowlton Park8/4/17	0.9804960734669360	0.011779599193236900	0.0027035145689396200	0.0	0.0012659314251383900	0.0	0.0	0.0	0.0	0.5962751577050170	0.5975410891301550	0.994979187229112	8/4/23	August	Ellsworth_ME2017	22
B0077	tern	W	77	8/4/17	JG	Knowlton Park	Hancock	44.5482	-68.4272							7/8/17	8/9/17	44.0		44.0		2017_1	77.0	2017	113.43134597499400	Ellsworth_ME	Ellsworth_ME	1.0	95	7.919635909365220	-0.11257959153215000	-0.09643555543334290	Knowlton Park8/4/17	0.9730045046504850	0.008814855624331590	0.0034027935314515300	0.00012963022976958200	0.008604206500956020	0.0	0.0	0.0015555627572349900	0.00024305668081796700	0.9218653790063840	0.9323978351751630	0.9852221538062680	8/4/23	August	Ellsworth_ME2017	22
B0078	imp	W	78	8/4/17	JG	Knowlton Park	Hancock	44.5482	-68.4272							7/8/17	8/9/17	48.0		48.0		2017_1	78.0	2017	57.93585281366210	Ellsworth_ME	Ellsworth_ME	1.0	95	3.156976238608170	0.3147773785014980	-0.14056210563009300	Knowlton Park8/4/17	0.19606013268142300	0.5972287030086630	0.038424864579740700	0.0011766853989572100	0.0015418636262198000	0.005071919823091440	0.012172607575419400	0.037978535635308700	0.15609340447546200	0.028605627802235700	0.2426406443366940	0.831713700269826	8/4/23	August	Ellsworth_ME2017	22
B0079	bor	W	79	8/4/17	JG	Knowlton Park	Hancock	44.5482	-68.4272							7/8/17	8/9/17	23.0		31.8	1.9	2017_1	79.0	2017	7172.388551063780	Ellsworth_ME	Ellsworth_ME	1.0	95	6.078544739270500	0.14693561843986600	0.04727820398892580	Knowlton Park8/4/17	0.4426656520721140	0.24484898150316100	0.2998419573870290	0.0	0.005619292905642710	0.0	0.0003219386560524470	0.2982615312573170	0.027276984312807300	0.004009599625380470	0.33548934675720000	0.9873565909623040	8/4/23	August	Ellsworth_ME2017	22
B0080	bim	W	80	8/4/17	FJ	Knowlton Park	Hancock	44.5482	-68.4272							8/8/17	8/9/17	89.0		89.0		2017_1	80.0	2017	2.4784128321271400	Ellsworth_ME	Ellsworth_ME	0.0	95	2.471163079152310	0.051065095354532800	0.004952533386854910	Knowlton Park8/4/17	0.9094550246776400	0.0007493733688209000	0.0008010542908085480	0.0	0.0	0.0	0.0	0.0002842450709320650	0.0004134473759011860	0.0006718519858394270	0.0013695444326726800	0.9110054523372700	8/4/23	August	Ellsworth_ME2017	22
B0081	bim	W	81	8/4/17	FJ	Knowlton Park	Hancock	44.5482	-68.4272							8/8/17	8/9/17	63.0		63.0		2017_1	81.0	2017	336.0181501057100	Ellsworth_ME	Ellsworth_ME	1.0	95	14.6691642500915	0.1564797779015130	-0.044765476728714500	Knowlton Park8/4/17	0.6289200103101640	0.15052839591030200	0.03325027923361110	0.0	0.0	0.0	0.0006014262393676430	0.00429590170976888	0.004811409914941150	0.004038147607182750	0.013746885471260400	0.8126986854540770	8/4/23	August	Ellsworth_ME2017	22
B0082	tern	W	82	8/4/17	FJ	Rt1; Site 2										8/8/17	8/9/17	38.0		38.0		2017_2	82.0	2017	3.232144900725860	Rt1; Site 2	Rt1; Site 2	0.0	95	1.99087546732243	-0.1259290560764420	-0.09592068299282200	Rt1; Site 28/4/17	0.9961736668657250	0.0002764691571008340	0.0003096454559529340	0.0	0.001935284099705840	0.0	0.0	0.0003096454559529340	0.0002543516245327670	0.9906885187888440	0.9931877999690350	0.9967597814787780	8/4/23	August	Rt1; Site 22017	23
B0083	tern	W	83	8/4/17	FJ	Rt1; Site 2										8/8/17	8/9/17	56.0		56.0		2017_2	83.0	2017	0.5966938590503730	Rt1; Site 2	Rt1; Site 2	0.0	95	12.15534683297920	-0.12255556948582300	-0.09793146440136540	Rt1; Site 28/4/17	0.9868699537508820	0.002704397585639260	0.001959708395390770	0.0	0.00011758250372344600	0.0	0.0	0.001959708395390770	0.0013326017088657200	0.9787567609939640	0.9821666536019440	0.9915340597319120	8/4/23	August	Rt1; Site 22017	23
B0084	tern	W	84	8/4/17	FJ	Rt1; Site 2										8/8/17	8/9/17	23.0		49.3	1.79	2017_2	84.0	2017	2.34408420509807	Rt1; Site 2	Rt1; Site 2	0.0	95	10.12005659256070	-0.03239263207157540	-0.15705891124303000	Rt1; Site 28/4/17	0.7483460431291350	0.10494419473764000	0.012474117468814700	0.0	0.0	0.0	0.0	0.0010100499974748800	0.11711529720721200	0.6038078884904800	0.7219332356951670	0.865764355335589	8/4/23	August	Rt1; Site 22017	23
B0085	bim	W	85	8/4/17	FJ	Knowlton Park	Hancock	44.5482	-68.4272							8/8/17	8/9/17	65.0		65.0		2017_2	85.0	2017	737.316738909637	Ellsworth_ME	Ellsworth_ME	1.0	95	2.562289379284720	0.11484005876027100	0.06684561515037260	Knowlton Park8/4/17	0.8525053058964660	0.1440250991971950	0.0015871551167297200	0.0	0.0009781304789148290	0.0	0.0	0.0009596751868598320	0.0002583740887699550	0.0007566669742548680	0.002952846728799480	0.9981175602103900	8/4/23	August	Ellsworth_ME2017	22
B0086	tern	W	86	8/4/17	FJ	Animal Hospital	Hancock	44.5115	-68.1774							8/8/17	8/9/17	42.0		42.0		2017_2	86.0	2017	1589.1880895515900	Hancock_ME	Hancock_ME	1.0	95	4.654569652516240	-0.08932088947819280	-0.06553339270652460	Animal Hospital8/4/17	0.994075269663806	0.00025588536335721600	0.0006495551531375480	0.0	0.0033265097236438100	0.0	0.0	0.0001771514054011500	0.8188528462325800	0.031119596882135300	0.8534761042437600	0.9949807101803010	8/4/23	August	Hancock_ME2017	21
B0087	tern	W	87	8/4/17	FJ	Animal Hospital	Hancock	44.5115	-68.1774							8/8/17	8/9/17	37.0		37.0		2017_2	87.0	2017	12742.257838220000	Hancock_ME	Hancock_ME	1.0	95	7.018204935396990	0.330151656803726	-0.04137210428945010	Animal Hospital8/4/17	0.35914074737077600	0.579746898386415	0.002386812858954280	0.0	0.008428432908182290	0.0	0.0	0.0002983516073692850	0.007956042863180930	0.018174585415578900	0.034857412794311400	0.9412744586161460	8/4/23	August	Hancock_ME2017	21
B0088	tern	W	88	8/4/17	FJ	Animal Hospital	Hancock	44.5115	-68.1774							8/8/17	8/9/17	50.0		50.0		2017_2	88.0	2017	1125.6422942475900	Hancock_ME	Hancock_ME	1.0	95	3.802082916294310	-0.03734518074781630	0.07098496626569250	Animal Hospital8/4/17	0.5336386889536610	0.019233438423254600	0.4419725179941710	0.0	0.004203596851268020	0.0	0.0	0.4419725179941710	0.18602898895564400	0.18091329090079900	0.8131183947018820	0.9948446453710860	8/4/23	August	Hancock_ME2017	21
B0089	vag	W	89	8/4/17	FJ	Great Wass Island Bridge	Great Wass Island	44.5073	-67.6008							8/8/17	8/9/17	92.0		92.0		2017_2	89.0	2017	5559.1946283907300	Great_Wass_Bridge	Great_Wass_Island	1.0	95	6.621969199683850	0.02590534991425050	0.10605961752319000	Great Wass Island Bridge8/4/17	0.8803558103915490	0.00017672701566979500	0.11118092919137600	0.0005890900522326510	0.0007265443977536030	0.0012370891096885700	0.0	0.11112202018615200	0.06703844794407570	0.000608726387307073	0.18132191807721000	0.991713466598594	8/4/23	August	Great_Wass_Bridge2017	24
B0090	tern	W	90	8/4/17	FJ	Great Wass Island Bridge	Great Wass Island	44.5073	-67.6008							8/9/17	8/9/17	45.0		45.0		2017_2	90.0	2017	3204.801283570740	Great_Wass_Bridge	Great_Wass_Island	1.0	95	3.837593394659260	0.0485813292316183	0.11225610443154500	Great Wass Island Bridge8/4/17	0.9993460367572440	0.0	0.00013530273988048300	0.0	0.0	0.0	9.02018265869884E-05	0.00013530273988048300	0.00018040365317397700	0.00031570639305445900	0.000721614612695907	0.9994813394971250	8/4/23	August	Great_Wass_Bridge2017	24
B0091	tern	W	91	8/4/17	FJ	Great Wass Island Bridge	Great Wass Island	44.5073	-67.6008							8/9/17	8/9/17	54.0		54.0		2017_2	91.0	2017	2534.6494668921200	Great_Wass_Bridge	Great_Wass_Island	1.0	95	3.375251825106200	-0.007665883431195520	0.0390015893111169	Great Wass Island Bridge8/4/17	0.9670003932125470	0.023260034481715600	0.0001512355948095940	0.0	0.009013641450651830	0.0	0.0	0.0001512355948095940	0.0002722240706572700	0.32119415625661700	0.33063125737273500	0.9904116632890720	8/4/23	August	Great_Wass_Bridge2017	24
B0092	tern	W	92	8/4/17	FJ	Great Wass Island Bridge	Great Wass Island	44.5073	-67.6008							8/9/17	8/9/17	52.0		52.0		2017_2	92.0	2017	28139.48469451350	Great_Wass_Bridge	Great_Wass_Island	1.0	95	5.142058047710190	0.04978203653646760	0.1142293667432810	Great Wass Island Bridge8/4/17	0.9939868015389710	0.0003312355084465060	0.00040767447193416100	0.004739215736234620	0.0	0.0	0.0	0.00040767447193416100	0.0	0.0005605523989094710	0.005707442607078250	0.9947257115193520	8/4/23	August	Great_Wass_Bridge2017	24
B0093	tern	W	93	8/4/17	FJ	Rt1; Site 4										8/9/17	8/9/17	58.0		58.0		2017_2	93.0	2017	2.7425694016128400	Rt1; Site 4	Rt1; Site 4	0.0	95	3.160974140849870	-0.12422739680174700	-0.09474882871011050	Rt1; Site 48/4/17	0.9985460744008820	0.0002256091446906650	0.0002256091446906650	0.0	0.0	0.0	0.0	0.0002256091446906650	0.14514188308432800	0.8487917376917680	0.9941592299207860	0.9989972926902640	8/4/23	August	Rt1; Site 42017	25
B0094	tern	W	94	8/4/17	FJ	Rt1; Site 4										8/9/17	8/9/17	47.0		47.0		2017_2	94.0	2017	4.451476605648810	Rt1; Site 4	Rt1; Site 4	0.0	95	2.099323603036080	0.1896054212737410	0.04975382340130120	Rt1; Site 48/4/17	0.34736198365486200	0.32840384722299400	0.316784344248624	0.0	0.00511480513704342	0.0	0.0	0.316784344248624	0.00403068883082226	0.01456607549897150	0.3404959137154610	0.9925501751264800	8/4/23	August	Rt1; Site 42017	25
B0095	tern	W	95	8/4/17	FJ	Rt1; Site 4										8/9/17	8/9/17	53.0		53.0		2017_2	95.0	2017	38029.46326204040	Rt1; Site 4	Rt1; Site 4	1.0	95	5.941367921910060	0.03971994177925010	0.10394245391462300	Rt1; Site 48/4/17	0.9702156882694070	0.0017041408078136100	0.02691016380099710	5.08698748601078E-05	0.0003560891240207550	0.0	0.0	0.02691016380099710	0.015260962458032400	0.0002289144368704850	0.04280699969478080	0.9988299928782180	8/4/23	August	Rt1; Site 42017	25
B0096	imp	W	96	8/4/17	FJ	Great Wass Island Bridge	Great Wass Island	44.5073	-67.6008							8/9/17	8/9/17	67.83		67.83		2017_2	96.0	2017	14.907713718371100	Great_Wass_Bridge	Great_Wass_Island	1.0	95	4.501002148687100	-0.11118854684517500	-0.07631583648050920	Great Wass Island Bridge8/4/17	0.747228160890966	0.000919803112414856	0.1504996768259340	0.0	0.0	0.0031571620345050500	0.09476458012230900	0.1504996768259340	0.4512752945855910	0.28056480883011000	0.9802615223984490	0.8986476408293140	8/4/23	August	Great_Wass_Bridge2017	24
B0097	imp	W	97	8/4/17	FJ	Great Wass Island Bridge	Great Wass Island	44.5073	-67.6008							8/9/17	8/9/17	57.12		57.12		2017_2	97.0	2017	2.769028756868020	Great_Wass_Bridge	Great_Wass_Island	0.0	95	2.298671889336780	-0.1275184476610490	-0.14603719135726800	Great Wass Island Bridge8/4/17	0.8243917937545390	4.53885257806826E-05	0.0004992737835875090	0.0009531590413943360	0.0	0.00120279593318809	0.17279411764705900	0.0004992737835875090	0.7812726942628900	0.04148511256354390	0.998207153231663	0.8249364560639070	8/4/23	August	Great_Wass_Bridge2017	24
B0098	vag	M	98	8/4/17	FJ	Great Wass Island Middle	Great Wass Island	44.4715	-67.5827							8/9/17	8/9/17	54.72		54.72		2017_2	98.0	2017	13395.129164297300	Great_Wass_Island	Great_Wass_Island	1.0	95	3.630685245498630	0.020191252452128300	0.09310735976727000	Great Wass Island Middle8/4/17	0.9967410686835150	6.14892701223637E-05	0.0003381909856730000	0.0	0.002644038615261640	0.0	0.0	0.0002767017155506360	0.0003996802557953640	0.00021521244542827300	0.0035356330320359100	0.9971407489393100	8/4/23	August	Great_Wass_Island2017	26
B0100	vag	W	100	8/4/17	FJ	Great Wass Island Middle	Great Wass Island	44.4715	-67.5827							8/9/17	8/9/17	72.24		72.24		2017_2	100.0	2017	10197.730889475300	Great_Wass_Island	Great_Wass_Island	1.0	95	1.126274142795550	0.04881280323017990	0.11285357038779800	Great Wass Island Middle8/4/17	0.9881972436098570	0.0	0.011247616519031600	0.00024136516135261000	0.0	0.0	0.0	0.011247616519031600	0.00043445729043469900	0.0007723685163283530	0.012695807487147300	0.999444860128889	8/4/23	August	Great_Wass_Island2017	26
B0101	tern	W	101	8/4/17	JG	Rt 1; Site 3										8/9/17	8/10/17	36.18		36.18		2017_2	101.0	2017	836.7969728539850	Rt 1; Site 3	Rt 1; Site 3	1.0	95	13.2366649593886	0.09865281178987380	0.08597387773767190	Rt 1; Site 38/4/17	0.8765782438823770	0.09002673246966890	0.002426485708410450	0.0	0.0001645075056549460	0.0	0.00024676125848241800	0.002426485708410450	0.0030022619782027600	0.018219206251285200	0.024059222702035800	0.9690314620604570	8/4/23	August	Rt 1; Site 32017	27
B0102	tern	W	102	8/4/17	JG	Rt 1; Site 3										8/9/17	8/10/17	30.12		30.12		2017_2	102.0	2017	475.66073764990500	Rt 1; Site 3	Rt 1; Site 3	1.0	95	5.047727778842930	-0.017138834604201400	0.1473120831471940	Rt 1; Site 38/4/17	0.2052394529151690	0.0008470724350233460	0.7851328457501760	0.00016528242634601900	0.008408743440353710	0.0	0.0	0.7851328457501760	0.00039254576257179500	0.2042477583570930	0.9983471757365400	0.9912193711003680	8/4/23	August	Rt 1; Site 32017	27
B0103	tern	W	103	8/4/17	JG	Rt 1; Site 3										8/9/17	8/10/17	44.07		44.07		2017_2	103.0	2017	42.71286653003760	Rt 1; Site 3	Rt 1; Site 3	1.0	95	2.507100629974940	-0.06869307792695480	0.03320583461841890	Rt 1; Site 38/4/17	0.5818732148186040	0.003453126998337380	0.4071492518224840	0.0	0.003218655412030520	0.0	0.004007332565971780	0.4071492518224840	0.5813829560472350	0.0	0.9957581958477210	0.9924755936394250	8/4/23	August	Rt 1; Site 32017	27
B0104	tern	W	104	8/4/17	JG	Rt 1; Site 3										8/9/17	8/10/17	43.23		43.23		2017_2	104.0	2017	3.616368588073340	Rt 1; Site 3	Rt 1; Site 3	0.0	95	5.660145949233820	-0.12156510156087400	-0.09810060733686150	Rt 1; Site 38/4/17	0.9859147485531570	0.001849845405776800	0.002589783568087520	0.0	0.0	0.0	0.0	0.002061256309294150	0.0003171163552760230	0.9748156761184960	0.977194048783066	0.9903543775270210	8/4/23	August	Rt 1; Site 32017	27
B0105	imp	W	105	8/4/17	JG	Rt 1; Site 3										8/9/17	8/10/17	66.51		66.51		2017_2	105.0	2017	43.67550422498310	Rt 1; Site 3	Rt 1; Site 3	1.0	95	2.289852839280150	-0.12765044740538800	-0.17091302779197700	Rt 1; Site 38/4/17	0.7314217042564490	0.00039126910930382000	0.001034068360302950	0.0	0.0	0.001509180850171880	0.2641345965736010	0.001034068360302950	0.6905899779212430	0.014672591598893300	0.9719404153042120	0.7328470417260560	8/4/23	August	Rt 1; Site 32017	27
B0106	vag	W	106	8/4/17	JG	Rt1; Site 4										8/9/17	8/10/17	26.31		26.31		2017_2	106.0	2017	730.8449104714570	Rt1; Site 4	Rt1; Site 4	1.0	95	8.71097352984525	0.007904014586926470	-0.0004693697010363880	Rt1; Site 48/4/17	0.8810349897089090	0.0012349309026756800	0.04892678623934140	0.0	0.016230520435166100	0.0	0.02957953543075570	0.04892678623934140	0.0893854748603352	0.01564245810055870	0.19976477506615700	0.9311967068509260	8/4/23	August	Rt1; Site 42017	25
B0107	bor	W	107	8/4/17	JG	Rt 1; Site 3										8/9/17	8/10/17	39.18		39.18		2017_2	107.0	2017	7961.593105927940	Rt 1; Site 3	Rt 1; Site 3	1.0	95	8.553299875322600	-0.01998406536522230	0.13059242786467900	Rt 1; Site 38/4/17	0.28782495334986300	0.0007412898443291330	0.6821655888141920	0.0	0.021241788297845100	0.0	0.0037831343779555700	0.6821655888141920	0.25630735410649000	0.0009969070320288340	0.9644947726285120	0.9707318320083840	8/4/23	August	Rt 1; Site 32017	27
B0108	tern	W	108	8/4/17	FJ	Great Wass Island Middle	Great Wass Island	44.4715	-67.5827							8/9/17	8/10/17	35.46		35.46		2017_2	108.0	2017	2295.4458783093000	Great_Wass_Island	Great_Wass_Island	1.0	95	3.434013736727950	-0.1192576459029260	-0.09868863630751540	Great Wass Island Middle8/4/17	0.9888738425502320	0.009662189364271860	0.00012199734045797800	7.31984042747868E-05	0.0	0.0	2.43994680915956E-05	0.00012199734045797800	0.000182996010686967	0.9655601507887130	0.9659627420122240	0.9986580292549620	8/4/23	August	Great_Wass_Island2017	26
B0109	tern	W	109	8/4/17	FJ	Great Wass Island Middle	Great Wass Island	44.4715	-67.5827							8/9/17	8/10/17	29.34		29.34		2017_2	109.0	2017	9.0946262414745	Great_Wass_Island	Great_Wass_Island	0.0	95	4.11978997422854	0.12764918714625100	-0.2151809421561180	Great Wass Island Middle8/4/17	0.5135875668148950	0.481785922831604	0.0005839284912186140	0.0	0.0	0.0	0.0	0.0002919642456093070	0.03999910164847510	0.46941113057539400	0.5097021964694790	0.9959574181377170	8/4/23	August	Great_Wass_Island2017	26
B0110	tern	W	110	8/4/17	FJ	Great Wass Island Middle	Great Wass Island	44.4715	-67.5827							8/9/17	8/10/17	41.64		41.64		2017_2	110.0	2017	17.378515148181100	Great_Wass_Island	Great_Wass_Island	0.0	95	2.942073459756730	-0.10649090699145500	-0.10878937128517100	Great Wass Island Middle8/4/17	0.9609154734921780	0.03799730959883540	0.00036854810474137100	0.0	0.00022112886284482300	0.0	0.0	0.00036854810474137100	0.05211270201042990	0.9046566053034070	0.9573589842814230	0.9992813311957540	8/4/23	August	Great_Wass_Island2017	26
B0111	vag	M	111	8/4/17	FJ	Great Wass Island Middle	Great Wass Island	44.4715	-67.5827							8/9/17	8/10/17	57.06		57.06		2017_2	111.0	2017	4.549586667452080	Great_Wass_Island	Great_Wass_Island	0.0	95	3.227015223888200	0.096985276037077	-0.18620141732279400	Great Wass Island Middle8/4/17	0.6046511627906980	0.3372317934415910	0.00040484008816517500	0.0	0.0	0.0	0.0	0.00040484008816517500	0.000719715712293644	0.0006747334802752910	0.00179928928073411	0.9422877963204540	8/4/23	August	Great_Wass_Island2017	26
B0112	tern	W	112	8/4/17	FJ	Great Wass Island Tip	Great Wass Island	44.4493	-67.5871							10/8/17	8/10/17	45.78		45.78		2017_2	112.0	2017	29231.68783738960	Great_Wass_Island	Great_Wass_Island	1.0	95	1.499649863193630	-0.08186680839938620	-0.04619817219310070	Great Wass Island Tip8/4/17	0.9984547916176120	0.0	0.00048563692017895000	0.0006916647044972920	0.0	0.0	0.0	0.00048563692017895000	0.0294178243465976	0.6217624205321400	0.6523575465034140	0.9989404285377910	8/4/23	August	Great_Wass_Island2017	28
B0113	tern	W	113	8/4/17	FJ	Great Wass Island Tip	Great Wass Island	44.4493	-67.5871							10/8/17	8/10/17	38.28		38.28		2017_2	113.0	2017	146.79545089731700	Great_Wass_Island	Great_Wass_Island	1.0	95	5.817268354327170	-0.14155618320705400	-0.14850289802896400	Great Wass Island Tip8/4/17	0.8582638317866790	7.04804416774345E-05	0.0036414894866674500	0.0	0.0	0.0	0.13656760249030900	0.0032421003171619900	0.17340538000704800	0.6751556443087040	0.9883707271232230	0.8619758017150240	8/4/23	August	Great_Wass_Island2017	28
B0115	vag	M	115	8/4/17	FJ	Great Wass Island Tip	Great Wass Island	44.4493	-67.5871							10/8/17	8/10/17	41.07		41.07		2017_2	115.0	2017	12099.276986452200	Great_Wass_Island	Great_Wass_Island	1.0	95		0.2323741884682000	-0.10792470891048200	Great Wass Island Tip8/4/17	0.3087540864511440	0.2117689792953140	0.010170722847802400	0.0	0.0	0.0	0.0	0.006538321830730110	0.0032691609153650600	0.006538321830730110	0.01634580457682530	0.5306937885942610	8/4/23	August	Great_Wass_Island2017	28
B0116	bim	M	116	8/4/17	FJ	Great Wass Island Middle	Great Wass Island	44.4715	-67.5827							10/8/17	8/10/17	45.03		45.03		2017_2	116.0	2017	5069.298257289420	Great_Wass_Island	Great_Wass_Island	1.0	95	11.31821921690310	-0.055318566141305300	-0.04421620575574240	Great Wass Island Middle8/4/17	0.9329435778544970	0.0005795932767179900	0.0020159766146712700	0.0	0.0	0.0	0.0	0.00032759619988408100	0.10689715999294400	0.49645944107048400	0.6036841972633120	0.9355391477458860	8/4/23	August	Great_Wass_Island2017	26
B0117	vag	M	117	8/4/17	FJ	Great Wass Island Middle	Great Wass Island	44.4715	-67.5827							10/8/17	8/11/17	46.2		46.2		2017_2	117.0	2017	995.4224798296720	Great_Wass_Island	Great_Wass_Island	1.0	95	2.362358440050900	-0.1355121622333140	-0.09580362530538200	Great Wass Island Middle8/4/17	0.9992903508588840	4.17440671244599E-05	0.0002087203356223000	0.0	0.0	0.0	0.0	0.0002087203356223000	0.08342551814823320	0.4635678654171280	0.5472021039009830	0.9995408152616310	8/4/23	August	Great_Wass_Island2017	26
B0118	bim	M	118	8/4/17	FJ	Great Wass Island Middle	Great Wass Island	44.4715	-67.5827							10/8/17	8/11/17	136.26		136.26		2017_2	118.0	2017	4.529332188402390	Great_Wass_Island	Great_Wass_Island	1.0	95		-0.08768404824425630	-0.12244053462254900	Great Wass Island Middle8/4/17	0.6890904509952130	0.02040816326530610	0.008062484252960440	0.0	0.0	0.0	0.0	0.004787100025195260	0.048626858150667700	0.25144872763920400	0.30486268581506700	0.7175610985134800	8/4/23	August	Great_Wass_Island2017	26
B0119	terri	W	119	8/4/17	FJ	Great Wass Island Middle	Great Wass Island	44.4715	-67.5827							10/8/17	8/11/17	116.61		116.61		2017_2	119.0	2017	23670.15941045210	Great_Wass_Island	Great_Wass_Island	1.0	95	3.89226181468806	-0.07049657263193160	-0.035248133609669100	Great Wass Island Middle8/4/17	0.9770919400567030	8.10044552450385E-05	0.013851761846901600	0.007549615228837590	0.0	0.0	0.0	0.013819360064803600	0.6945484001620090	0.00014580801944106900	0.7160631834750910	0.9910247063588500	8/4/23	August	Great_Wass_Island2017	26
B0120	vag	M	120	8/4/17	FJ	Great Wass Island Middle	Great Wass Island	44.4715	-67.5827							10/8/17	8/11/17	122.25		122.25		2017_2	120.0	2017	10.102805097151200	Great_Wass_Island	Great_Wass_Island	1.0	95	3.596489311140230	-0.12574332269200500	-0.0952882670198756	Great Wass Island Middle8/4/17	0.9993452545504810	5.81995955128112E-05	0.0004364969663460840	0.0	0.0	0.0	0.0	0.0004364969663460840	0.0702760115817195	0.9265957601594670	0.9973082687075320	0.9998399511123400	8/4/23	August	Great_Wass_Island2017	26
B0121	bim	M	121	8/4/17	FJ	Great Wass Island Middle	Great Wass Island	44.4715	-67.5827							10/8/17	8/11/17	126.03		126.03		2017_2	121.0	2017	1449.8615907091900	Great_Wass_Island	Great_Wass_Island	1.0	95	3.442017398309590	0.013531997840781400	-0.07849565281436200	Great Wass Island Middle8/4/17	0.5992590877517940	0.00018522806205140100	0.0012965964343598100	0.0	0.0	0.0	0.0	0.0010650613567955500	0.003287798101412360	0.003982403334105120	0.008335262792313030	0.6007409122482060	8/4/23	August	Great_Wass_Island2017	26
B0122	tern	W	122	8/4/17	JG	Great Wass Island Tip	Great Wass Island	44.4493	-67.5871							10/8/17	8/11/17	30.42		30.42		2017_2	122.0	2017	7840.16073140429	Great_Wass_Island	Great_Wass_Island	1.0	95	3.203190519674270	0.04748258074305910	0.11984006705352600	Great Wass Island Tip8/4/17	0.9327794246586780	0.0	0.06246085758423450	0.0	0.003966431464239490	0.0	0.0	0.06241910567408460	0.00027138741597428100	0.00033401528119911500	0.06699093983549750	0.9952402822429130	8/4/23	August	Great_Wass_Island2017	28
B0123	bor	W	123	8/4/17	JG	Rt 1; Site 3										10/8/17	8/11/17	35.91		35.91		2017_2	123.0	2017	10683.050339616600	Rt 1; Site 3	Rt 1; Site 3	1.0	95	2.210668944722440	0.048549425870409400	0.11667630293236	Rt 1; Site 38/4/17	0.953356256540589	0.0012126044417866800	0.04288965299579740	0.0012956595405391900	0.0008305509875251240	0.0	0.0	0.04288965299579740	0.0012126044417866800	0.0004152754937625620	0.046643743459411000	0.9974585139781730	8/4/23	August	Rt 1; Site 32017	27
B0124	tern	W	124	8/4/17	FJ	Rt 1; Site 6										11/8/17	8/11/17	25.35		25.35		2017_2	124.0	2017	8.881247480848730	Rt 1; Site 6	Rt 1; Site 6	0.0	95	10.02650264408710	-0.09684231992121350	-0.1175660535187860	Rt 1; Site 68/4/17	0.8942446043165470	0.03856115107913670	0.0018705035971223000	0.0	0.0	0.0	0.0	0.0018705035971223000	0.002158273381294960	0.06589928057553960	0.06992805755395680	0.9346762589928060	8/4/23	August	Rt 1; Site 62017	29
B0125	tern	W	125	8/4/17	FJ	Rt 1; Site 6										11/8/17	8/11/17	31.71		31.71		2017_2	125.0	2017	10763.525297673100	Rt 1; Site 6	Rt 1; Site 6	1.0	95	6.98560063151459	0.08184183418299780	0.10075900439800700	Rt 1; Site 68/4/17	0.8911168211434340	0.0646814107858432	0.027759933926768800	0.0	0.013734667033740200	0.0	0.0	0.027759933926768800	0.00026001040041601700	0.00030589458872472500	0.042060505949649700	0.9835581658560460	8/4/23	August	Rt 1; Site 62017	29
B0126	tern	W	126	8/4/17	FJ	Rt 1; Site 6										11/8/17	8/11/17	32.16		32.16		2017_2	126.0	2017	14202.710376249500	Rt 1; Site 6	Rt 1; Site 6	1.0	95	4.88762539044153	-0.12127257595833900	-0.09764255804374320	Rt 1; Site 68/4/17	0.9919140306055260	0.0031079621776806200	0.0023704796270445400	0.0	0.0	0.0	0.0	0.0023704796270445400	0.0004214186003634740	0.9594911370400610	0.9622830352674690	0.997392472410251	8/4/23	August	Rt 1; Site 62017	29
B0127	tern	W	127	8/4/17	FJ	Rt 1; Site 5										11/8/17	8/11/17	31.26		31.26		2017_2	127.0	2017	36705.70412564760	Rt 1; Site 5	Rt 1; Site 5	1.0	95	8.240825880682230	0.14090560759424100	0.12487448847272000	Rt 1; Site 58/4/17	0.12017824067860300	0.24722841113467400	0.5841945615118250	0.0	0.01656242450272460	0.0	0.0	0.5841945615118250	0.054035916570477500	0.0012884868332751700	0.656081389418302	0.9516012133251010	8/4/23	August	Rt 1; Site 52017	30
B0128	tern	W	128	8/4/17	FJ	Rt 1; Site 5										11/8/17	8/11/17	20.46		31.7	1.87	2017_2	128.0	2017	38091.72516225690	Rt 1; Site 5	Rt 1; Site 5	1.0	95	9.360634880825250	-0.10805902144388100	-0.0541925214422861	Rt 1; Site 58/4/17	0.8376246561210450	0.0026005845942228300	0.15794790233837700	0.0	0.0	0.0	0.0	0.1578834250343880	0.000171939477303989	0.8325309491059150	0.9905863136176070	0.9981731430536450	8/4/23	August	Rt 1; Site 52017	30
B0129	tern	W	129	8/4/17	FJ	Rt 1; Site 5										11/8/17	8/11/17	27.96		27.96		2017_2	129.0	2017	2.45083824782724	Rt 1; Site 5	Rt 1; Site 5	0.0	95	4.892355023279930	-0.08151232486278930	0.027157003551955100	Rt 1; Site 58/4/17	0.5858727378867480	0.0005604203152364270	0.41286631640397000	0.0	0.0	0.0	4.67016929363689E-05	0.41286631640397000	0.06701692936368940	0.5168709865732630	0.9968009340338590	0.9992994746059550	8/4/23	August	Rt 1; Site 52017	30
B0130	bor	W	130	8/4/17	FJ	Great Wass Island Tip	Great Wass Island	44.4493	-67.5871							11/8/17	8/11/17	67.98		67.98		2017_2	130.0	2017	1.164459452276	Great_Wass_Island	Great_Wass_Island	0.0	95	1.921682360044530	-0.015393194893537600	0.04577105274518810	Great Wass Island Tip8/4/17	0.42366918685388100	0.0	0.41789847245795400	0.005431260607930880	0.0	0.009072673970066350	0.0	0.41789847245795400	0.42197191791390200	0.0006789075759913590	0.8550532325258450	0.8415676593118350	8/4/23	August	Great_Wass_Island2017	28
B0131	tern	W	131	8/8/17	FJ	Colby College; Pierce Dorm	Kennebec	44.5653	-69.6625							11/8/17	8/11/17	132.78		132.78		2017_2	131.0	2017	1.3546971668401300	Colby_College	Colby_College	0.0	99	3.137219841350590	-0.10835876121679100	-0.07398638586623360	Colby College; Pierce Dorm8/8/17	0.8841396841950890	0.00690925090032102	0.09327488715433380	0.001596949500545900	0.00026072644906871800	0.00684406928805384	0.000684406928805384	0.09327488715433380	0.06850587449280560	0.814998288982678	0.9861652027962910	0.9843238222497430	8/8/23	August	Colby_College2017	31
B0133	imp	W	133	8/30/17	FJ	Allen Island	Allen Island	43.8755	-69.3113							2017-13-09	10/20/17	117.9		117.9		2017_2	132.0	2017	307.0125569819500	Allen_Island	Allen_Island	1.0	121	2.454497829499850	-0.10467463451960200	-0.04979829616348490	Allen Island8/30/17	0.7049132868289720	0.0	0.20656759215859300	0.0010201549532658700	0.00026193167718988700	0.0002067881662025420	0.08424549891091570	0.20656759215859300	0.5114698502853680	0.19217513579089600	0.9959469519424300	0.9114808789875650	8/30/23	August	Allen_Island2017	32
B0134	imp	W	134	8/30/17	FJ	Allen Island	Allen Island	43.8755	-69.3113							2017-13-09	10/20/17	73.53		73.53		2017_2	133.0	2017	78717.15734887190	Allen_Island	Allen_Island	1.0	121	3.527142665384620	0.05170504105573980	0.11206971816798000	Allen Island8/30/17	0.9902351378798530	0.00017576751816264400	0.000429653933286462	0.0	0.0	0.0	0.0	0.000429653933286462	0.0005468322787282240	0.0007030700726505740	0.0016795562846652600	0.9908405593313020	8/30/23	August	Allen_Island2017	32
B0135	per	W	135	7/3/17	FJ	271 Parameter Hill Rd	Waldo	44.43	-69.4753							2017-16-09	10/20/17	22.11		54.9	1.82	2017_2	134.0	2017	3.150899263797950	Palermo_ME	Palermo_ME	0.0	63	4.100886062933660	-0.10938196341129800	-0.08640271102352310	271 Parameter Hill Rd7/3/17	0.989647642412315	0.002642007926023780	0.0015097188148707300	0.0	0.0	0.0	0.0	0.001321003963011890	0.0007548594074353650	0.0012401261693581000	0.003315989539805350	0.9937993691532090	7/3/23	July	Palermo_ME2017	33
B0136	vag	W	136	8/9/17	FJ	The Forks	Somerset	45.335	-69.9669							2017-16-09	10/20/17	28.35		28.35		2017_2	135.0	2017	5.941722507895760	The_Forks_ME	The_Forks_ME	0.0	100	2.79282095952769	-0.11532031696861300	-0.08649849872356700	The Forks8/9/17	0.97982531676713	0.015869110591708700	0.0007227211219092140	0.0	0.0	0.0	0.0	0.00046131135441013700	0.0005228195349981550	0.00021527863205806400	0.0011994095214663600	0.9964171484807480	8/9/23	August	The_Forks_ME2017	34
B0137	bor	W	137	8/7/17	FJ	Smithfield	Somerset	44.6342	-69.8252							2017-16-09	10/20/17	65.85		65.85		2017_2	136.0	2017	1.5096888899136800	Smithfield	Smithfield	0.0	98	4.510774302878710	-0.045145155989683600	0.06303589451603560	Smithfield8/7/17	0.46424550086833700	0.0	0.4866505085974920	0.019714116681616100	0.0	0.0215271283803126	0.0012023130212408600	0.4866505085974920	0.46208897116357200	0.0004198553407507780	0.9916028931849840	0.9508960094658290	8/7/23	August	Smithfield2017	35
B0139	bor	M	139	8/9/17	FJ	Quarry Rd; Waterville	Kennebec	44.5829	-69.658	purple loosestrife					8:45	2017-16-09	10/20/17	68.1		68.1		2017_2	138.0	2017	0.3501766073889600	Colby_College	Colby_College	0.0	100	3.5102535273011	0.08644687802414720	0.0730901569429963	Quarry Rd; Waterville8/9/17	0.1750280933949310	0.004544887002122610	0.3391684355100510	0.039380696716194300	0.0	0.053939318266949700	0.025471344737170700	0.3391684355100510	0.15382694468722700	0.0	0.6117867399175930	0.5187414159071050	8/9/23	August	Colby_College2017	36
B0140	bor	W	140	8/30/17	FJ	Allen Island	Allen Island	43.8755	-69.3113							3/10/17	10/20/17	47.16		47.16		2017_2	139.0	2017	7.823566956331580	Allen_Island	Allen_Island	0.0	121	2.057807812981900	-0.00189764667860147	0.15831337515161000	Allen Island8/30/17	0.1682781273131010	0.004140451517394520	0.8174962990377500	0.0	0.0	0.0034696521095484800	0.0	0.8174962990377500	0.1678617690599560	0.0002775721687638790	0.9891052923760180	0.9899148778682460	8/30/23	August	Allen_Island2017	32
B0141	imp	W	141	8/30/17	FJ	Allen Island	Allen Island	43.8755	-69.3113							3/10/17	10/20/17	63.9		63.9		2017_2	140.0	2017	240.401479145834	Allen_Island	Allen_Island	1.0	121	5.206641412991390	-0.10565013838241300	-0.0524042352419073	Allen Island8/30/17	0.7077813970322110	0.0024791892870068800	0.20139341295693100	0.003510676800579080	0.0034201954397394100	0.0033659066232356100	0.0739956568946797	0.20139341295693100	0.31559898660875900	0.391585233441911	0.9928700687658340	0.911653999276149	8/30/23	August	Allen_Island2017	32
B0142	ruf	W	142	8/30/17	FJ	Allen Island	Allen Island	43.8755	-69.3113							3/10/17	10/20/17	53.91		53.91		2017_2	141.0	2017	6993.106464533800	Allen_Island	Allen_Island	1.0	121	4.435631887870600	-0.15332927915827000	-0.09227786985436110	Allen Island8/30/17	0.9921750310338710	0.0014408583082106800	0.0025935449547792200	0.00013300230537329300	6.65011526866466E-05	0.0	0.0005098421705976240	0.0025935449547792200	0.0013078560028373800	0.004034403262989890	0.008645149849264050	0.9962094342968610	8/30/23	August	Allen_Island2017	32
B0143	imp	W	143	8/30/17	FJ	Allen Island	Allen Island	43.8755	-69.3113							3/10/17	10/20/17	70.68		70.68		2017_2	142.0	2017	2.3175625523114300	Allen_Island	Allen_Island	0.0	121	3.166428367280380	-0.09716313487043180	-0.14426563520532100	Allen Island8/30/17	0.7856429536509430	0.042912530106326700	0.02346824883980500	0.0	0.0024378781648358100	0.004758268225342180	0.12433178640662600	0.02346824883980500	0.6316160488750510	0.15185337484579700	0.9384656053574580	0.8520237325970750	8/30/23	August	Allen_Island2017	32
B0144	bor	M	144	8/30/17	FJ	Allen Island	Allen Island	43.8755	-69.3113							3/10/17	10/20/17	72.27		72.27		2017_2	143.0	2017	7690.03860742484	Allen_Island	Allen_Island	1.0	121	2.563951743307410	0.021622678528563300	0.09209500628471070	Allen Island8/30/17	0.295876973004868	0.10233810296503900	0.5890986871219940	0.0	0.0	0.002083640654963860	0.0	0.5890433692285000	0.29453090426316600	0.0	0.8856579141466290	0.9873137630919020	8/30/23	August	Allen_Island2017	32
B0145	bor	Q	145	8/30/17	FJ	Allen Island	Allen Island	43.8755	-69.3113							8/10/17	10/20/17	225.48		225.48		2017_2	144.0	2017	56.93527833125630	Allen_Island	Allen_Island	1.0	121	2.691586589582810	-0.044505806381350300	0.07487046197900880	Allen Island8/30/17	0.44151111577181200	0.0004456795302013420	0.5397441275167790	0.0018089345637583900	5.24328859060403E-05	0.010774958053691300	5.24328859060403E-05	0.5397441275167790	0.4202233640939600	0.0009437919463087250	0.9736000419463090	0.9817009228187920	8/30/23	August	Allen_Island2017	32
B0146	vag	W	146	8/30/17	FJ	Allen Island	Allen Island	43.8755	-69.3113							8/10/17	10/20/17	51.66		51.66		2017_2	145.0	2017	5.383115124567390	Allen_Island	Allen_Island	0.0	121	25.78188066274600	0.348812454908829	-0.09126878156053930	Allen Island8/30/17	0.04857375713121440	0.24487910893778900	0.0056506384134746000	0.0008693289866884000	0.0	0.0010323281716924700	0.00032599837000815000	0.005107307796794350	0.004944308611790270	0.0014126596033686500	0.0136919315403423	0.2991035044824780	8/30/23	August	Allen_Island2017	32
B0147	bor	M	147	8/30/17	FJ	Allen Island	Allen Island	43.8755	-69.3113							8/10/17	10/20/17	24.09		49.0	1.85	2017_2	146.0	2017	17.42306825135010	Allen_Island	Allen_Island	1.0	121	8.252606299376440	-0.07097939029218500	-0.014658728944471700	Allen Island8/30/17	0.6328213648889610	0.0007699789268925270	0.2158575133733180	0.1115861565893990	0.0	0.012846490517101600	0.0	0.21581698816664000	0.2171137947803530	0.03627005997730590	0.5936334900307990	0.8494488571891720	8/30/23	August	Allen_Island2017	32
B0149	bor	M	149	8/30/17	FJ	Allen Island	Allen Island	43.8755	-69.3113							8/10/17	10/20/17	33.72		33.72		2017_2	147.0	2017	169.50610321758100	Allen_Island	Allen_Island	1.0	121	5.103034223532590	-0.05010734169787480	0.00312289764393041	Allen Island8/30/17	0.43922281628942500	0.00838199719572888	0.3310426649820500	0.011232492565599900	0.0	0.038443167285558	0.1540962388869200	0.3309656245666480	0.43738925440286000	0.0002003050800449920	0.9723270827876300	0.778647478467204	8/30/23	August	Allen_Island2017	32
B0150	ruf	W	150	8/30/17	FJ	Allen Island	Allen Island	43.8755	-69.3113							2017-18-10	10/20/17	57.18		57.18		2017_2	148.0	2017	17073.378753181800	Allen_Island	Allen_Island	1.0	121	9.14057025138484	0.02229757503490590	0.08894200034276790	Allen Island8/30/17	0.9942575055410040	0.000926858754785412	0.0006246222043119080	0.0	0.0	0.0	0.0	0.0006246222043119080	0.000463429377392706	0.0008059641345960110	0.0018940157163006200	0.9958089865001010	8/30/23	August	Allen_Island2017	32
B0151	vag	W	151	8/30/17	FJ	Allen Island	Allen Island	43.8755	-69.3113							2017-18-10	10/20/17	46.8		46.8		2017_2	149.0	2017	1483.409901378170	Allen_Island	Allen_Island	1.0	121	6.340556011821460	0.4700547268447810	-0.14126407995361100	Allen Island8/30/17	0.07968960863697710	0.9161605937921730	0.0008097165991902830	0.0	0.0	0.0	0.0	0.0008097165991902830	0.0003036437246963560	0.0003036437246963560	0.0014170040485830000	0.9966599190283400	8/30/23	August	Allen_Island2017	32
B0152	imp	W	152	8/30/17	FJ	Allen Island	Allen Island	43.8755	-69.3113							2017-18-10	10/20/17	70.08		70.08		2017_2	150.0	2017	0.9281204780847810	Allen_Island	Allen_Island	0.0	121	2.777480195865910	-0.034150550389301800	0.001696382958165710	Allen Island8/30/17	0.4278447850569040	0.0	0.3080142217988190	0.0	0.010513243624857500	0.0	0.10799040538931300	0.3080142217988190	0.33370192062330900	0.06379395403432970	0.8240137454706290	0.7358590068557240	8/30/23	August	Allen_Island2017	32
B0153	bor	M	153	8/30/17	FJ	Allen Island	Allen Island	43.8755	-69.3113							2017-18-10	10/20/17	110.22		110.22		2017_2	151.0	2017	7314.758151297250	Allen_Island	Allen_Island	1.0	121	4.438958594377530	-0.02570966680940610	0.07211915517749890	Allen Island8/30/17	0.4024640976916610	0.000186910065107006	0.5252017071119280	0.0006697610666334380	0.0	0.0014329771658203800	0.0	0.5252017071119280	0.4008286346219740	0.0	0.9281330799663560	0.9278527148686960	8/30/23	August	Allen_Island2017	32
B0154	vag	W	154	8/30/17	FJ	Allen Island	Allen Island	43.8755	-69.3113							2017-18-10	10/20/17	14.97		41.9	1.8	2017_2	152.0	2017	38189.248968800800	Allen_Island	Allen_Island	1.0	121	14.24392732847990	0.05630916986042460	0.23996385187836700	Allen Island8/30/17	0.01410347994693340	0.0009184610674558630	0.769445861822635	0.0	0.21030717420144900	0.0001224614756607820	0.0	0.7687519134605570	0.000591897132360445	0.0006327176242473720	0.9804061638942750	0.7844678028370240	8/30/23	August	Allen_Island2017	32
B0155	tern	M	155	8/30/17	FJ	Allen Island	Allen Island	43.8755	-69.3113							2017-18-10	10/20/17	41.28		41.28		2017_2	153.0	2017	5155.050585656560	Allen_Island	Allen_Island	1.0	121	1.359076659478630	-0.11837170520633200	-0.08848786334040190	Allen Island8/30/17	0.987889448082005	0.010747168032855900	0.00080793119119355	3.36637996330646E-05	2.52478497247984E-05	0.0	0.0	0.00080793119119355	0.0002019827977983880	0.00013465519853225800	0.001203480836882060	0.9994445473060550	8/30/23	August	Allen_Island2017	32
B0156	vag	W	156	8/30/17	FJ	Allen Island	Allen Island	43.8755	-69.3113							2017-18-10	10/20/17	16.83		37.8	1.82	2017_2	154.0	2017	2236.713613885060	Allen_Island	Allen_Island	1.0	121	1.913155358357270	-0.12065230776338400	-0.08642494278718530	Allen Island8/30/17	0.9938597484989240	0.004055738076356630	0.0011555454854423900	0.0	0.0	0.0	0.0	0.0011555454854423900	0.00018126203693214000	0.00015860428231562300	0.0014954118046901600	0.9990710320607230	8/30/23	August	Allen_Island2017	32
B0157	bor	M	157	8/30/17	FJ	Allen Island	Allen Island	43.8755	-69.3113							2017-18-10	10/20/17	72.06		72.06		2017_2	155.0	2017	294.20627597859000	Allen_Island	Allen_Island	1.0	121	4.488558854889860	-0.021488762622395600	0.12265660069038900	Allen Island8/30/17	0.2891239349475470	0.002488722974023950	0.6982941877948880	0.00022467637959938500	0.0	0.0020393702148251800	0.0005012011544909350	0.6982941877948880	0.2562347695338830	0.00025924197646082900	0.9575534470541470	0.9899068457164580	8/30/23	August	Allen_Island2017	32
B0158	ruf	W	158	8/30/17	FJ	Allen Island	Allen Island	43.8755	-69.3113							2017-18-10	10/20/17	51.27		51.27		2017_2	156.0	2017	39999.10837283120	Allen_Island	Allen_Island	1.0	121	2.780475586267900	0.0992428575625535	0.088191768132373	Allen Island8/30/17	0.8886932991940410	0.10570572318077300	0.0003636998457912650	0.0	0.0	0.0	0.0	0.0003636998457912650	0.0002909598766330120	0.000567371759434374	0.0012220314818586500	0.9947627222206060	8/30/23	August	Allen_Island2017	32
B0159	bor	M	159	8/30/17	FJ	Allen Island	Allen Island	43.8755	-69.3113							2017-18-10	10/20/17	121.89		121.89		2017_2	157.0	2017	10.62354095862730	Allen_Island	Allen_Island	1.0	121	2.568924563720220	-0.060256757641924100	0.048161769012422000	Allen Island8/30/17	0.47228820269200300	0.0	0.45693674672297	0.0050878273364417500	0.0	0.007052579103252100	0.05539426996275770	0.45687809741649800	0.46923843875546200	0.00016128559279786500	0.9938124981672090	0.9292249494149730	8/30/23	August	Allen_Island2017	32
B0160	tern	W	160	8/30/17	FJ	Allen Island	Allen Island	43.8755	-69.3113							2017-19-10	10/20/17	57.75		57.75		2017_2	158.0	2017	13656.457267306100	Allen_Island	Allen_Island	1.0	121	7.437559359091120	-0.059836156097237100	0.0638981693399403	Allen Island8/30/17	0.5068989105227160	0.0003503678862805950	0.48879656973155100	0.00026694696097569100	0.0	0.0006673674024392280	0.00028363114603667200	0.48879656973155100	0.0016684185060980700	0.4509234696431250	0.9426064033902260	0.9960458481405480	8/30/23	August	Allen_Island2017	32
B0161	vag	W	161	8/30/17	FJ	Allen Island	Allen Island	43.8755	-69.3113							2017-19-10	10/20/17	62.55		62.55		2017_2	159.0	2017	9.578095883393240	Allen_Island	Allen_Island	0.0	121	2.082040713431250	-0.04345875791453100	0.09391306047389430	Allen Island8/30/17	0.3964675240110700	0.001071680503554180	0.5891529654349120	0.0	0.012168321666938000	0.0	0.0	0.5891529654349120	0.3953415812035380	0.0	0.9966628683053880	0.986692169949536	8/30/23	August	Allen_Island2017	32
B0162	vag	W	162	8/30/17	FJ	Allen Island	Allen Island	43.8755	-69.3113							2017-19-10	10/20/17	100.41		100.41		2017_2	160.0	2017	5544.977798319480	Allen_Island	Allen_Island	1.0	121	1.862505177672990	0.19081090769905600	-0.06810220855244880	Allen Island8/30/17	0.29474342928660800	0.4354796944456430	0.19103620905442100	0.0	0.0	0.0	0.0	0.19103620905442100	0.00140261533813819	0.14654093478917600	0.3389797591817360	0.9212593327866730	8/30/23	August	Allen_Island2017	32
B0163	vag	W	163	8/30/17	FJ	Allen Island	Allen Island	43.8755	-69.3113							2017-19-10	10/20/17	51.09		51.09		2017_3	161.0	2017	7512.748563394810	Allen_Island	Allen_Island	1.0	121	2.2983155640152	-0.012073456225688900	0.14650812131682800	Allen Island8/30/17	0.21112893412246300	0.004480336301786600	0.7572044913988610	5.53127938492173E-05	0.024545052270590200	0.0	0.0	0.7572044913988610	0.12813208695171200	0.08213949886608770	0.9920764422811000	0.9728137618231100	8/30/23	August	Allen_Island2017	32
B0164	bor	W	164	8/30/17	FJ	Allen Island	Allen Island	43.8755	-69.3113							2017-19-10	10/20/17	141.69		141.69		2017_3	162.0	2017	4.140178942312220	Allen_Island	Allen_Island	0.0	121	2.331089765301290	0.21212596384470800	0.04217911758155010	Allen Island8/30/17	0.640422077922078	0.33766233766233800	0.0017973098330241200	0.006783395176252320	0.00046382189239332100	0.009237786023500310	0.0	0.0017973098330241200	0.015769944341372900	0.0	0.03405225726654300	0.9798817254174400	8/30/23	August	Allen_Island2017	32
B0165	bor	M	165	8/30/17	FJ	Allen Island	Allen Island	43.8755	-69.3113							2017-19-10	10/20/17	72.25		72.25		2017_3	163.0	2017	3676.2781162047700	Allen_Island	Allen_Island	1.0	121	3.657663451329870	-0.09206505830969060	-0.059487193505948000	Allen Island8/30/17	0.7482137330624220	0.004521172813757280	0.13447797946634000	0.0011975725607869000	0.0	0.08517566640203450	0.0	0.1344510677234010	9.41911002866101E-05	0.00021529394351225200	0.22113379173002100	0.8872128853425190	8/30/23	August	Allen_Island2017	32
B0166	vag	W	166	8/30/17	FJ	Allen Island	Allen Island	43.8755	-69.3113							2017-19-10	10/20/17	109.98		109.98		2017_3	164.0	2017	16840.657220244700	Allen_Island	Allen_Island	1.0	121	18.30420151645100	-0.05787709509447560	-0.0830941725527707	Allen Island8/30/17	0.7416063082028050	0.05858636314981980	0.08820066364577010	0.0029257501694794300	0.00010703964034680800	0.06415242444785390	0.0006065579619652480	0.08720162700253330	0.03161237378242410	0.001676954365433330	0.188282727370036	0.8883933349983950	8/30/23	August	Allen_Island2017	32
B0167	vag	W	167	8/30/17	FJ	Allen Island	Allen Island	43.8755	-69.3113							2017-19-10	10/20/17	40.98		40.98		2017_3	165.0	2017	76.72710194234420	Allen_Island	Allen_Island	1.0	121	7.039435070090440	-0.014553243594406400	-0.05058842817210680	Allen Island8/30/17	0.9061166045280170	0.06808234721997080	0.0015399578537850500	0.0	0.01804722537418270	0.0	0.0	0.0014589074404279500	0.0003242016534284330	0.00035121845788080200	0.020181552925919900	0.9757389096017720	8/30/23	August	Allen_Island2017	32
B0168	bor	W	168	8/30/17	FJ	Allen Island	Allen Island	43.8755	-69.3113							2017-19-10	10/20/17	210.57		210.57		2017_3	166.0	2017	3.772316210360770	Allen_Island	Allen_Island	0.0	121	3.029162534982150	0.044285430433255200	-0.004225480010410970	Allen Island8/30/17	0.29897181941329300	0.0889165241722369	0.2974395416490860	0.018098643156936300	0.0	0.018365126246363600	0.13479602940196800	0.2973951278008480	0.2976394039661570	0.0	0.7662943305722730	0.6853278852346160	8/30/23	August	Allen_Island2017	32
B0169	vag	W	169	8/30/17	FJ	Allen Island	Allen Island	43.8755	-69.3113							2017-19-10	10/20/17	102.03		102.03		2017_3	167.0	2017	1948.312759664530	Allen_Island	Allen_Island	1.0	121	1.771408980936320	-0.0030618847965449100	0.16356052783609400	Allen Island8/30/17	0.15880872245948500	0.0031676895664224900	0.8281952654354160	0.0	0.00980003959611958	0.0	0.0	0.8281952654354160	0.1582572050796170	0.00012727324150804600	0.99637978335266	0.9901716774613230	8/30/23	August	Allen_Island2017	32
B0170	ruf	W	170	8/30/17	FJ	Allen Island	Allen Island	43.8755	-69.3113							2017-19-10	10/20/17	63.69		63.69		2017_3	168.0	2017	5018.934026730800	Allen_Island	Allen_Island	1.0	121	2.212473502098280	0.0076436865821283100	0.18184024334649800	Allen Island8/30/17	0.10189828080229200	0.00030932534514196400	0.8810888252149000	0.005063167491534250	0.011151992706434000	3.25605626465225E-05	0.0	0.8810888252149000	0.09110445428497010	0.0002767647824954420	0.9887177650429800	0.983296431362334	8/30/23	August	Allen_Island2017	32
1	imp	Q	DRA180509-005	5/9/18	TM	Eustis Parking Lot; Colby College 	Kennebec	44.563	-69.661							8/6/18	10/18/18	149.2	2.07	149.2	2.07	2018_1	76.0	2018	1.0477594420682600	Colby_College	Colby_College	0.0	8	3.242363500236400	-0.12528649630754000	-0.09633851502917080	Eustis Parking Lot; Colby College 5/9/18	0.991420937419521	0.0	0.00048287406644347200	0.0	0.0	0.007291398403296420	0.0	0.000418490857584342	0.000627736286376513	0.9906161473087820	0.9989537728560390	0.9919038114859640	5/9/23	May	Colby_College2018	37
100	tern	W	TWM180719-004	7/19/18	TM	Asticou	MDI	44.2995	-68.2795		70.0	2.0			14:13	7/25/18	10/23/18	17.9	1.89	37.5	1.93	2018_2	135.0	2018	2315.0719246855800	MDI_Northeast_Harbor	MDI_Northeast_Harbor	1.0	79	4.630879047088240	-0.04040808928690740	0.10722950260450700	Asticou7/19/18	0.3493282777105870	0.0	0.6390677605988300	0.005360703428888960	0.005589513941097640	0.0	0.0	0.6390677605988300	0.2366881312718600	0.11236230510247400	0.9990684143431500	0.9883960383094170	7/19/23	July	MDI_Northeast_Harbor2018	38
101	bor	M	TWM180711-010	7/11/18	TM	Little Pembroke Brook	Washington	44.911	-67.8002		75.0	0.0			13:52	7/25/18	10/30/18	32.6	2.03	32.6	2.03	2018_2	147.0	2018	4.664039102629200	Little Pembroke Brook	Pickerel_Lake	0.0	71	6.007207258891430	0.4487315010853600	-0.12468596033444200	Little Pembroke Brook7/11/18	0.08229813664596270	0.9043921916592720	0.008096716947648630	0.0	0.0	0.0	0.0	0.001774622892635320	0.0018855368234250200	0.0013309671694764900	0.004991126885536820	0.9947870452528840	7/11/23	July	Little Pembroke Brook2018	39
102	bor	M	TWM180724-024	7/24/18	TM	Allen Island	Allen Island	43.8755	-69.3113							7/30/18	11/6/18	35.0	1.82	35.0	1.82	2018_2	159.0	2018	2.370455508553830	Allen_Island	Allen_Island	0.0	84	5.239417929466710	-0.027395728183158600	0.0640766651620345	Allen Island7/24/18	0.44182443142353400	0.03350015138292760	0.5217902366916600	0.0	0.0	8.90487809221892E-05	0.0	0.521273753762311	0.41589342641899200	0.00021371707421325400	0.9374699460364390	0.9971148194981210	7/24/23	July	Allen_Island2018	40
106	vag	M	TWM180724-020	7/24/18	TM	Allen Island	Allen Island	43.8755	-69.3113							7/30/18	10/20/18	17.6	1.76	33.6	1.56	2018_2	110.0	2018	7.3526812912540600	Allen_Island	Allen_Island	0.0	84	4.425248865026230	0.03902735670276320	-0.1538340615894130	Allen Island7/24/18	0.7281348788198100	0.24001341124628800	0.013530989558386800	4.78973081712808E-05	0.01729092824983240	0.0	0.0	0.012956221860331400	0.611145703611457	0.0	0.641440751029792	0.9816792796244850	7/24/23	July	Allen_Island2018	40
107	tern	W	MY180719-007	7/19/18	TM	Manset Union Church	MDI	44.2662	-68.3096		75.0	0.0			15:05	8/6/18	10/23/18	10.4	2.49	27.2	1.95	2018_2	125.0	2018	11.63107767109560	MDI_Southwest_Harbor	MDI_Southwest_Harbor	0.0	79	4.199738474309510	-0.08058006491844720	-0.1194929574360160	Manset Union Church7/19/18	0.8651710701173500	0.05734621708674010	0.013762191139040900	0.0	0.015721783003356100	0.0	0.047683402031668800	0.013221614073023000	0.7470099331035880	0.1171700790593960	0.9408068112710320	0.9362794783431310	7/19/23	July	MDI_Southwest_Harbor2018	41
108	terri	M	TWM180724-002	7/24/18	TM	Allen Island	Allen Island	43.8755	-69.3113							7/25/18	10/23/18	19.7	1.84	55.2	1.96	2018_2	136.0	2018	3.042013452929310	Allen_Island	Allen_Island	0.0	84	2.220134386991870	-0.07693862561319000	0.01446273681563440	Allen Island7/24/18	0.626951662153598	0.0035912504080966400	0.34514413013001500	0.02083693418601530	0.0	0.0	0.0	0.34514413013001500	0.38618424843002800	0.22976320792763700	0.9819285206736960	0.9756870426917090	7/24/23	July	Allen_Island2018	40
109	bim	W	TWM180711-006	7/11/18	TM	Love Lake Road	Washington	45.0037	-67.5528		70.0				13:14	7/25/18	10/30/18	47.7	1.89	47.7	1.89	2018_2	148.0	2018	6762.097150208740	Love Lake Road	Crawford_ME	1.0	71	5.495689164438960	0.05312296221485380	0.19793145460657000	Love Lake Road7/11/18	0.009113616418011210	0.03780463106730570	0.9019104840342940	0.0	0.03901977992304060	0.0	0.0	0.9019104840342940	0.0007425909673935060	0.0007425909673935060	0.9424154458921220	0.9488287315196110	7/11/23	July	Love Lake Road2018	42
11	per	W	TWM180814-015	8/14/18	TM	Allen Island; Garden	Allen Island	43.8755	-69.3113							8/16/18	9/25/18	51.4	1.83	51.4	1.83	2018_1	57.0	2018	89592.45280660670	Allen_Island	Allen_Island	1.0	105	5.009876194561400	-0.013464451248442500	-0.03118987821778890	Allen Island; Garden8/14/18	0.8085853981934200	0.004557885141294440	0.002403248529046160	0.051479240904947400	0.00024861191679787900	3.31482555730505E-05	0.0	0.002254081378967430	0.0004972238335957570	0.00016574127786525200	0.054678047567746700	0.8155465318637610	8/14/23	August	Allen_Island2018	43
110	bim	W	TWM180615-009	6/15/18	TM	Eustis 	Franklin	45.3508	-70.6851	Lupine	83.0	0.0			15:36	6/19/18	11/6/18	20.6	2.17	48.1	2.02	2018_2	160.0	2018	4.249828586889750	Natanis_Pond	Natanis_Pond	0.0	45	2.762542646676560	0.07070254628947980	-0.17859267170514100	Eustis 6/15/18	0.6910885805763070	0.3024546424759870	0.005549626467449310	0.0	0.0	0.0	0.0	0.00016008537886873000	0.0	0.6143009605122730	0.6144610458911420	0.9990928495197440	6/15/23	June	Natanis_Pond2018	44
113	bim	M	TWM180711-013	7/11/18	TM	Beddington	Washington	44.8502	-68.0607		75.0	0.0			14:27	7/25/18	10/19/18	22.5	2.18	43.7	1.67	2018_2	98.0	2018	60.64419401528040	Beddington	Beddington_ME	1.0	71	3.680637977104530	-0.03550760651899640	0.11300227495605800	Beddington7/11/18	0.3343958415064730	0.0	0.6602589250686540	0.0	0.0017163593566104400	0.0	0.003138485680659080	0.6602589250686540	0.3325814044723420	0.0007355825814044720	0.9984307571596700	0.9946547665751280	7/11/23	July	Beddington2018	45
114	bor	W	TWM180724-027	7/24/18	TM	Allen Island	Allen Island	43.8755	-69.3113							8/6/18	10/20/18	47.6	1.95	47.6	1.95	2018_2	111.0	2018	6855.066450282850	Allen_Island	Allen_Island	1.0	84	5.108587859535640	-0.003163763582934280	0.043699466617538600	Allen Island7/24/18	0.426148486239771	0.05639128203743210	0.4236638128932940	0.030005131390606900	0.002727739217327900	0.047046749669160300	0.0	0.4236638128932940	0.4254462959462010	0.0003781024657682230	0.9292678315823590	0.9062035811704970	7/24/23	July	Allen_Island2018	40
116	imp	W	TWM180731-004	7/31/18	TM	Eustis Parking Lot; Colby College	Kennebec	44.563	-69.661		83.0	2.0			13:26	8/6/18	10/23/18	20.7	2.08	46.8	1.97	2018_2	137.0	2018	9.031758215214020	Colby_College	Colby_College	0.0	91	4.722534788111490	-0.053483380221552800	-0.14367879249925700	Eustis Parking Lot; Colby College7/31/18	0.7118537586957190	0.07148110692286480	0.038475682633079000	0.006696086543470930	0.0	0.058441359443474	0.10994146670344200	0.038475682633079000	0.6795838313260400	0.02304557016334160	0.9161839968128470	0.8218105482516630	7/31/23	July	Colby_College2018	46
117	bor	W	DRA180720-009	7/20/18	TM	Monhegan Island	Monhegan Island	43.764	-69.314							7/31/18	10/30/18	45.5	2.01	45.5	2.01	2018_2	149.0	2018	108.07923308892000	Monhegan_Island	Monhegan_Island	1.0	80	2.784315919721840	-0.043458647183207400	0.07130490760025210	Monhegan Island7/20/18	0.421064804107498	0.007724686618252460	0.5214626023405340	0.013876682547758900	0.0	0.008719182200841850	0.02583375734307790	0.5214626023405340	0.4203940977843560	0.00020815023821638400	0.9904944724547850	0.9502520930662840	7/20/23	July	Monhegan_Island2018	47
118	bim	W	TWM180711-003	7/11/18	TM	Baileyville Big Stop	Washington	45.1235	-67.3506		70.0	1.5			12:37	7/25/18	11/6/18	46.4	1.96	46.4	1.96	2018_2	161.0	2018	0.5344553616484960	Baring_ME	Baring_ME	0.0	71	2.948864083988200	-0.05326629915773270	0.03969989982464060	Baileyville Big Stop7/11/18	0.5061112332380740	0.01413497471971860	0.43411738843701900	0.008859089909870300	0.0010551769619696600	0.004660364915366020	0.030204440536381600	0.43405143987689600	0.503165530885909	0.0	0.9819960430863930	0.954363596394812	7/11/23	July	Baring_ME2018	48
12	bor	W	TWM180814-002	8/14/18	TM	Allen Island; Trail	Allen Island	43.8755	-69.3113	Thistle					10:00	8/16/18	9/25/18	41.5	1.94	41.5	1.94	2018_1	44.0	2018	42837.59322053450	Allen_Island	Allen_Island	1.0	105	9.115406246359070	-0.06689088628793390	-0.12743372423426700	Allen Island; Trail8/14/18	0.7739365659024820	0.05032799080273210	0.002880908906471900	0.017204301075268800	0.000852099817407182	0.114127273956854	0.0	0.002880908906471900	0.00048691418137553300	0.00027050787854196300	0.1358220058159190	0.8271454656116860	8/14/23	August	Allen_Island2018	49
121	terri	M	TWM180711-009	7/11/18	TM	Little Pembroke Brook	Washington	44.911	-67.8002		75.0	0.0			13:52	7/25/18	10/19/18	11.7	2.02	25.4	1.4	2018_2	100.0	2018	2.427999989215760	Little Pembroke Brook	Pickerel_Lake	0.0	71	1.918445250079860	-0.10421395665785500	-0.07090676976244630	Little Pembroke Brook7/11/18	0.8627140001738070	0.0	0.07632310767359000	0.04964369514208740	0.0	0.00271573824628487	0.0	0.07632310767359000	0.5120361519075350	0.3501781524289560	0.9908968453984530	0.9390371078473970	7/11/23	July	Little Pembroke Brook2018	39
122	bim	M	DRA180720-007	7/20/18	TM	Monhegan Island	Monhegan Island	43.764	-69.314							7/31/18	10/20/18	59.7	1.92	59.7	1.92	2018_2	112.0	2018	463.82868958825700	Monhegan_Island	Monhegan_Island	1.0	80		0.4074796876028570	-0.09847580984457390	Monhegan Island7/20/18	0.08982035928143710	0.7256914741944680	0.07385229540918160	0.015112631879098900	0.07584830339321360	0.0	0.007413743940690050	0.07328200741374390	0.06016538351867690	0.0	0.23182207014542300	0.889364128885087	7/20/23	July	Monhegan_Island2018	47
123	vag	W	DRA180720-004	7/20/18	TM	Monhegan Island	Monhegan Island	43.764	-69.314							7/31/18	10/23/18	20.2	1.96	49.9	1.94	2018_2	126.0	2018	50409.65442686630	Monhegan_Island	Monhegan_Island	1.0	80	2.371921755452000	0.12180529740904600	0.07427158056088690	Monhegan Island7/20/18	0.8513098830869110	0.12249245517486200	0.025867971900281500	0.0	0.0	0.0	0.0	0.0004311328650046920	0.0004818543785346560	0.0005072151352996370	0.0014202023788389800	0.9996703101620550	7/20/23	July	Monhegan_Island2018	47
124	bor	M	TWM180724-017	7/24/18	TM	Allen Island	Allen Island	43.8755	-69.3113							7/30/18	10/23/18	33.4	1.71	33.4	1.71	2018_2	138.0	2018	1463.526321966050	Allen_Island	Allen_Island	1.0	84	8.058022437683820	-0.08967239498565550	-0.024171868808280300	Allen Island7/24/18	0.7541141047604220	0.0010642163733582500	0.21489383792763300	0.028811711571406300	0.0	0.0	0.0	0.21489383792763300	0.6052535949748220	0.14561594767170200	0.994575092145564	0.9700721590614130	7/24/23	July	Allen_Island2018	40
125	tern	W	TWM180719-007	7/19/18	TM	Manset Union Church	MDI	44.2662	-68.3096		75.0	0.0			15:05	8/6/18	10/30/18	27.5	1.98	27.5	1.98	2018_2	150.0	2018	731.3639180438790	MDI_Southwest_Harbor	MDI_Southwest_Harbor	1.0	79	4.575198350734490	0.08398791831201880	-0.15225573718788500	Manset Union Church7/19/18	0.622437971952535	0.2543689320388350	0.021574973031283700	0.0	0.0	0.0	0.09724919093851130	0.0004854368932038840	0.07222222222222220	0.36774541531823100	0.5377022653721680	0.8983818770226540	7/19/23	July	MDI_Southwest_Harbor2018	41
126	bim	M	MY180711-002	7/11/18	TM	Love Lake Road	Washington	45.0037	-67.5528		70.0				13:14	7/25/18	11/6/18	39.2	1.91	39.2	1.91	2018_2	162.0	2018	8.953575625198650	Love Lake Road	Crawford_ME	0.0	71	5.495123316699270	0.15353009537443400	-0.16285908730260500	Love Lake Road7/11/18	0.5525809994508510	0.343218012081274	0.008305875892366830	0.0	0.0	0.0	0.0	0.0012355848434925900	0.001441515650741350	0.0008923668314113120	0.00356946732564525	0.904104887424492	7/11/23	July	Love Lake Road2018	42
129	bor	Q	DRA180619-003	6/19/18	TM											6/20/18	10/19/18	189.3	2.14	189.3	2.14	2018_2	101.0	2018	0.3034126470944700	No_Site	No_Site	0.0	49	4.314579558430740	-0.011877337621783700	0.1588212578037920		0.13690221270521100	0.0	0.7590292648108490	0.004853675945753030	0.0	0.004710920770877940	0.09350463954318340	0.7590292648108490	0.1363311920057100	0.0	0.9984296930763740	0.89593147751606	6/19/23	June	No_Site2018	50
132	bim	W	TWM180724-010	7/24/18	TM	Allen Island	Allen Island	43.8755	-69.3113							7/25/18	10/23/18	31.1	1.86	31.1	1.86	2018_2	139.0	2018	6091.961792413060	Allen_Island	Allen_Island	1.0	84	3.885532979333950	-0.12129700066173600	-0.09897499142463040	Allen Island7/24/18	0.9886181632305330	0.010325438745953300	0.0008689725677287440	0.0	0.0	0.0	0.0	0.0004089282671664680	0.0004770829783608790	0.9438916340092010	0.9447776452547280	0.9998125745442150	7/24/23	July	Allen_Island2018	40
133	tern	W	MY180719-002	7/19/18	TM	Schooner Head Rd	MDI	44.3459	-68.1789		73.0	1.5			12:49	7/25/18	10/30/18	11.1	1.97	26.0	2.1	2018_2	151.0	2018	2777.797438509810	MDI_Acadia	MDI_Bar_Harbor	1.0	79	4.615897926078670	-0.03680467750862520	-0.08441884573539760	Schooner Head Rd7/19/18	0.7681435222821670	0.1003251792180920	0.11715689897272900	0.008591382750720570	0.005321114477865640	0.0	0.0	0.11482891138866300	0.5856551622200870	0.16938881087872300	0.8837853817160590	0.985625600472988	7/19/23	July	MDI_Acadia2018	51
138	vag	W	TWM180802-002	8/2/18	TM	Swans Island; Roadside	Swans Island	44.1722	-68.4233	Thistle	70.0				11:56	8/6/18	10/20/18	26.1	2.0	26.1	2.0	2018_2	115.0	2018	3352.2394487003200	Swans_Island_ME	Swans_Island_ME	1.0	93	7.194594666837370	0.45688121545025300	-0.13172320396516700	Swans Island; Roadside8/2/18	0.04855387381987110	0.9302412707927470	0.007230630900644390	0.0005994305409860630	0.0	0.0007492881762325790	0.0	0.0028098306608721700	0.0013112543084070100	0.0	0.005469803686497830	0.9860257755132620	8/2/23	August	Swans_Island_ME2018	52
140	terri	W	MY180703-004	7/3/18	TM	Jackman	Somerset	45.6111	-70.2116		80.0	5.0			13:30	7/6/18	10/30/18	42.5	1.93	42.5	1.93	2018_2	140.0	2018	2.6421086081565000	Jackman_ME	Jackman_ME	0.0	63	3.852510402684060	-0.02123338275457010	0.018940145113024800	Jackman7/3/18	0.5420439205873640	0.07472096928192800	0.3826754024956380	0.0	0.0	0.0	0.0	0.37872452507161000	0.5190629835709350	0.00016461989266783000	0.8979521285352120	0.9994402923649290	7/3/23	July	Jackman_ME2018	53
141	bim	W	TWM180719-003	7/19/18	TM	Brown Family Farm	MDI	44.3288	-68.2073		75.0	1.5			13:23	7/25/18	10/30/18	40.7	1.95	40.7	1.95	2018_2	152.0	2018	15071.928392949200	MDI_Acadia	MDI_Bar_Harbor	1.0	79	3.075145097738790	-0.03759698460191930	0.06699294582439440	Brown Family Farm7/19/18	0.45008542453643500	0.02492202072132790	0.5124218247934920	0.0	0.00782143920751109	0.0	0.0	0.5122650825248050	0.4484709791689530	0.0	0.9685575009012680	0.9874292700512550	7/19/23	July	MDI_Acadia2018	54
142	imp	W	MPS180619-010	6/19/18	TM											6/20/18	11/6/18	69.1	2.02	69.1	2.02	2018_3	164.0	2018	4278.515435862580	No_Site	No_Site	1.0	49	3.187665804156680	0.03486860215563810	-0.1274171700063380		0.5272290164105780	0.25105645895862300	0.15192103809225200	0.0	0.0011199211575505100	0.0	0.056384297212142900	0.15118935626931900	0.00011945825680538800	0.518314443996476	0.7271274768922930	0.9302065134614520	6/19/23	June	No_Site2018	50
146	bor	W	MY180802-002	8/2/18	TM	Swans Island; Roadside	Swans Island	44.1722	-68.4233	Thistle	70.0				11:56	8/6/18	10/20/18	53.1	1.98	53.1	1.98	2018_2	116.0	2018	3850.317029027700	Swans_Island_ME	Swans_Island_ME	1.0	93	4.576567588712070	-0.02840129929904060	0.03438704707802280	Swans Island; Roadside8/2/18	0.4328389583090040	0.02496788508700220	0.37528903421698	0.0647436646035268	0.0018451477285997900	0.03596870255751490	0.05040289618124490	0.37491533341118800	0.4279341352329790	0.00018685040289618100	0.9559967301179490	0.8330958776129860	8/2/23	August	Swans_Island_ME2018	52
147	tern	W	MY180802-004	8/2/18	TM	Swans Island; Roadside	Swans Island	44.1722	-68.4233	Thistle	70.0				11:56	8/6/18	10/23/18	18.8	1.82	40.8	1.96	2018_2	129.0	2018	0.0	Swans_Island_ME	Swans_Island_ME	0.0	93	2.332240609018020	-0.11658402716363700	-0.10137447856965700	Swans Island; Roadside8/2/18	0.9764070238631250	0.014317874831157100	0.0008104457451598380	0.0	0.0	0.0	0.005827490834244550	0.0005017045089084710	0.07573165240882490	0.8970347977101690	0.979095645462147	0.9915353444394420	8/2/23	August	Swans_Island_ME2018	52
148	vag	M	TWM180802-004	8/2/18	TM	Swans Island; Roadside	Swans Island	44.1722	-68.4233	Thistle	70.0				11:56	8/6/18	10/30/18	24.9	1.97	48.5	2.08	2018_2	141.0	2018	0.0	Swans_Island_ME	Swans_Island_ME	0.0	93	2.720253583985360	0.4438221590304560	-0.1253211038696630	Swans Island; Roadside8/2/18	0.07196752626552050	0.894603629417383	0.004680038204393510	0.0	0.0004297994269340970	0.0	0.0	0.0017191977077363900	0.0028653295128939800	0.0012416427889207300	0.006255969436485200	0.9712511938872970	8/2/23	August	Swans_Island_ME2018	52
149	bim	W	MY180719-006	7/19/18	TM	Manset Union Church	MDI	44.2662	-68.3096		75.0	0.0			15:05	8/6/18	10/30/18	46.1	1.97	46.1	1.97	2018_2	153.0	2018	1.0953730898091200	MDI_Southwest_Harbor	MDI_Southwest_Harbor	0.0	79	3.331591136692130	0.31500386794268000	-0.03277528829922490	Manset Union Church7/19/18	0.4087650323774280	0.5146854764107310	0.05851063829787230	0.0	0.0	0.0	0.0	0.00196577243293247	0.0	0.00578168362627197	0.00774745605920444	0.9819611470860310	7/19/23	July	MDI_Southwest_Harbor2018	41
15	bor	M	JLS180814-018	8/14/18	TM	Allen Island; Garden	Allen Island	43.8755	-69.3113							8/16/18	9/11/18	22.6	1.83	39.6	1.59	2018_1	15.0	2018	51172.414103119500	Allen_Island	Allen_Island	1.0	105	6.009419006823990	0.060520127796371700	0.03379212693321150	Allen Island; Garden8/14/18	0.8606898380654040	0.12250343924552100	0.0014254222399018800	0.005884010408897290	0.0	0.0011105033729468100	0.0	0.0014254222399018800	0.019640992491671200	0.00043094160741219600	0.028491870120829400	0.9846186995508260	8/14/23	August	Allen_Island2018	43
150	bim	M	TWM180724-007	7/24/18	TM	Allen Island	Allen Island	43.8755	-69.3113							7/25/18	11/6/18	35.3	2.13	35.3	2.13	2018_3	165.0	2018	788.2182881030630	Allen_Island	Allen_Island	1.0	84	5.371102501752690	0.42616345197422200	-0.12372444330347800	Allen Island7/24/18	0.12810376775787500	0.856886967263743	0.008029647930821500	0.0	0.0002470660901791230	0.0	0.0	0.00030883261272390400	0.0010500308832612700	0.0005558987029030270	0.002161828289067330	0.9930203829524400	7/24/23	July	Allen_Island2018	40
154	vag	W	DRA180720-003	7/20/18	TM	Monhegan Island	Monhegan Island	43.764	-69.314							7/31/18	10/20/18	24.7	1.97	44.5	1.74	2018_2	118.0	2018	137315.2372989570	Monhegan_Island	Monhegan_Island	1.0	80	3.868147021113210	0.07709842566331370	0.0879403954050524	Monhegan Island7/20/18	0.8968080454744210	0.06205032396549670	0.035377827244902000	0.0	0.0	0.0	0.0	0.029097269149739600	0.0	0.0	0.029097269149739600	0.9942361966848190	7/20/23	July	Monhegan_Island2018	47
155	imp	W	MY180703-007	7/3/18	TM	Bingham	Somerset	44.9787	-69.8669						15:45	7/6/18	10/23/18	52.5	1.92	52.5	1.92	2018_2	130.0	2018	0.0	Solon_ME	Solon_ME	0.0	63	3.407995612170900	0.22519486996283300	-0.17451642274848000	Bingham7/3/18	0.009054895302773060	0.09762308998302210	0.004999056781739300	0.0	0.0	0.12176947745708400	0.7658932276928880	0.004244482173174870	0.0026410111299754800	0.0	0.8945481984531220	0.11167704206753400	7/3/23	July	Solon_ME2018	55
156	bim	Q	DRA180509-001	5/9/18	TM	Eustis Parking Lot; Colby College 	Kennebec	44.563	-69.661							8/6/18	10/30/18	79.7	1.99	79.7	1.99	2018_2	142.0	2018	0.0	Colby_College	Colby_College	0.0	8	6.283891350096780	0.3332123170421660	-0.07775534615680420	Eustis Parking Lot; Colby College 5/9/18	0.09872958257713250	0.25045372050816700	0.009618874773139750	0.0	0.0	0.0	0.0	0.0029038112522686000	0.0018148820326678800	0.0	0.004718693284936480	0.35880217785843900	5/9/23	May	Colby_College2018	37
157	tern	W	TWM180703-006	7/3/18	TM	Bingham	Somerset	44.9787	-69.8669						15:45	7/6/18	10/30/18	31.5	1.95	31.5	1.95	2018_2	154.0	2018	3.747530787527730	Solon_ME	Solon_ME	0.0	63	5.12768581588205	0.15756732698581600	-0.19094179748302600	Bingham7/3/18	0.5562862135565160	0.4387933413041480	0.003816793893129770	0.0	0.0	0.0	0.0	0.0005518256231030990	0.0006437965602869490	0.05909132714062360	0.06028694932401360	0.9988963487537940	7/3/23	July	Solon_ME2018	55
158	bor	M	TWM180711-012	7/11/18	TM	Beddington	Washington	44.8502	-68.0607		75.0	0.0			14:27	7/25/18	11/6/18	11.4	1.95	25.5	1.95	2018_3	166.0	2018	0.9777206717279570	Beddington	Beddington_ME	0.0	71	4.303035478718680	-0.027111692640961900	-0.07516947896691410	Beddington7/11/18	0.7537181799959910	0.10354780517137700	0.1295049108037680	0.012567648827420300	0.0	0.0	0.0	0.12888354379635200	0.7251352976548410	0.0	0.866586490278613	0.9867708959711370	7/11/23	July	Beddington2018	45
16	ruf	M	DRA180814-002	8/14/18	TM	Allen Island; Trail	Allen Island	43.8755	-69.3113	Thistle					10:00	8/16/18	10/18/18	25.2	1.98	25.2	1.98	2018_2	87.0	2018	18043.28847170770	Allen_Island	Allen_Island	1.0	105	5.958297094584530	-0.07425423350065420	-0.1095360833906360	Allen Island; Trail8/14/18	0.8192598048241580	0.017443073712637300	0.025458785981709900	0.028785367949426100	0.0	0.03263978395630030	0.03747621678021240	0.025458785981709900	0.7781501258209050	0.0	0.9025102804885530	0.8621616645185050	8/14/23	August	Allen_Island2018	49
161	terri	W	MY180703-005	7/3/18	TM	Northeast Somerset	Somerset	45.4805	-70.0645		82.0	2.0			14:00	7/6/18	10/19/18	51.0	1.99	51.0	1.99	2018_2	105.0	2018	0.5257619937387310	S_Jackman_ME	S_Jackman_ME	0.0	63	1.70200644927227	-0.06128960266049640	0.06250082425694860	Northeast Somerset7/3/18	0.5031206874921590	0.0	0.4950445364446120	0.0016465939028980100	0.0	0.0	0.0	0.4950445364446120	0.5028540960983570	0.0	0.9995452264458660	0.9981652239367710	7/3/23	July	S_Jackman_ME2018	56
162	tern	W	MY180802-007	8/2/18	TM	Swans Island; Quarry	Swans Island	44.1399	-68.4339	rosa rugosa	72.0	1.5			13:56	8/3/18	10/20/18	20.0	2.06	35.8	1.62	2018_2	117.0	2018	50065.95654359280	Swans_Island_ME	Swans_Island_ME	1.0	93	1.78833680872585	0.07313396092276970	0.1618079048402260	Swans Island; Quarry8/2/18	0.07356348470806300	0.09981464318813720	0.8020389249304910	0.0	0.02458294717330860	0.0	0.0	0.801923076923077	0.07022706209453200	0.0021779425393883200	0.8989110287303060	0.9754170528266910	8/2/23	August	Swans_Island_ME2018	57
163	bim	W	TWM180711-005	7/11/18	TM	Love Lake Road	Washington	45.0037	-67.5528		70.0				13:14	7/25/18	10/23/18	43.7	1.84	43.7	1.84	2018_2	131.0	2018	0.0	Love Lake Road	Crawford_ME	0.0	71	4.205762724436910	-0.005161671280051340	0.16288413087687000	Love Lake Road7/11/18	0.16431997524369500	0.0	0.8280597245861060	0.0	0.007233482902676780	0.0	0.0	0.8280597245861060	0.16370106761565800	0.0006189076280365160	0.9996131827324770	0.9923796998298010	7/11/23	July	Love Lake Road2018	42
164	imp	W	MY180719-004	7/19/18	TM	Asticou	MDI	44.2995	-68.2795		70.0	2.0			14:13	7/25/18	10/30/18	42.4	2.0	42.4	2.0	2018_2	143.0	2018	0.0	MDI_Northeast_Harbor	MDI_Northeast_Harbor	0.0	79	3.978569187974890	-0.0953213775447318	-0.14749574863520100	Asticou7/19/18	0.8063065888798280	0.03956255358300400	0.004558476047090310	0.0	0.005269431026911740	0.0	0.1442402191414170	0.004307550760094520	0.7931957426342970	0.004119356794847670	0.9511323003575680	0.850427618509922	7/19/23	July	MDI_Northeast_Harbor2018	38
165	vag	W	MY180703-008	7/3/18	TM	Bingham	Somerset	44.9787	-69.8669						15:45	7/6/18	10/30/18	63.6	2.07	63.6	2.07	2018_2	155.0	2018	26.67287625010980	Solon_ME	Solon_ME	0.0	63	2.692699549470210	-0.010204828497543400	0.08432576426676100	Bingham7/3/18	0.267393301595256	0.03649878894178570	0.5145326985717870	0.0	0.008101561847490190	0.014490937943706700	0.1583145410506970	0.5143238954313870	0.25599265012945800	0.00029232439655892400	0.9515159107992980	0.8184247891088280	7/3/23	July	Solon_ME2018	55
166	terri	M	TWM180711-008	7/11/18	TM	Little Pembroke Brook	Washington	44.911	-67.8002		75.0	0.0			13:52	7/25/18	11/6/18	17.5	2.09	35.5	1.89	2018_3	167.0	2018	2.602296903613180	Little Pembroke Brook	Pickerel_Lake	0.0	71	1.7002404761688	-0.030984148325318500	-0.12121782429687200	Little Pembroke Brook7/11/18	0.8332847235724930	0.1270497115820860	0.03909845096895460	0.0	0.0	0.0002592520578132090	0.0	0.03657074340527580	0.6303713785728170	0.18766608334953700	0.854867457385443	0.9994328861235340	7/11/23	July	Little Pembroke Brook2018	39
17	imp	W	TWM180731-003	7/31/18	TM	Eustis Parking Lot; Colby College	Kennebec	44.563	-69.661		83.0	2.0			13:26	8/6/18	10/18/18	27.8	1.83	27.8	1.83	2018_1	78.0	2018	9.141919013877900	Colby_College	Colby_College	0.0	91	5.808002271901140	-0.09059148106912900	-0.07508232036405010	Eustis Parking Lot; Colby College7/31/18	0.6378582638772490	0.012723034024592800	0.1736275122278260	0.0024988953054290000	0.0004875893278885860	0.004312118118514680	0.14769385485075200	0.1736275122278260	0.5760410794008750	0.05991253866431000	0.964573587895595	0.8242088101296680	7/31/23	July	Colby_College2018	46
170	vag	W	TWM180802-003	8/2/18	TM	Swans Island; Roadside	Swans Island	44.1722	-68.4233	Thistle	70.0				11:56	8/6/18	10/20/18	22.8	2.01	41.4	1.63	2018_2	119.0	2018	526.9595953087280	Swans_Island_ME	Swans_Island_ME	1.0	93	5.236154220637100	0.397871513658079	-0.09956303371617580	Swans Island; Roadside8/2/18	0.22617250280037000	0.7610675497978860	0.008766376077533730	0.0	0.0	0.0	0.0	0.0003896167145570550	0.0006331271611552140	0.0017532752155067500	0.0027760190912190100	0.9960064286757900	8/2/23	August	Swans_Island_ME2018	52
171	bim	W	TWM180711-002	7/11/18	TM	Baileyville Big Stop	Washington	45.1235	-67.3506		70.0	1.5			12:37	7/25/18	10/23/18	42.1	1.88	42.1	1.88	2018_2	132.0	2018	0.0	Baring_ME	Baring_ME	0.0	71	3.468729711074970	-0.029912779181447800	0.12340928394290600	Baileyville Big Stop7/11/18	0.302705400474994	0.0	0.6950400991291780	0.0	0.0016005231817712500	0.0	0.0	0.6950400991291780	0.3021374728943660	0.0003441985337142460	0.9991222937390290	0.9977454996041720	7/11/23	July	Baring_ME2018	48
172	tern	W	TWM180724-028	7/24/18	TM	Allen Island	Allen Island	43.8755	-69.3113							8/6/18	10/30/18	20.1	2.08	49.4	2.0	2018_2	144.0	2018	0.0	Allen_Island	Allen_Island	0.0	84	2.827855829240490	-0.034100863694813900	-0.1433236259455640	Allen Island7/24/18	0.8597160540489470	0.13475621279410400	0.003200888216951720	0.00010630256071057400	0.0	0.0	0.0	0.0014055560805064700	0.07556930926958330	0.7436100349617310	0.8206912028725310	0.997673155060002	7/24/23	July	Allen_Island2018	40
173	vag	W	DRA180720-001	7/20/18	TM	Monhegan Island	Monhegan Island	43.764	-69.314							7/31/18	11/6/18	25.7	1.8	25.7	1.8	2018_2	156.0	2018	120500.5344125680	Monhegan_Island	Monhegan_Island	1.0	80	5.721899114287600	0.08116068209177070	0.09099427092584050	Monhegan Island7/20/18	0.9321409677288080	0.05817360517641310	0.009319171448337610	0.0	0.0	4.06950718268018E-05	0.0	0.001465022585764860	0.0003052130387010130	0.0	0.001810930696292680	0.9996337443535590	7/20/23	July	Monhegan_Island2018	47
174	vag	W	TWM180629-008	6/29/18	TM	Round The Island Rd	Vinalhaven	44.074	-68.8397						12:40	7/2/18	11/6/18	21.5	1.92	41.9	1.87	2018_2	168.0	2018	5.941602422497060	Vinalhaven_ME	Vinalhaven_ME	0.0	59	3.366745483546090	0.008328420918611650	0.12426949387527700	Round The Island Rd6/29/18	0.24506574109480200	0.04894549519075210	0.6992528752536990	0.0	0.00608877253875342	0.0	0.0	0.6989587316527930	0.24158013942406700	0.0002059005206341740	0.9468335441362470	0.9932641115392530	6/29/23	June	Vinalhaven_ME2018	58
177	bor	W	TWM180724-016	7/24/18	TM	Allen Island	Allen Island	43.8755	-69.3113							7/25/18	10/19/18	36.3	2.0	36.3	2.0	2018_2	107.0	2018	1.39763884390296	Allen_Island	Allen_Island	0.0	84	1.918106245656080	-0.019222220799913400	0.13384640001183300	Allen Island7/24/18	0.2556664529259250	0.0	0.7403468175862170	0.0	0.0	0.0009060748836042260	0.002899439627533530	0.7403468175862170	0.251568206529315	0.0	0.9957205386266690	0.9960132705121410	7/24/23	July	Allen_Island2018	40
178	bor	W	TWM180802-006	8/2/18	TM	Swans Island; Roadside	Swans Island	44.1722	-68.4233	Thistle	70.0				11:56	8/3/18	10/20/18	39.8	2.0	39.8	2.0	2018_2	122.0	2018	29.53468574103160	Swans_Island_ME	Swans_Island_ME	1.0	93	2.31826676077456	-0.039396167975591300	0.036009388243265700	Swans Island; Roadside8/2/18	0.5220730706792120	0.026061759212386800	0.421945642117758	0.016146769773247000	0.0	0.010037181210396800	0.0	0.4217536264772110	0.5201180023391000	0.0	0.9680555797999550	0.9700804720093560	8/2/23	August	Swans_Island_ME2018	52
179	terri	W	MY180703-003	7/3/18	TM	Jackman	Somerset	45.6111	-70.2116		80.0	5.0			13:30	7/6/18	10/23/18	52.0	1.89	52.0	1.89	2018_2	133.0	2018	664.5962692277730	Jackman_ME	Jackman_ME	1.0	63	2.573202879712070	-0.0836346154562974	-0.004387667299218520	Jackman7/3/18	0.7025899280575540	0.0	0.2668345323741010	0.030215827338129500	0.0	0.0	0.0	0.2668345323741010	0.7022302158273380	0.00035971223021582700	0.9996402877697840	0.9694244604316550	7/3/23	July	Jackman_ME2018	53
180	bim	M	TWM180724-006	7/24/18	TM	Allen Island	Allen Island	43.8755	-69.3113							7/25/18	10/30/18	35.6	1.91	35.6	1.91	2018_2	145.0	2018	1229.3676854520300	Allen_Island	Allen_Island	1.0	84	6.245862146632520	-0.0072861327671324200	-0.13990285091711700	Allen Island7/24/18	0.6250399704833350	0.08950928545074410	0.05435985733612100	0.0	0.027917845283483000	0.0	0.09787234042553190	0.052638051900135300	0.00103308326159144	0.0	0.17946132087074200	0.7689091132702010	7/24/23	July	Allen_Island2018	40
181	imp	Q	DRA180529-025	5/29/18	TM	Port Clyde	Knox	43.927	-69.259							6/20/18	11/6/18	161.9	1.93	161.9	1.93	2018_2	157.0	2018	18156.72829698130	Coast_Port_Clyde_ME	Port_Clyde_ME	1.0	28	5.178813461591640	-0.06523856926729760	0.0681137878019167	Port Clyde5/29/18	0.46095009906464500	0.001796986591715430	0.5256416163664010	0.0	0.007234022946136480	0.0033175137077823300	0.0	0.5256416163664010	0.0009215315854950930	0.46002856747915000	0.9971432520849650	0.9883887020227620	5/29/23	May	Coast_Port_Clyde_ME2018	59
182	bim	W	MY180622-002	6/22/18	TM	Rumford	Oxford	44.521	-70.5519	Clover	76.0	0.0			15:00	6/25/18	11/6/18	44.1	1.9	44.1	1.9	2018_3	169.0	2018	2.5926422604205900	Rumford	Rumford	0.0	52	6.058053103595240	0.44205861907369800	-0.10795351563432200	Rumford6/22/18	0.0368997175141243	0.8629943502824860	0.08403954802259890	0.0	0.0	0.0	0.0	0.003884180790960450	0.0	0.0	0.003884180790960450	0.9839336158192090	6/22/23	June	Rumford2018	60
185	vag	W	DRA180720-005	7/20/18	TM	Monhegan Island	Monhegan Island	43.764	-69.314							7/31/18	10/20/18	57.3	2.0	57.3	2.0	2018_2	108.0	2018	37977.64665715790	Monhegan_Island	Monhegan_Island	1.0	80	7.878551494930500	0.16507449242850900	0.12481280561882400	Monhegan Island7/20/18	0.13359358056820600	0.18553459119496900	0.5528085014096730	0.00043374539145521600	0.0	0.0	0.0007590544350466280	0.5482541747993930	0.008674907829104320	0.0	0.5581218824549990	0.8719366731728480	7/20/23	July	Monhegan_Island2018	47
186	tern	W	MY180802-003	8/2/18	TM	Swans Island; Roadside	Swans Island	44.1722	-68.4233	Thistle	70.0				11:56	8/3/18	10/20/18	30.3	2.01	30.3	2.01	2018_2	121.0	2018	57537.00787622760	Swans_Island_ME	Swans_Island_ME	1.0	93	4.148448693138220	-0.007575464766260020	0.15629409282799900	Swans Island; Roadside8/2/18	0.2000186323830820	0.0	0.7563815912055150	0.0	0.04313396683435810	0.0	0.0	0.7563815912055150	0.16764486677846100	0.0	0.9671604248183340	0.956400223588597	8/2/23	August	Swans_Island_ME2018	52
187	bor	W	TWM180629-001	6/29/18	TM	Pequot Rd	Vinalhaven	44.0611	-68.7969		75.0	0.0			10:45	7/2/18	10/23/18	31.2	1.95	31.2	1.95	2018_2	134.0	2018	0.3597032744580640	Vinalhaven_ME	Vinalhaven_ME	0.0	59	3.159210787824480	0.06242688794831940	-0.10711158993582100	Pequot Rd6/29/18	0.5717397934730510	0.2112326260293670	0.11685765326129600	0.018561282732778500	0.0	0.046098209228356100	0.014901311489695400	0.11202126269007900	0.5482549779966020	0.0	0.7398370441375100	0.899830072763714	6/29/23	June	Vinalhaven_ME2018	61
188	tern	W	TWM180703-003	7/3/18	TM	West Forks	Somerset	45.3164	-69.9796		90.0	0.0			15:00	7/6/18	10/30/18	21.3	1.72	42.2	1.93	2018_2	146.0	2018	2.263151028320810	The_Forks_ME	The_Forks_ME	0.0	63	2.330955423867470	0.32288423630316300	-0.21534696626873300	West Forks7/3/18	0.04221264620525900	0.2699850496878020	0.0023744613490458200	0.0	0.0	0.0	0.68424061208337	0.0010553161551314700	0.001846803271480080	0.0	0.6871427315099820	0.31457215724210700	7/3/23	July	The_Forks_ME2018	62
189	vag	W	MY180626-008	6/26/18	TM	East Hancock	Hancock	44.63	-68.1405		73.0				15:40	6/28/18	11/6/18	37.4	1.8	37.4	1.8	2018_2	158.0	2018	2.812858866172080	East Hancock	East Hancock	0.0	56	3.336388427464090	0.27816391511142200	0.005603270194702550	East Hancock6/26/18	0.3381576843115310	0.43251239405085600	0.19742523588677400	0.0	0.02638733407964180	0.0	0.0	0.0008795778026547260	0.0	0.0	0.027266911882296500	0.9680953142491600	6/26/23	June	East Hancock2018	63
19	vag	M	MY180814-003	8/14/18	TM	Allen Island; Trail	Allen Island	43.8755	-69.3113	Thistle					10:00	8/16/18	9/25/18	36.1	1.88	36.1	1.88	2018_1	54.0	2018	42916.64679251980	Allen_Island	Allen_Island	1.0	105	6.662677512855680	0.05271475132771590	0.10655034560819400	Allen Island; Trail8/14/18	0.981675183647397	0.012855317789843500	0.0006786969019482590	0.0008783136378153940	0.0	0.0	0.0	0.0006786969019482590	0.0005190035132545510	0.0005988502076014050	0.0026748642606196100	0.9952091983391890	8/14/23	August	Allen_Island2018	49
192	imp	W	MPS180619-011	6/19/18	TM											6/20/18	11/6/18	44.7	2.05	44.7	2.05	2018_3	171.0	2018	16378.493377855600	No_Site	No_Site	1.0	49	1.899630241099800	0.030716388069465600	0.20469011607591000		0.0014919347761220200	0.009425517350323840	0.9577519175749920	0.0	0.018166499921015200	0.0	0.0	0.9577519175749920	0.0001755217383672970	0.000982921734856862	0.9770768609692310	0.9686693697014380	6/19/23	June	No_Site2018	50
194	bim	W	FJ180607-005	6/7/18	MY	Eustis Parking Lot; Colby College 	Kennebec	44.563	-69.661							6/12/18	11/13/18	46.2	1.8	46.2	1.8	2018_3	195.0	2018	1.430039737422510	Colby_College	Colby_College	0.0	37	3.921522869103160	0.23565843354275300	0.03594163177966030	Eustis Parking Lot; Colby College 6/7/18	0.33380436106712100	0.37278596662200000	0.28497990010963600	0.0	0.0	0.0	0.0	0.19890364234376900	0.0002192715312461930	0.0005116335729077840	0.19963454744792300	0.9915702277987580	6/7/23	June	Colby_College2018	64
195	bim	W	MY180619-022	6/19/18	TM											6/20/18	11/13/18	49.4	1.96	49.4	1.96	2018_3	207.0	2018	10299.09356653430	No_Site	No_Site	1.0	49	3.503352058656590	-0.030568666608425200	0.11110403907402500		0.3356063891631530	0.006145555545302710	0.6553967389799850	0.0	0.0023714831458600500	0.00022146146109199000	0.0	0.6531267590037930	0.33087265043231100	0.00019377877845549100	0.9867861328215110	0.9971486836884410	6/19/23	June	No_Site2018	50
196	bim	W	MY180615-001	6/15/18	TM	New Portland	Somerset	44.9092	-70.1247		72.0	2.0			11:07	6/18/18	11/13/18	35.4	1.88	35.4	1.88	2018_3	219.0	2018	0.2432572302323210	Kingfield_ME	Kingfield_ME	0.0	45	2.693472898620600	0.4003339776166430	-0.08676597595284570	New Portland6/15/18	0.20599175814157000	0.7571569235257650	0.03360563072098030	0.0	0.0	0.0	0.0	0.015243791254877600	0.007403085226651110	0.0009846468035447280	0.023631523285073500	0.9967543123883160	6/15/23	June	Kingfield_ME2018	65
197	bim	W	MY180615-010	6/15/18	TM	Eustis 	Franklin	45.3508	-70.6851	Lupine	83.0	0.0			15:36	6/20/18	11/13/18	57.8	2.05	57.8	2.05	2018_3	231.0	2018	0.9681461027164690	Natanis_Pond	Natanis_Pond	0.0	45	3.536995087591340	0.3912506163897770	-0.0786740589300043	Eustis 6/15/18	0.2404308202154100	0.7131731565865780	0.03231151615575810	0.0	0.0	0.0	0.0	0.0	0.0007456503728251870	0.0006628003314001660	0.0014084507042253500	0.9859154929577470	6/15/23	June	Natanis_Pond2018	44
2	terri	M	TWM180724-011	7/24/18	TM	Allen Island	Allen Island	43.8755	-69.3113							7/25/18	10/9/18	18.2	1.85	35.7	1.67	2018_1	68.0	2018	497.11101377315600	Allen_Island	Allen_Island	1.0	84	8.38310382632998	-0.04667528440427890	-0.10618217463493200	Allen Island7/24/18	0.8048801166615800	0.11811984942517000	0.06738562756468950	0.00803744022789704	0.0	5.08698748601078E-05	0.0	0.06738562756468950	0.7646590022721880	0.03906806389256280	0.8792010038321970	0.9903855936514400	7/24/23	July	Allen_Island2018	40
200	bim	W	MY180619-020	6/19/18	TM											6/20/18	11/6/18	46.7	1.86	46.7	1.86	2018_3	172.0	2018	6424.836402279100	No_Site	No_Site	1.0	49	3.460809017835340	0.0021159755927023600	0.11097064963574600		0.2854492719482930	0.047525802034716800	0.649519294474463	0.0	0.015238291544588600	0.0009275481809749560	0.0	0.6491806657734720	0.2281179605718410	0.04680437567173630	0.9402688417426130	0.9824943684574730	6/19/23	June	No_Site2018	50
201	tern	W	TWM180629-005	6/29/18	TM	Arey Neck Road	Vinalhaven	44.059	-68.7885	rosa rugosa	75.0				11:12	7/2/18	11/6/18	27.6	1.83	27.6	1.83	2018_3	184.0	2018	3.3190010356386500	Vinalhaven_ME	Vinalhaven_ME	0.0	59	4.374083303618370	0.3208945130480100	-0.1387200312045450	Arey Neck Road6/29/18	0.27197185089772400	0.3923752375865920	0.02816481048051400	0.0	0.0	0.0	0.3064513595450900	0.0001570820439515560	0.0005497871538304460	6.28328175806224E-05	0.30722106156045300	0.6925118989648290	6/29/23	June	Vinalhaven_ME2018	66
202	tern	Q	MY180615-002	6/15/18	TM	New Portland	Somerset	44.9192	-70.1247	Lupine	76.0	1.0			12:24	6/19/18	11/13/18	89.6	1.93	89.6	1.93	2018_3	196.0	2018	0.5072589538127480	Kingfield_ME	Kingfield_ME	0.0	45	5.132298684102900	0.4276467687060290	-0.08769621673434720	New Portland6/15/18	0.07198213582030740	0.42020228556416700	0.010245632470773700	0.0	0.4929725469591490	0.0	0.0	0.004597399185603570	0.0021016681991330600	0.002495730986470510	0.502167345330356	0.5024300538552480	6/15/23	June	Kingfield_ME2018	65
203	vag	W	TWM180626-008	6/26/18	TM	East Hancock	Hancock	44.63	-68.1405		73.0				15:40	6/28/18	11/13/18	37.6	2.05	37.6	2.05	2018_3	208.0	2018	173.88669172151300	East Hancock	East Hancock	1.0	56	3.899376982190950	0.2581153308829500	-0.058485324561837200	East Hancock6/26/18	0.4904119392931570	0.4722672448270780	0.029679836655650700	0.0	0.0034100237859683800	0.0	0.00027364388405919100	0.005115035678952580	0.13837960721577900	0.0006735849453764710	0.14785189551013500	0.9923590207758860	6/26/23	June	East Hancock2018	63
204	vag	W	TWM180626-001	6/26/18	TM	Great Wass Island	Great Wass Island	44.4762	-67.5965		70.0	3.0			13:00	6/28/18	11/13/18	48.8	1.96	48.8	1.96	2018_3	220.0	2018	17.936352102042200	Great_Wass_Island	Great_Wass_Island	0.0	56	1.98816545840595	-0.08258482856423560	-0.017005830005173300	Great Wass Island6/26/18	0.7450332165088660	0.005377412773970810	0.24723544489198100	0.0	0.001360046032327250	0.0001360046032327250	0.000774180049170895	0.24714128785897400	0.7366009311084380	0.006109745252916250	0.9921221949050580	0.9976460741748180	6/26/23	June	Great_Wass_Island2018	67
205	tern	W	TWM180626-006	6/26/18	TM	Harrington	Washington	44.6192	-67.8009	lupine	74.0	2.0			15:00	6/28/18	11/13/18	28.5	2.05	28.5	2.05	2018_3	232.0	2018	16.924730727244000	Harrington	Harrington_ME	0.0	56	2.500548761248900	-0.03576402541239920	0.09719878623632050	Harrington6/26/18	0.28119133229388700	0.011677856620103700	0.5759060680306740	0.0	0.0024183027333184800	0.0	0.12858370191236800	0.5753333121201520	0.1873866420593760	0.0880134915836701	0.9817354504088840	0.8687752569446650	6/26/23	June	Harrington2018	68
208	bim	W	MY180613-002	6/13/18	MY	Clinton	Kennebec	44.6831	-69.628	Lupine	80.0	6.0				6/18/18	11/6/18	29.9	1.78	29.9	1.78	2018_3	173.0	2018	0.0	Clinton	Clinton	0.0	43	4.112377215647750	0.3879608028975070	-0.07805957670087080	Clinton6/13/18	0.25114546690709200	0.6838215732064210	0.04330603919713860	0.0	0.0	0.00035472523574448000	0.0	0.00047296698099263900	0.0004138461083685600	0.0004138461083685600	0.001655384433474240	0.9782730793106510	6/13/23	June	Clinton2018	69
209	vag	W	MY180619-001	6/19/18	TM	Allen Island North tip	Allen Island	43.8755	-69.3113							6/20/18	11/6/18	26.2	1.84	26.2	1.84	2018_3	185.0	2018	7.521804766430810	Allen_Island	Allen_Island	0.0	49	5.536530025815210	0.4535550886678610	-0.12708276414801100	Allen Island North tip6/19/18	0.0659514696732593	0.9208506947717720	0.006617771828277310	0.0	0.0	0.0	0.0	0.0	0.0	0.0003016648126850050	0.0003016648126850050	0.9934199362733080	6/19/23	June	Allen_Island2018	70
21	tern	W	MY180719-001	7/19/18	TM	Agamont Park	MDI	44.3905	-68.2049		73.0	0.0			12:24	7/25/18	9/18/18	31.6	2.0	31.6	2.0	2018_1	30.0	2018	0.0	MDI_Bar_Harbor	MDI_Bar_Harbor	0.0	79	3.59340807326529	-0.0943707366904788	-0.03983082985427580	Agamont Park7/19/18	0.8307857493109690	8.45437175563484E-05	0.16604386128066800	7.60893458007136E-05	0.0025447658984460900	0.0	0.0	0.1660100437936460	0.8100894472531750	0.019208332628802400	0.9979286789198700	0.9969141543091930	7/19/23	July	MDI_Bar_Harbor2018	71
210	bim	W	FJ180619-009	6/19/18	TM											6/20/18	11/13/18	54.9	1.89	54.9	1.89	2018_3	197.0	2018	2654.952120053990	No_Site	No_Site	1.0	49	3.033968417105960	-0.11440786622750200	-0.0998046233355701		0.9812336897197340	0.014638589490577100	0.0019662697982404800	0.0	0.0	0.0	0.0	0.00013012079547179600	0.00023132585861652700	0.9727758380140680	0.9731372846681560	0.9978385490085520	6/19/23	June	No_Site2018	50
211	bim	W	MY180615-003	6/15/18	MY	Eustis 	Franklin	45.2084	-70.4737	Lupine	71.0	1.0			13:37	6/18/18	11/13/18	43.6	1.98	43.6	1.98	2018_3	209.0	2018	0.160453720442686	Eustis 	Stratton_ME	0.0	45	3.821613876349860	0.4267738926501520	-0.10657953692610400	Eustis 6/15/18	0.15399984016622700	0.8221849276752180	0.016382961719811400	0.0	0.0	0.0	0.00015983377287620900	0.0011188364101334600	0.0011188364101334600	0.001518420842323980	0.003915927435467110	0.9925677295612560	6/15/23	June	Eustis 2018	44
212	tern	W	MY180622-005	6/22/18	TM	Carthage	Franklin	44.5886	-70.3606	Rasberry	76.0	0.0			17:06	6/25/18	11/13/18	34.7	1.91	34.7	1.91	2018_3	221.0	2018	2.1499775128153200	Carthage	Carthage	0.0	52	4.482619512598720	0.27664149644092200	-0.0007674636890823490	Carthage6/22/18	0.4428460250453980	0.2824092634955070	0.04049241798929320	0.0	0.22399358535952600	0.0	0.0005659976888427710	0.004056316770039860	0.0027592387331085100	0.0019574086739145800	0.23333254722543200	0.7657477065301980	6/22/23	June	Carthage2018	72
213	tern	W	MY180615-005	6/15/18	TM	Eustis 	Franklin	45.2084	-70.4737	Lupine	71.0	1.0			13:37	6/19/18	11/13/18	18.7	2.11	43.4	2.11	2018_3	233.0	2018	6.935142913309760	Eustis 	Stratton_ME	0.0	45	2.029105027588670	-0.03497178144884470	-0.19010844126865600	Eustis 6/15/18	0.6583658924047920	0.11480829504959000	0.01811858657850670	0.0	0.0	0.0	0.20870722596711200	0.012494096432098200	0.05976557468550080	0.5403374694087850	0.8213043664934950	0.7912927740328880	6/15/23	June	Eustis 2018	44
216	vag	W	DRA180529-022	5/29/18	MY	Garden; Allen Island	Allen Island	43.87600000000000	-69.311							6/18/18	11/6/18	63.2	1.82	63.2	1.82	2018_3	174.0	2018	0.0	Allen_Island	Allen_Island	0.0	28	3.859720737357100	0.3318774644263200	-0.03180068048707570	Garden; Allen Island5/29/18	0.3368481705560360	0.5537501200422550	0.09601459713819260	0.0	0.0	0.0	0.0	0.0009987515605493130	0.0004417554979352730	0.000749063670411985	0.0021895707288965700	0.9866128877364830	5/29/23	May	Allen_Island2018	73
217	terri	W	MY180615-007	6/15/18	TM	Eustis 	Franklin	45.2084	-70.4737	Lupine	71.0	1.0			13:37	6/20/18	11/6/18	42.6	1.83	42.6	1.83	2018_3	186.0	2018	0.9609958125190230	Eustis 	Stratton_ME	0.0	45	1.701769759974440	-0.060771780756568000	0.04239330926410960	Eustis 6/15/18	0.5500205904488720	0.012141264679570000	0.43755413868022300	0.0	0.0	9.94021669672399E-05	0.0	0.43731273341758900	0.5484017551582630	0.0	0.9858138907428180	0.999715993808665	6/15/23	June	Eustis 2018	44
218	terri	W	MY180615-006	6/15/18	TM	Eustis 	Franklin	45.2084	-70.4737	Lupine	71.0	1.0			13:37	6/19/18	11/13/18	45.3	1.88	45.3	1.88	2018_3	198.0	2018	3.212247464825380	Eustis 	Stratton_ME	0.0	45	1.587477870934320	-0.06604925506884080	0.03647602934609090	Eustis 6/15/18	0.5763958295475200	0.006854215882246050	0.4166704524804650	0.0	0.0	0.0	0.0	0.41568235507904800	0.5459465291659100	0.023350899509358500	0.9849797837543160	0.9999204979102310	6/15/23	June	Eustis 2018	44
219	tern	W	MY180626-005	6/26/18	TM	Great Wass Bridge	Washington	44.528	-67.6154		70.0	6.0			13:30	6/28/18	11/13/18	28.0	1.89	28.0	1.89	2018_3	210.0	2018	125179.9790505210	Jonesport_ME	Jonesport_ME	1.0	56	7.190372571644310	0.3409237387391720	-0.04833342087063050	Great Wass Bridge6/26/18	0.3539472682518330	0.5893622960387750	0.04961047529626720	0.0	0.0	0.0	0.0	0.0012688101098789600	0.0007105336615322150	0.0008120384703225320	0.0027913822417337000	0.9929200395868760	6/26/23	June	Jonesport_ME2018	74
22	vag	M	TWM180814-014	8/14/18	TM	Allen Island; Garden	Allen Island	43.8755	-69.3113							8/16/18	9/11/18	14.0	1.78	26.7	1.55	2018_1	7.0	2018	79106.4974639407	Allen_Island	Allen_Island	1.0	105	5.147526610671630	-0.009722251090033440	-0.03369908302337990	Allen Island; Garden8/14/18	0.9228880330706990	0.07511571211532350	0.000582977069568597	0.0	0.0	0.0	0.0	0.000547645125958379	0.03801717132459460	0.40253683355121400	0.4411016500017670	0.9985867222555910	8/14/23	August	Allen_Island2018	43
220	terri	W	MY180615-012	6/15/18	TM	Eustis 	Franklin	45.3508	-70.6851	Lupine	83.0	0.0			15:36	6/19/18	11/13/18	59.9	1.92	59.9	1.92	2018_3	222.0	2018	0.0045953798486791	Natanis_Pond	Natanis_Pond	0.0	45	2.213292740539690	-0.0272383300899144	0.11035326572499600	Eustis 6/15/18	0.3381857469826420	0.014002814779011400	0.645750110174431	0.0018480872297172400	0.0	0.0	0.0	0.6451246037274500	0.32908747139018800	0.00036961744594344900	0.9764297797932980	0.9979386719360850	6/15/23	June	Natanis_Pond2018	44
221	vag	W	TWM180626-003	6/26/18	TM	Great Wass Bridge	Washington	44.528	-67.6154		70.0	6.0			13:30	6/28/18	11/13/18	10.3	2.0	25.0	1.94	2018_3	234.0	2018	1.3810968901987700	Jonesport_ME	Jonesport_ME	0.0	56	4.13466373052171	0.27744305910997700	-0.013876191772026200	Great Wass Bridge6/26/18	0.4957275490921040	0.42073371128091400	0.0635527072549503	0.0	0.0	0.0	0.0	0.0007600032865006980	0.00043135321666255900	0.0003491906992030240	0.0015405472023662800	0.9800139676279680	6/26/23	June	Jonesport_ME2018	74
225	bim	W	MPS180619-012	6/19/18	TM											6/20/18	11/6/18	44.1	1.89	44.1	1.89	2018_3	187.0	2018	23266.753630907000	No_Site	No_Site	1.0	49	3.662118153377220	0.38985991587246000	-0.07189307504559490		0.19158206255908600	0.7238275309301660	0.07423239755024870	0.0	0.0	0.0	0.0	0.0010275802540178400	0.0009042706235356980	0.0003288256812857080	0.0022606765588392500	0.9896419910395000	6/19/23	June	No_Site2018	50
226	bim	W	FJ180607-006	6/7/18	TM	Eustis Parking Lot; Colby College 	Kennebec	44.563	-69.661							6/18/18	11/13/18	33.6	1.84	33.6	1.84	2018_3	199.0	2018	2.9597822185158700	Colby_College	Colby_College	0.0	37	5.709109170920390	0.42171687694937600	-0.10049222506122000	Eustis Parking Lot; Colby College 6/7/18	0.1678599333471530	0.7942212938306250	0.03243346674533190	0.0	0.0	0.0	0.0	0.0007335002312120290	0.00023918485800392300	0.00046242405880758400	0.0014351091480235400	0.99451469392311	6/7/23	June	Colby_College2018	64
227	bim	W	FJ180607-004	6/7/18	MY	Eustis Parking Lot; Colby College 	Kennebec	44.563	-69.661							6/12/18	11/13/18	54.9	2.0	54.9	2.0	2018_3	211.0	2018	0.2630090363046890	Colby_College	Colby_College	0.0	37	4.314912740122190	0.31272664809682700	-0.04023272171518790	Eustis Parking Lot; Colby College 6/7/18	0.1676871844451610	0.2964872703835000	0.10907007555412300	0.0	0.0	0.0	0.0	0.00279299602535181	0.0006087299029612920	0.0007519604683639490	0.004153686396677050	0.5732445303827840	6/7/23	June	Colby_College2018	64
228	bim	W	MY180626-007	6/26/18	TM	Harrington	Washington	44.6192	-67.8009	lupine	74.0	2.0			15:00	6/28/18	11/13/18	35.4	1.93	35.4	1.93	2018_3	223.0	2018	8.984677242380020	Harrington	Harrington_ME	0.0	56	4.384902942042630	0.0032221312256714700	0.1655427544566910	Harrington6/26/18	0.14551535507277200	0.008403837705312980	0.8406388617264010	0.0	0.004031858055921660	0.0	6.37727987755623E-05	0.8398169012088490	0.14247551833113700	0.0005385258563269700	0.9869265762510100	0.9945580545044850	6/26/23	June	Harrington2018	68
229	bim	W	MY180613-003	6/13/18	MY	Clinton	Kennebec	44.6831	-69.628	Lupine	80.0	6.0				6/18/18	11/13/18	57.6	1.97	57.6	1.97	2018_3	235.0	2018	2.444417316176110	Clinton	Clinton	0.0	43	6.332751835956290	0.393015301825599	-0.08256244187057730	Clinton6/13/18	0.23213408644400800	0.7372298624754420	0.021795186640471500	0.0	0.0	0.0	0.0	0.0013506876227897800	0.0009823182711198430	0.0007367387033398820	0.003069744597249510	0.9911591355599210	6/13/23	June	Clinton2018	69
23	vag	W	MY180731-003	7/31/18	TM	Eustis Parking Lot; Colby College	Kennebec	44.563	-69.661		83.0	2.0			13:26	8/6/18	9/11/18	35.7	1.91	35.7	1.91	2018_1	6.0	2018	9914.710104419360	Colby_College	Colby_College	1.0	91	5.910314950272530	-0.11611668580361400	-0.08077910250898410	Eustis Parking Lot; Colby College7/31/18	0.9283991504373810	0.0003839831047433910	0.0691049593817872	0.0	0.0	0.0	0.0	0.0691049593817872	0.00044398046485954600	0.9251832919351550	0.9947322317818020	0.9978880929239110	7/31/23	July	Colby_College2018	46
232	bim	W	TWM180621-003	6/21/18	TM	Eustis Parking Lot; Colby College 	Kennebec	44.563	-69.661	catmint; clover	76.0	1.5			14:00	6/25/18	11/6/18	30.4	1.81	30.4	1.81	2018_3	176.0	2018	0.0	Colby_College	Colby_College	0.0	51	3.246489962112780	-0.004290679428200100	0.11642790454748600	Eustis Parking Lot; Colby College 6/21/18	0.2846733476132190	0.0365093329253366	0.6712916921664630	0.0	0.006454635862913100	0.0	0.0	0.6711004436964500	0.27665047429620600	0.0002294981640146880	0.9544350520195840	0.9924743727050180	6/21/23	June	Colby_College2018	75
233	vag	W	FJ180619-014	6/19/18	TM											6/20/18	11/13/18	39.5	1.75	39.5	1.75	2018_3	188.0	2018	3.6151861756397900	No_Site	No_Site	0.0	49	3.792566081547370	0.3896371068854430	-0.0931069977811595		0.19342359767891700	0.6232820930469310	0.02290542604092440	0.0	0.0	0.0	0.0	0.00330856153924463	0.0	0.0005599104143337070	0.0038684719535783400	0.8396111167667720	6/19/23	June	No_Site2018	50
234	imp	Q	DRA180523-003	5/23/18	TM	Eustis Parking Lot; Colby College 	Kennebec	44.563	-69.661							6/19/18	11/13/18	80.7	1.88	80.7	1.88	2018_3	200.0	2018	1.6209227589756000	Colby_College	Colby_College	0.0	22	2.208544600967490	0.4476598820154580	-0.12579039245469900	Eustis Parking Lot; Colby College 5/23/18	0.075	0.8210106382978720	0.010904255319148900	0.0	0.0	0.0	0.0	0.004166666666666670	0.0013297872340425500	0.0023936170212766000	0.007890070921985820	0.9069148936170210	5/23/23	May	Colby_College2018	76
235	tern	W	TWM180615-004	6/15/18	TM	Eustis 	Franklin	45.2084	-70.4737	Lupine	71.0	1.0			13:37	6/18/18	11/13/18	20.8	1.97	37.5	1.89	2018_3	212.0	2018	0.2283062084671030	Eustis 	Stratton_ME	0.0	45	3.054009937413410	-0.004517224352808480	-0.1614014092063400	Eustis 6/15/18	0.7951523522657300	0.18888019836581200	0.015152019437186900	0.0	1.6641427168794E-05	0.0	0.0	0.007638415070476440	0.00023297998036311600	0.7683097302424660	0.776197766720474	0.9991845700687290	6/15/23	June	Eustis 2018	44
236	bim	W	MY180621-001	6/21/18	TM	Eustis Parking Lot; Colby College 	Kennebec	44.563	-69.661	catmint; clover	76.0	1.5			14:00	6/25/18	11/13/18	32.2	1.93	32.2	1.93	2018_3	224.0	2018	2.1534223717569700	Colby_College	Colby_College	0.0	51	3.086244728842140	-0.04732615195812400	0.027226587781216900	Eustis Parking Lot; Colby College 6/21/18	0.5617421292691070	0.03409722994771390	0.3956687803611820	0.0	0.008269366262468940	0.0	0.0	0.39536285089183100	0.5483090443875850	0.009409648830051540	0.9613509103719360	0.9915081395780030	6/21/23	June	Colby_College2018	75
237	bim	W	DRA180720-006	7/20/18	TM	Monhegan Island	Monhegan Island	43.764	-69.314							7/31/18	10/20/18	14.1	1.6	29.6	1.36	2018_2	113.0	2018	2.7453107212071700	Monhegan_Island	Monhegan_Island	0.0	80	4.517635439645850	-0.05613425864625220	-0.13387531492987500	Monhegan Island7/20/18	0.8895889045007480	0.10592394506640100	0.0007705207813987220	0.0	0.0	0.0	0.0	0.0004532475184698360	0.20380274667996200	0.6735937995739470	0.8778497937723790	0.9962833703485470	7/20/23	July	Monhegan_Island2018	47
24	tern	W	MY180814-014	8/14/18	TM	Allen Island; Garden	Allen Island	43.8755	-69.3113							8/16/18	10/18/18	15.5	1.94	31.3	1.45	2018_2	89.0	2018	11892.23185726580	Allen_Island	Allen_Island	1.0	105	24.85872668354690	0.134475831389558	-0.0758832961257716	Allen Island; Garden8/14/18	0.29317810064466500	0.053754129381955800	0.0018281535648994500	0.0	0.0	0.0	0.0	0.0002886558260367560	0.00708810417268033	0.03149555790756600	0.03887231790628310	0.3487603835915200	8/14/23	August	Allen_Island2018	43
240	vag	Q	TWM180629-009	6/29/18	MY	Zekes Point Rd	Vinalhaven	44.1163	-68.842		75.0				15:25	7/2/18	11/6/18	58.4	1.87	58.4	1.87	2018_3	177.0	2018	7.884080833393800	Zekes_Point_Vinalhaven	Vinalhaven_ME	0.0	59	3.742765440707190	0.31130405582904300	-0.018797891472102200	Zekes Point Rd6/29/18	0.20225445648374700	0.35632645927997200	0.13470814400559200	0.0	0.0	0.0	0.0	0.12095421181405100	0.00041943376441803600	0.0002970989164627750	0.12167074449493200	0.6932890597693110	6/29/23	June	Zekes_Point_Vinalhaven2018	77
242	vag	Q	MY180626-003	6/26/18	TM	Great Wass Island	Great Wass Island	44.4762	-67.5965		70.0	3.0			13:00	6/28/18	11/13/18	100.2	1.98	100.2	1.98	2018_3	201.0	2018	20211.219843260700	Great_Wass_Island	Great_Wass_Island	1.0	56	3.69367832684681	0.3990388595348190	-0.12518496601454600	Great Wass Island6/26/18	0.17520379608224800	0.8015573670762870	0.01460031634018740	0.0	0.0	0.0	0.0	0.0069351502615890000	0.0037717483878817400	0.0023117167538630000	0.013018615403333700	0.9913614794987220	6/26/23	June	Great_Wass_Island2018	67
243	bim	W	DRA180619-004	6/19/18	TM											6/20/18	11/13/18	46.2	1.96	46.2	1.96	2018_3	213.0	2018	10.145038095908100	No_Site	No_Site	0.0	49	3.818819630416450	0.4573954690784390	-0.13007294314714700		0.07637989675592620	0.9040071821964400	0.005283057958253480	0.0	0.0	0.0	0.0	0.0012603373560539400	0.00039709259163343200	0.0005179468586523020	0.002175376806339670	0.9856701369106200	6/19/23	June	No_Site2018	50
244	vag	W	MY180626-001	6/26/18	TM	Great Wass Island	Great Wass Island	44.4762	-67.5965		70.0	3.0			13:00	6/28/18	11/13/18	29.5	2.08	29.5	2.08	2018_3	225.0	2018	8941.622477573860	Great_Wass_Island	Great_Wass_Island	1.0	56	2.597519982177050	0.0159517776635007	0.16976201838883500	Great Wass Island6/26/18	0.12165565390849000	0.019207912562855800	0.8498109130199890	0.0	0.008394630760919250	5.81806092340938E-05	0.0	0.847126293479616	0.11289531646095700	0.00019947637451689300	0.9686738976852430	0.9906744794913350	6/26/23	June	Great_Wass_Island2018	67
245	bor	M	TWM180724-003	7/24/18	TM	Allen Island	Allen Island	43.8755	-69.3113							7/25/18	9/18/18	8.2	1.89	30.2	1.45	2018_1	27.0	2018	7.57406627649519	Allen_Island	Allen_Island	0.0	84	2.966760575986240	-0.0001610446426009550	0.1571920785912720	Allen Island7/24/18	0.17684936368706600	0.00011408000811235600	0.7657430411195050	0.017631699031587500	0.003587182477310750	0.032208588957055200	3.80266693707854E-05	0.7657430411195050	0.17515083912183700	0.00022816001622471200	0.9945875373928920	0.9427064848146830	7/24/23	July	Allen_Island2018	40
248	bim	W	TWM180626-002	6/26/18	TM	Great Wass Bridge	Washington	44.528	-67.6154		70.0	6.0			13:30	6/28/18	11/6/18	42.8	1.75	42.8	1.75	2018_3	178.0	2018	54971.079178975500	Jonesport_ME	Jonesport_ME	1.0	56	4.050940549126980	0.03843273249823930	0.20232515622647000	Great Wass Bridge6/26/18	0.019455252918287900	0.017820656326066500	0.9221967556811120	0.0004708348879768310	0.03587228825755560	0.0002931613453440650	0.0	0.9207487163086550	0.00013325515697457500	0.0019721763232237100	0.9594904322797290	0.9594726649254660	6/26/23	June	Jonesport_ME2018	74
249	bim	Q	TWM180607-001	6/7/18	TM	Eustis Parking Lot; Colby College 	Kennebec	44.563	-69.661							6/12/18	11/13/18	159.7	2.03	159.7	2.03	2018_3	190.0	2018	0.5188428452729300	Colby_College	Colby_College	0.0	37	2.078262535603550	0.03614394049163210	0.20101218958001500	Eustis Parking Lot; Colby College 6/7/18	0.015076195909053900	0.022736533289870400	0.9542009616168200	0.0	0.006926900823078800	0.0	0.0	0.9530600603047840	0.0	0.0008149295085975060	0.9608018906364600	0.9920136908157440	6/7/23	June	Colby_College2018	64
25	imp	W	DRA180814-006	8/14/18	TM	Allen Island; Garden	Allen Island	43.8755	-69.3113							8/16/18	10/18/18	45.2	1.9	45.2	1.9	2018_1	9.0	2018	496.64714890496000	Allen_Island	Allen_Island	1.0	105	6.543524901504310	-0.1006501726713910	-0.04872090969970640	Allen Island; Garden8/14/18	0.8310239244382170	0.000324355181898386	0.14697182002179700	0.001414188593076960	0.00956199076236442	0.0	0.0	0.14691992319269300	0.0008173750583839330	0.7844984171467120	0.9432118947532310	0.9783200996419120	8/14/23	August	Allen_Island2018	43
250	tern	W	MY180626-002	6/26/18	TM	Great Wass Island	Great Wass Island	44.4762	-67.5965		70.0	3.0			13:00	6/28/18	11/13/18	32.3	1.83	32.3	1.83	2018_3	202.0	2018	193.41920511557500	Great_Wass_Island	Great_Wass_Island	1.0	56	1.944005688655410	-0.05674393345484180	-0.13447782228060400	Great Wass Island6/26/18	0.8924024763480850	0.10207458951838800	0.0019240546710664000	0.0	0.0	0.0	0.0	0.0005981517112123540	0.0002591990748586870	0.8626444287152700	0.8635017795013410	0.996401120537539	6/26/23	June	Great_Wass_Island2018	67
251	bim	W	TWM180626-004	6/26/18	TM	Harrington	Washington	44.6192	-67.8009	lupine	74.0	2.0			15:00	6/28/18	11/13/18	11.9	1.7	25.2	2.04	2018_3	214.0	2018	1.809192298088460	Harrington	Harrington_ME	0.0	56	3.930208865732620	0.4333383378200780	-0.11586535875919300	Harrington6/26/18	0.12364943347432600	0.8382388393346340	0.004251682044313920	0.0	0.0	0.0	0.0	0.0005478971706590110	0.0007232242652698940	0.0009423831335334990	0.0022135045694624000	0.9661399548532730	6/26/23	June	Harrington2018	68
252	tern	W	MY180615-004	6/15/18	MY	Eustis 	Franklin	45.2084	-70.4737	Lupine	71.0	1.0			13:37	6/18/18	11/13/18	27.0	1.92	27.0	1.92	2018_3	226.0	2018	0.9554877887571670	Eustis 	Stratton_ME	0.0	45	5.666869354351320	-0.050101580481948000	-0.08193146001890040	Eustis 6/15/18	0.8715718984406430	0.05722770402972010	0.0698989612171979	0.0	0.0	0.0	0.0	0.0005087432857717520	0.0006033931994037060	0.6904001325098790	0.6915122689950550	0.9986985636875610	6/15/23	June	Eustis 2018	44
253	bor	M	TWM180724-012	7/24/18	TM	Allen Island	Allen Island	43.8755	-69.3113							7/25/18	10/20/18	10.0	11.51	25.1	1.84	2018_2	120.0	2018	4.719831387662710	Allen_Island	Allen_Island	0.0	84	4.32649997119868	-0.10668594038111700	-0.08423897481982060	Allen Island7/24/18	0.9943953526427750	0.0023727704140075300	0.0012000218185785200	0.00038182512409316500	0.0	0.00016363933889707100	0.0	0.0010772923144057200	0.02556864670266730	0.00046364479354170100	0.027655048273605000	0.9979681448753610	7/24/23	July	Allen_Island2018	40
256	bim	W	TWM180629-006	6/29/18	TM	Round The Island Rd	Vinalhaven	44.074	-68.8397						12:40	7/2/18	11/6/18	45.2	1.78	45.2	1.78	2018_3	179.0	2018	13.828889869825500	Vinalhaven_ME	Vinalhaven_ME	1.0	59	3.654149411364740	-0.06090537684557770	0.05062840931905280	Round The Island Rd6/29/18	0.513939426369863	0.006715539383561640	0.4703419306506850	0.0	0.007665346746575340	0.0	0.0009631849315068490	0.4701278895547950	0.3337837114726030	0.17861729452054800	0.9911574272260270	0.9909968964041100	6/29/23	June	Vinalhaven_ME2018	58
257	vag	W	DMO180529-005	5/29/18	MY	Garden; Allen Island	Allen Island	43.87600000000000	-69.311	Apple					14:51	6/18/18	11/13/18	69.7	1.9	69.7	1.9	2018_3	191.0	2018	15049.460169366300	Allen_Island	Allen_Island	1.0	28	5.263256433922210	0.3966938834269450	-0.08398095336433490	Garden; Allen Island5/29/18	0.2313903608377490	0.691900075700227	0.025738077214231600	0.0	0.0	0.0	0.0	0.0	0.0018925056775170300	0.0008831693161746150	0.0027756749936916500	0.9490285137522080	5/29/23	May	Allen_Island2018	73
258	bim	W	TWM180622-002	6/22/18	TM	Rumford	Oxford	44.521	-70.5519	Clover	76.0	0.0			15:00	6/25/18	11/13/18	34.6	1.8	34.6	1.8	2018_3	203.0	2018	0.8601674227580480	Rumford	Rumford	0.0	52	5.09857305962802	-0.035167235761033400	-0.15304007131932600	Rumford6/22/18	0.8469910218856420	0.14674573122812000	0.004715296134886050	0.0	0.00042866328498964100	0.0	0.0	0.004334262103784140	0.0041199304612893200	0.8400133361910890	0.8488961920411520	0.9984520492486490	6/22/23	June	Rumford2018	60
259	vag	W	TWM180626-009	6/26/18	TM	East Hancock	Hancock	44.63	-68.1405		73.0				15:40	6/28/18	11/13/18	45.5	2.06	45.5	2.06	2018_3	215.0	2018	94975.86417618870	East Hancock	East Hancock	1.0	56	4.10430386503714	0.44126978579524700	-0.11703688360071000	East Hancock6/26/18	0.057120802778849900	0.8585874179853340	0.05696642223079890	0.0	0.0006175221922037820	0.0	0.0	0.017136240833655000	0.014743342338865300	0.003164801235044380	0.03566190659976840	0.9726746429949830	6/26/23	June	East Hancock2018	63
26	vag	W	MY180629-003	6/29/18	TM	Round The Island Rd	Vinalhaven	44.074	-68.8397						12:40	7/2/18	10/9/18	25.4	1.77	25.4	1.77	2018_1	67.0	2018	1.4449269623973800	Vinalhaven_ME	Vinalhaven_ME	0.0	59	7.800786882385320	0.022074736230052500	0.20502964915350800	Round The Island Rd6/29/18	0.047541978555533100	0.0006743543057522420	0.939240677051723	0.0	0.0	0.0	0.0	0.9382291455930950	0.00478791557084092	0.002360240070132850	0.9453773012340680	0.9874570099130080	6/29/23	June	Vinalhaven_ME2018	58
260	bim	W	MY180622-003	6/22/18	TM	Rumford	Oxford	44.521	-70.5519	Clover	76.0	0.0			15:00	6/25/18	11/13/18	199.0	2.15	199.0	2.15	2018_3	227.0	2018	27.58454984953890	Rumford	Rumford	1.0	52	6.196176349050100	0.040032343941721500	0.1695324753707270	Rumford6/22/18	0.09966638865721440	0.04837364470391990	0.8336113427856550	0.0	0.007506255212677230	0.002085070892410340	0.0	0.8319432860717260	0.06880733944954130	0.003336113427856550	0.9136780650542120	0.981651376146789	6/22/23	June	Rumford2018	60
264	tern	Q	TWM180615-001	6/15/18	TM	New Portland	Somerset	44.9092	-70.1247		72.0	2.0			11:07	6/19/18	11/6/18	75.6	1.92	75.6	1.92	2018_3	180.0	2018	0.0628556224121047	Kingfield_ME	Kingfield_ME	0.0	45	5.363586105498580	0.4356044677485130	-0.11480388063418500	New Portland6/15/18	0.11975753604194000	0.8691841415465270	0.008273263433813890	0.0	0.0	0.0	0.0	0.002539318479685450	0.0011467889908256900	0.00081913499344692	0.00450524246395806	0.9972149410222810	6/15/23	June	Kingfield_ME2018	65
265	bim	W	MPS180619-013	6/19/18	TM											6/20/18	11/13/18	52.4	1.91	52.4	1.91	2018_3	192.0	2018	32007.772279965700	No_Site	No_Site	1.0	49	7.374462039418740	0.32843191142611100	-0.03730872986910830		0.40208419314898900	0.5369376805612880	0.04826145274453160	0.0	0.0	0.0	0.0	0.0001805612876599260	0.0002063557573256290	0.0	0.00038691704498555500	0.987283326454808	6/19/23	June	No_Site2018	50
266	bim	W	TWM180626-005	6/26/18	TM	Harrington	Washington	44.6192	-67.8009	lupine	74.0	2.0			15:00	6/28/18	11/13/18	42.7	1.94	42.7	1.94	2018_3	204.0	2018	6112.893360160730	Harrington	Harrington_ME	1.0	56	3.170173075141040	0.024132894858231200	0.20826128764999000	Harrington6/26/18	0.0007338551859099800	0.00524937853704977	0.9867112709578460	0.0	0.007034431691965940	0.0	0.0	0.98650632041043	0.0	7.93356957740519E-05	0.9936200877981700	0.992694504680806	6/26/23	June	Harrington2018	68
267	imp	Q	TWM180615-010	6/15/18	TM	Eustis 	Franklin	45.3508	-70.6851	Lupine	83.0	0.0			15:36	6/19/18	11/13/18	64.5	1.91	64.5	1.91	2018_3	216.0	2018	2.602105982054270	Natanis_Pond	Natanis_Pond	0.0	45	2.995946940162410	0.02248884397559800	0.16627343342375000	Eustis 6/15/18	0.14144002894530500	0.037530905143822000	0.8014080685038900	0.0	0.018942591810890700	0.0	0.0	0.8002698546704460	0.12925134173551200	9.79919194355666E-05	0.9485617801362840	0.980379002593017	6/15/23	June	Natanis_Pond2018	44
268	bim	W	MY180626-004	6/26/18	TM	Great Wass Bridge	Washington	44.528	-67.6154		70.0	6.0			13:30	6/28/18	11/13/18	48.0	1.96	48.0	1.96	2018_3	228.0	2018	379.8006066087280	Jonesport_ME	Jonesport_ME	1.0	56	6.784522296410240	0.37300651144771400	-0.07399077461020590	Great Wass Bridge6/26/18	0.23212654179990900	0.6016445865692100	0.06158634079488350	0.0	0.0006566925536774780	0.00011420740063956100	0.0	0.03332000913659210	0.006652581087254450	0.003483325719506620	0.04422681589767020	0.8953574691640020	6/26/23	June	Jonesport_ME2018	74
27	vag	W	DRA180814-001	8/14/18	TM	Allen Island; Trail	Allen Island	43.8755	-69.3113	Thistle					10:00	8/16/18	9/25/18	28.3	1.85	28.3	1.85	2018_1	55.0	2018	24136.269012105	Allen_Island	Allen_Island	1.0	105	3.534438817472330	-0.1468649332745720	-0.08946988367087450	Allen Island; Trail8/14/18	0.9985571224899940	0.0	0.0004637820567875360	0.0	0.0	0.0	0.0	0.0004294278303588300	0.00037789649071577000	0.0002748338114296510	0.0010821581325042500	0.9990209045467820	8/14/23	August	Allen_Island2018	49
272	tern	W	MY180626-006	6/26/18	TM	Harrington	Washington	44.6192	-67.8009	lupine	74.0	2.0			15:00	6/28/18	11/6/18	45.5	1.88	45.5	1.88	2018_3	181.0	2018	1906.3072894774400	Harrington	Harrington_ME	1.0	56	3.456690556098900	0.017769728915497200	-0.17015860476608800	Harrington6/26/18	0.7719648804117470	0.2217983651226160	0.004500958724391970	0.0	0.0	0.0	0.0	0.0002018367140982950	0.0	0.7215258855585830	0.7217277222726810	0.9982642042587550	6/26/23	June	Harrington2018	68
273	imp	Q	DRA180529-026	5/29/18	TM	Port Clyde	Knox	43.927	-69.259							6/20/18	11/13/18	123.7	1.78	123.7	1.78	2018_3	193.0	2018	1.7479132031232000	Coast_Port_Clyde_ME	Port_Clyde_ME	0.0	28	3.767213007593910	-0.11806827758227500	-0.09901684128642010	Port Clyde5/29/18	0.9837128067000550	0.010184756533815900	0.0009258869576196290	0.0	0.0	0.0	0.0	0.0	0.0	0.980514288119187	0.980514288119187	0.9948234501914900	5/29/23	May	Coast_Port_Clyde_ME2018	59
275	vag	W	MY180619-006	6/19/18	TM											6/20/18	11/13/18	32.6	1.92	32.6	1.92	2018_3	217.0	2018	6.63497171001611	No_Site	No_Site	0.0	49	3.97165140757281	0.2602758682373440	0.021597429398143800		0.3154913325116050	0.38386090057958100	0.2692035351813490	0.0	0.0	0.0	0.0	0.0	0.0	0.0006818599040151060	0.0006818599040151060	0.9685557682725340	6/19/23	June	No_Site2018	50
276	imp	Q	DRA180529-029	5/29/18	TM	Port Clyde	Knox	43.927	-69.259							6/20/18	11/13/18	89.9	1.97	89.9	1.97	2018_3	229.0	2018	0.1711069310766240	Coast_Port_Clyde_ME	Port_Clyde_ME	0.0	28	3.019459157088060	-0.09411602245573630	-0.10968715937977500	Port Clyde5/29/18	0.9509709921183070	0.04132607459169580	0.0029414154546193200	0.0	0.0	0.0	0.0	0.000520029251645405	0.014512066303729600	0.9185991712033800	0.9336312667587550	0.9952384821646220	5/29/23	May	Coast_Port_Clyde_ME2018	59
280	imp	W	MY180621-005	6/21/18	TM	Eustis Parking Lot; Colby College 	Kennebec	44.563	-69.661	catmint; clover	76.0	1.5			14:00	6/25/18	11/6/18	39.3	1.84	39.3	1.84	2018_3	182.0	2018	8.216827428279940	Colby_College	Colby_College	1.0	51	3.49925806769721	-0.038958450913085600	-0.15307748677871800	Eustis Parking Lot; Colby College 6/21/18	0.7909637714354	0.10082853671652500	0.0020115915473321500	0.0	0.0	0.10509072078711000	0.0	0.00048796032583799700	0.00031866796789420200	0.7856858332171520	0.8915831822979940	0.893803899699257	6/21/23	June	Colby_College2018	75
281	bim	W	MY180615-009	6/15/18	TM	Eustis 	Franklin	45.2084	-70.4737	Lupine	71.0	1.0			13:37	6/19/18	11/13/18	65.5	1.89	65.5	1.88	2018_3	194.0	2018	1.669779438523190	Eustis 	Stratton_ME	0.0	45	3.522604202208740	0.2632349471350750	-0.006712085288640750	Eustis 6/15/18	0.5124727408116590	0.3954576884208290	0.08111270677091640	0.0	0.0	0.0	0.0	0.0014360938247965500	0.0011169618637306500	0.0003723206212435510	0.0029253763097707600	0.9890431360034040	6/15/23	June	Eustis 2018	44
282	terri	W	TWM180615-006	6/15/18	TM	Eustis 	Franklin	45.2084	-70.4737	Lupine	71.0	1.0			13:37	6/20/18	11/13/18	27.8	1.96	27.8	1.96	2018_3	206.0	2018	1.7298869057881900	Eustis 	Stratton_ME	0.0	45	3.722522005974640	-0.041754185543579600	0.055277046396724700	Eustis 6/15/18	0.4847528354376200	0.03069762465225770	0.48305157286539700	0.0008559811684142950	0.0	0.0	0.0	0.4816071046436980	0.4019580569227480	0.0729402953135031	0.9573614380483630	0.998502032955275	6/15/23	June	Eustis 2018	44
283	bim	W	TWM180626-010	6/26/18	TM	Hancock	Hancock	44.5503	-68.3681		76.0				16:00	6/28/18	11/13/18	39.1	1.83	39.1	1.83	2018_3	218.0	2018	11408.69432079580	Ellsworth_ME	Ellsworth_ME	1.0	56	4.588749494496440	-0.01895956919004080	-0.12663156648644600	Hancock6/26/18	0.8136199166774790	0.14043737116002800	0.043535296746385300	0.0	0.0006631204140177890	0.0	0.0	0.033156020700889400	0.05744640977958450	0.6823076590407820	0.7735732099352740	0.9975925845838920	6/26/23	June	Ellsworth_ME2018	78
284	tern	Q	TWM180615-002	6/15/18	TM	New Portland	Somerset	44.9092	-70.1247		72.0	2.0			11:07	6/18/18	11/13/18	58.9	2.03	58.9	2.03	2018_3	230.0	2018	0.0591516105864882	Kingfield_ME	Kingfield_ME	0.0	45	6.267630576966380	0.1093677086677700	0.014011808362277200	New Portland6/15/18	0.5187300823762850	0.20888701821898900	0.26180025254043700	0.0	0.004449521977030850	0.00036077205219169000	0.0	0.1866394083338340	0.08333834405628040	0.15260657807708500	0.4273946244964220	0.9894173531357100	6/15/23	June	Kingfield_ME2018	65
29	vag	W	DRA180720-002	7/20/18	TM	Monhegan Island	Monhegan Island	43.764	-69.314							7/31/18	9/18/18	57.0	1.99	57.0	1.99	2018_1	25.0	2018	13.008474574213300	Monhegan_Island	Monhegan_Island	0.0	80		-0.058183085406408800	0.08146947346756780	Monhegan Island7/20/18	0.4817813765182190	0.0	0.5111336032388660	0.0	0.0	0.00708502024291498	0.0	0.5111336032388660	0.04149797570850200	0.02125506072874490	0.5809716599190280	0.992914979757085	7/20/23	July	Monhegan_Island2018	47
3	bor	M	DRA180814-004	8/14/18	TM	Allen Island; Trail	Allen Island	43.8755	-69.3113	Thistle					10:00	8/16/18	9/25/18	24.0	1.88	44.9	1.68	2018_1	56.0	2018	6.258544786776990	Allen_Island	Allen_Island	0.0	105	4.498583458867180	-0.10726890373197300	-0.024419273443858000	Allen Island; Trail8/14/18	0.7733496388406330	0.008331809454146480	0.20637514857822100	0.0	0.0	0.003885891926488070	0.0042859102130383100	0.20637514857822100	0.13248605650544000	0.00030858553533875800	0.3473415927585260	0.9880565968730000	8/14/23	August	Allen_Island2018	49
30	tern	W	MY180802-006	8/2/18	TM	Swans Island; Quarry	Swans Island	44.1399	-68.4339	rosa rugosa	72.0	1.5			13:56	8/3/18	9/11/18	25.5	1.9	25.5	1.9	2018_1	11.0	2018	65.53526516106950	Swans_Island_ME	Swans_Island_ME	1.0	93	2.858035058858080	-0.11481035130389900	-0.08380784081063350	Swans Island; Quarry8/2/18	0.9884540351156590	0.0005872516622208070	0.00035832304813472900	0.0	0.01025202054385480	0.0	0.0	0.00035832304813472900	0.7846777083250390	0.20371660628259700	0.9990046581996260	0.9893996098260140	8/2/23	August	Swans_Island_ME2018	57
31	bor	M	MY180814-001	8/14/18	TM	Allen Island; Trail	Allen Island	43.8755	-69.3113	Thistle					10:00	8/16/18	9/11/18	25.3	1.74	25.3	1.74	2018_1	19.0	2018	25004.430913267800	Allen_Island	Allen_Island	1.0	105	6.483961143804670	0.002025207459773150	0.07620714968277940	Allen Island; Trail8/14/18	0.3486390931028680	0.05659127897188390	0.5143498512823390	0.0029294573208373100	0.0	0.021606150737976300	0.009809753633761710	0.5143498512823390	0.23941859812559600	0.0004601829507828720	0.7885739940512940	0.9195802233570910	8/14/23	August	Allen_Island2018	49
32	imp	W	MY180731-002	7/31/18	TM	Eustis Parking Lot; Colby College	Kennebec	44.563	-69.661		83.0	2.0			13:26	8/6/18	10/18/18	35.2	1.89	35.2	1.89	2018_2	90.0	2018	19.04820552656740	Colby_College	Colby_College	0.0	91	2.775900652001190	-0.09104233665590960	-0.029425753307629300	Eustis Parking Lot; Colby College7/31/18	0.6509546762321120	0.00031760266038934300	0.2515786720472290	0.006912528490826890	0.005343197698314840	0.006258640660613530	0.05606621081343650	0.2515786720472290	0.32640212233307200	0.32378657101221800	0.9763479430557110	0.9028509509397300	7/31/23	July	Colby_College2018	46
33	imp	Q	DRA180509-009	5/9/18	TM	Eustis Parking Lot; Colby College 	Kennebec	44.563	-69.661							8/6/18	10/18/18	132.5	1.99	132.5	1.99	2018_1	80.0	2018	0.2631415038973500	Colby_College	Colby_College	0.0	8	3.113329377745360	0.01931456987704240	0.2164118680705850	Eustis Parking Lot; Colby College 5/9/18	0.007802746566791510	0.0	0.9890761548064920	0.0	0.0	0.0	0.0	0.9887640449438200	0.002418851435705370	0.002730961298377030	0.9939138576779030	0.9968789013732830	5/9/23	May	Colby_College2018	37
34	tern	W	TWM180719-005	7/19/18	TM	Manset Union Church	MDI	44.2662	-68.3096		75.0	0.0			15:05	7/25/18	10/9/18	23.3	1.91	41.1	1.66	2018_1	64.0	2018	8.614428348391390	MDI_Southwest_Harbor	MDI_Southwest_Harbor	0.0	79	4.782596164542580	-0.06078845895215390	0.061445627387104600	Manset Union Church7/19/18	0.49023907646161800	0.0	0.49374267458127000	0.0	0.015211665217336500	6.30143546699938E-05	2.52057418679975E-05	0.49374267458127000	0.3356648644561230	0.1541457143937390	0.9988531387450060	0.9839817510428880	7/19/23	July	MDI_Southwest_Harbor2018	41
35	imp	W	DRA180814-017	8/14/18	TM	Allen Island; Garden	Allen Island	43.8755	-69.3113							8/16/18	9/25/18	20.6	1.81	36.4	1.58	2018_1	52.0	2018	764.1736516263010	Allen_Island	Allen_Island	1.0	105	5.373389486559030	-0.06245064316632780	0.06912327572591630	Allen Island; Garden8/14/18	0.4548796395114430	9.2230259430544E-05	0.5090715048025610	0.02170046246887230	0.007167608732887990	0.004031779912249500	0.0	0.5090715048025610	0.00018446051886108800	0.4372900114629040	0.9794458278983360	0.964043374573435	8/14/23	August	Allen_Island2018	43
36	per	W	TWM180724-025	7/24/18	TM	Allen Island	Allen Island	43.8755	-69.3113							7/30/18	9/18/18	30.6	1.92	30.6	1.92	2018_1	38.0	2018	1464.0473082289700	Allen_Island	Allen_Island	1.0	84	8.26223204813104	-0.12448224208976200	-0.09596362558685210	Allen Island7/24/18	0.9975152676326190	0.00021953458667624600	0.0009280325709495870	0.0	0.0	0.0	0.0	0.0009280325709495870	0.08811320001596620	0.8978864806609990	0.9869277132479140	0.9986628347902450	7/24/23	July	Allen_Island2018	40
37	bor	W	TWM180703-005	7/3/18	TM	Bingham	Somerset	44.9787	-69.8669						15:45	7/6/18	9/18/18	27.6	2.11	27.6	2.11	2018_1	26.0	2018	16.34762906613750	Solon_ME	Solon_ME	0.0	63	4.705812815168270	-0.06405049378864530	0.0454532533860712	Bingham7/3/18	0.45873390591268400	0.0	0.44772236631618200	0.0016540606022954900	0.001685122773230620	0.0025548635594141700	0.08392998586671220	0.44772236631618200	0.45831456660506000	0.00024849736748101300	0.9961094630903750	0.906456272228866	7/3/23	July	Solon_ME2018	55
38	bim	M	TWM180731-001	7/31/18	TM	Eustis Parking Lot; Colby College	Kennebec	44.563	-69.661		83.0	2.0			13:26	8/6/18	9/11/18	29.6	2.02	29.6	2.02	2018_1	13.0	2018	13.004236263507200	Colby_College	Colby_College	0.0	91	2.100782379028560	-0.06251197281434500	0.0502265743166496	Eustis Parking Lot; Colby College7/31/18	0.5340628558185460	0.0006650343097246150	0.45638483318722700	0.001118466793627760	0.004594782503551890	0.0	0.0	0.45638483318722700	0.5331156857410600	0.0003828985419626570	0.9955966667674300	0.9911127233154980	7/31/23	July	Colby_College2018	46
39	imp	M	MY180814-008	8/14/18	TM	Allen Island; Garden	Allen Island	43.8755	-69.3113							8/16/18	9/11/18	113.7	1.98	113.7	1.98	2018_1	12.0	2018	1088.550953282260	Allen_Island	Allen_Island	1.0	105	6.071568454276400	0.13206420711923900	0.03346946831342190	Allen Island; Garden8/14/18	0.5548509197157850	0.022943090510658100	0.0030878544392057900	0.0	0.0013945149080284200	0.00013281094362175400	0.06428049671292910	0.0030878544392057900	0.0042831529318015800	0.0013945149080284200	0.07457334484361510	0.5808818646656490	8/14/23	August	Allen_Island2018	43
4	tern	W	TWM180814-017	8/14/18	TM	Allen Island; Garden	Allen Island	43.8755	-69.3113							8/16/18	9/25/18	24.4	2.06	42.6	1.66	2018_1	45.0	2018	91581.81623182360	Allen_Island	Allen_Island	1.0	105	2.956442239021390	-0.0782978820257002	-0.04732402237813090	Allen Island; Garden8/14/18	0.997486958839432	0.0009709477211285840	0.0003998020028176520	0.0	0.0	0.0	0.0	0.0003998020028176520	0.07476297452690100	0.597285154018962	0.6724479305486810	0.9988577085633780	8/14/23	August	Allen_Island2018	43
40	bim	M	TWM180731-008	7/31/18	TM	Eustis Parking Lot; Colby College	Kennebec	44.563	-69.661		83.0	2.0			13:26	8/6/18	10/18/18	27.5	1.93	27.5	1.93	2018_2	91.0	2018	32.66600468108590	Colby_College	Colby_College	0.0	91	7.065055522135220	-0.021117099964774900	0.12454280126372900	Eustis Parking Lot; Colby College7/31/18	0.2858771229909950	0.007785250199475660	0.6761313119799390	0.003510771685854330	0.011364413541547900	0.0	0.0	0.6761313119799390	0.28364299555454200	0.00020517496865382400	0.974854667730537	0.9697936851704090	7/31/23	July	Colby_College2018	46
41	vag	M	MY180814-007	8/14/18	TM	Allen Island; Garden	Allen Island	43.8755	-69.3113							8/16/18	10/18/18	27.7	2.03	27.7	2.03	2018_1	81.0	2018	235840.7502868800	Allen_Island	Allen_Island	1.0	105	7.127732796259850	0.1457538335083180	0.048821204306731900	Allen Island; Garden8/14/18	0.7507898589812750	0.20960160283578600	0.0030438468058873400	0.0	0.0	0.00011558911921091200	0.0	0.002273252677814600	0.0013485397241273000	0.0021576635586036800	0.005895045079756490	0.9634353086229480	8/14/23	August	Allen_Island2018	43
42	per	M	TWM180724-009	7/24/18	TM	Allen Island	Allen Island	43.8755	-69.3113							7/25/18	10/9/18	29.2	1.72	29.2	1.72	2018_1	65.0	2018	13.407969463919300	Allen_Island	Allen_Island	0.0	84	15.34355266888770	-0.07526359549512680	-0.07265281495243490	Allen Island7/24/18	0.8607330351934670	0.0018471709119191100	0.05016527318685590	0.026200661092747400	0.0006805366517596730	0.03485319852226330	0.00014582928251993	0.04651954112385770	0.04647093136301770	0.0009235854559595570	0.15579428349212500	0.9127454792922420	7/24/23	July	Allen_Island2018	40
43	bor	Q	JLS180814-001	8/14/18	TM	Allen Island; Garden	Allen Island	43.8755	-69.3113							8/16/18	9/25/18	53.5	1.83	53.5	1.83	2018_1	53.0	2018	19.11841038399630	Allen_Island	Allen_Island	1.0	105	5.689525999974560	0.0428650485330724	0.00644705874641087	Allen Island; Garden8/14/18	0.4267426004652280	0.16416138605919600	0.30570305606802000	0.033672896446619100	0.0	0.05292371861714930	0.0	0.30570305606802000	0.16305446378439100	0.0002406352771316280	0.5555947701933100	0.8966070425924440	8/14/23	August	Allen_Island2018	43
44	vag	M	TWM180711-015	7/11/18	TM	Aurora	Hancock	44.8574	-68.3201		77.0	0.0			14:59	7/25/18	9/18/18	34.2	2.05	34.2	2.05	2018_1	43.0	2018	57.49529644207850	Aurora_ME	Aurora_ME	1.0	71	1.529783078677180	-0.02143872333242410	0.13772474137637300	Aurora7/11/18	0.25969185289912100	0.0	0.733391706697942	0.0013575823787413800	0.005301801005735590	0.0	0.0	0.733391706697942	0.2032919364426520	0.001727101842777500	0.9450701283678490	0.9930835595970630	7/11/23	July	Aurora_ME2018	79
45	bor	M	TWM180724-023	7/24/18	TM	Allen Island	Allen Island	43.8755	-69.3113							7/30/18	9/18/18	26.0	1.9	26.0	1.9	2018_1	28.0	2018	62.25152950917500	Allen_Island	Allen_Island	1.0	84	4.354570518124400	-0.0031474185118229600	0.15278624280047500	Allen Island7/24/18	0.17864803640518800	0.00032075055630174600	0.800282661427741	0.0	0.0	0.00046107892468376	0.003067177194635450	0.800282661427741	0.17593168013150800	0.00028065673676402800	0.9800232544153320	0.9792514483892310	7/24/23	July	Allen_Island2018	40
46	bim	W	TWM180621-002	6/21/18	TM	Eustis Parking Lot; Colby College 	Kennebec	44.563	-69.661	catmint; clover	76.0	1.5			14:00	6/25/18	9/10/18	61.9	2.11	61.9	2.11	2018_1	1.0	2018	0.7809677599988430	Colby_College	Colby_College	0.0	51	3.33368091894198	-0.030840842656293000	0.12200950044009000	Eustis Parking Lot; Colby College 6/21/18	0.30820599769079500	0.0	0.6892247521765810	0.0	0.0018307207422740500	0.0	0.0	0.6892247521765810	0.30739465554365100	0.00021843827038497100	0.9986685667328920	0.9974307498673770	6/21/23	June	Colby_College2018	75
47	vag	W	TWM180802-001	8/2/18	TM	Swans Island; Roadside	Swans Island	44.1722	-68.4233	Thistle	70.0				11:56	8/6/18	9/11/18	24.0	1.81	42.3	1.6	2018_1	17.0	2018	533.8617792652140	Swans_Island_ME	Swans_Island_ME	1.0	93	5.737778355678110	-0.11052964331355100	-0.08666577961349430	Swans Island; Roadside8/2/18	0.9806790209465420	0.00033672379359992600	0.005561748177047050	0.0	0.0037155728948957300	0.0	0.00016255631415168800	0.005561748177047050	0.0022525660675305400	0.004899911755143750	0.016592355208768800	0.9865774929171890	8/2/23	August	Swans_Island_ME2018	52
48	bor	M	MY180814-011	8/14/18	TM	Allen Island; Garden	Allen Island	43.8755	-69.3113							8/16/18	10/18/18	32.6	1.97	32.6	1.97	2018_2	88.0	2018	13500.036486627900	Allen_Island	Allen_Island	1.0	105	7.442280648240870	0.028075566254827700	0.03714340764649720	Allen Island; Garden8/14/18	0.39604273217353500	0.16713729981635400	0.4199956556940030	0.0004344305997116960	0.0	0.0004541774451531370	0.009044055212179850	0.4199956556940030	0.2490077210165680	0.00015797476353152600	0.6790940147311470	0.9831756876838930	8/14/23	August	Allen_Island2018	43
49	imp	W	TWM180719-001	7/19/18	TM	Agamont Park	MDI	44.3905	-68.2049		73.0	0.0			12:24	7/25/18	10/9/18	35.7	1.79	35.7	1.79	2018_1	75.0	2018	10.489489133817800	MDI_Bar_Harbor	MDI_Bar_Harbor	0.0	79	4.971333687611280	-0.10666517240726400	-0.07627192040552890	Agamont Park7/19/18	0.6652033030208010	6.53287341904463E-05	0.16367461064074400	0.004886589317445390	0.001920664785199120	0.010374202989442900	0.1533396048918160	0.16367461064074400	0.5629507682659140	0.10090676283056300	0.9980532037211250	0.8289432423957350	7/19/23	July	MDI_Bar_Harbor2018	71
5	tern	W	TWM180719-006	7/19/18	TM	Manset Union Church	MDI	44.2662	-68.3096		75.0	0.0			15:05	7/25/18	9/18/18	33.7	1.94	33.7	1.94	2018_1	32.0	2018	0.0	MDI_Southwest_Harbor	MDI_Southwest_Harbor	0.0	79	5.794937350837990	-0.12320725246359200	-0.09463771031675510	Manset Union Church7/19/18	0.9942306864335020	0.0009041461559436850	0.0033152025717935100	0.0	0.0	0.000330085104550869	0.0	0.0032003903615149500	0.17584925156790400	0.8174055310782300	0.9967852581122000	0.9984500351612390	7/19/23	July	MDI_Southwest_Harbor2018	41
51	per	M	TWM180814-004	8/14/18	TM	Allen Island; Trail	Allen Island	43.8755	-69.3113	Thistle					10:00	8/16/18	9/25/18	35.4	1.84	35.4	1.84	2018_1	50.0	2018	38256.57459939050	Allen_Island	Allen_Island	1.0	105	6.448962097683310	0.22071858924922900	-0.031067322003784200	Allen Island; Trail8/14/18	0.007109207708779440	0.014355460385439000	0.0012334047109207700	0.00015417558886509600	0.0	0.00011991434689507500	0.00010278372591006400	0.0012334047109207700	0.0011477516059957200	0.00015417558886509600	0.00291220556745182	0.022698072805139200	8/14/23	August	Allen_Island2018	49
52	terri	W	MY180703-002	7/3/18	TM	Seboomook Lake 	Somerset	45.7868	-70.3613		80.0	1.0			12:30	7/6/18	9/18/18	46.6	2.01	46.6	2.01	2018_1	40.0	2018	5.0300017232756900	Seboomook_Lake_ME	Seboomook_Lake_ME	0.0	63	2.098803012950260	-0.09396274677600920	-0.03827126087314300	Seboomook Lake 7/3/18	0.8270036724994600	0.0	0.16701951465399300	0.005184705119896310	0.0	0.0	7.20097933318931E-05	0.16701951465399300	0.8256210844674880	0.0004608626773241160	0.998358176712033	0.9940231871534530	7/3/23	July	Seboomook_Lake_ME2018	80
53	bim	W	MY180711-004	7/11/18	TM	Little Pembroke Brook	Washington	44.911	-67.8002		75.0	0.0			13:52	7/25/18	9/18/18	57.2	2.05	57.2	2.05	2018_1	29.0	2018	0.0	Little Pembroke Brook	Pickerel_Lake	0.0	71	6.002471952479410	-0.0822450710841394	-0.12733606039399000	Little Pembroke Brook7/11/18	0.7758401097286180	9.79719800137161E-05	0.007347898501028710	0.0	0.0	0.0	0.00019594396002743200	0.007347898501028710	0.08729303419222100	0.6856079161359850	0.7804447927892620	0.78328598020966	7/11/23	July	Little Pembroke Brook2018	39
54	vag	W	MY180802-001	8/2/18	TM	Swans Island; Roadside	Swans Island	44.1722	-68.4233	Thistle	70.0				11:56	8/3/18	9/11/18	23.0	1.9	39.9	1.65	2018_1	4.0	2018	11465.521023063100	Swans_Island_ME	Swans_Island_ME	1.0	93	20.596053262056	-0.10184643153922600	-0.10220212927274500	Swans Island; Roadside8/2/18	0.8384679433805160	0.022980849292256500	0.022481265611990000	0.0	0.0	0.0	0.0	0.022481265611990000	0.011990008326394700	0.030308076602831000	0.06477935054121570	0.8839300582847630	8/2/23	August	Swans_Island_ME2018	52
55	vag	W	DRA180814-007	8/14/18	TM	Allen Island; Garden	Allen Island	43.8755	-69.3113							8/16/18	9/11/18	50.1	1.84	50.1	1.84	2018_1	79.0	2018	39403.57032198750	Allen_Island	Allen_Island	1.0	105	7.623163976217260	-0.10425737025021000	-0.055366885011295100	Allen Island; Garden8/14/18	0.8165923388168580	0.017159396320033100	0.15780147080539900	0.0006497533890546090	0.0	0.00011813697982811100	0.0	0.15780147080539900	0.08136684485661120	0.35150181635606500	0.5914380223869580	0.99155320594229	8/14/23	August	Allen_Island2018	43
56	bim	Q	TWM180607-003	6/7/18	FJ	Eustis Parking Lot; Colby College 	Kennebec	44.563	-69.661							6/11/18	10/19/18	143.8	2.16	143.8	2.16	2018_2	93.0	2018	12.205135769671200	Colby_College	Colby_College	1.0	37	17.65894970216270	0.2686811659093010	-0.015356726155802000	Eustis Parking Lot; Colby College 6/7/18	0.042882625758116300	0.6191937210132000	0.2142704245451300	0.0	0.009347128077060290	0.0	0.0	0.011487691758829800	0.005422761327149480	0.0	0.026257581163039600	0.8763467713164470	6/7/23	June	Colby_College2018	64
57	ruf	W	TWM180724-018	7/24/18	TM	Allen Island	Allen Island	43.8755	-69.3113							7/30/18	10/9/18	24.7	1.78	42.9	1.68	2018_1	74.0	2018	29559.96882051550	Allen_Island	Allen_Island	1.0	84	14.23703129636080	-0.051245663497750700	-0.12531865430477100	Allen Island7/24/18	0.7886904761904760	0.09646358543417370	0.025035014005602200	0.0	0.003326330532212890	0.0	0.0	0.010679271708683500	0.140406162464986	0.014355742296918800	0.1687675070028010	0.9101890756302520	7/24/23	July	Allen_Island2018	40
58	bor	W	DRA180720-010	7/20/18	TM	Monhegan Island	Monhegan Island	43.764	-69.314							7/31/18	10/9/18	41.8	1.92	41.8	1.92	2018_1	63.0	2018	24.639613097544500	Monhegan_Island	Monhegan_Island	1.0	80	3.867121278452590	-0.06922794615674710	0.021581449454081000	Monhegan Island7/20/18	0.5519912578921810	0.0	0.3901408450704230	0.0	0.0	0.0	0.05138416707139390	0.3901408450704230	0.5511413307430790	0.00026711996114618700	0.9929334628460420	0.9421321029626030	7/20/23	July	Monhegan_Island2018	47
59	imp	M	DRA180814-003	8/14/18	TM	Allen Island; Trail	Allen Island	43.8755	-69.3113	Thistle					10:00	8/16/18	9/25/18	44.2	1.8	44.2	1.8	2018_1	51.0	2018	19.694466793228100	Allen_Island	Allen_Island	0.0	105	4.490418037002530	-0.10037197092595900	-0.09538161790324260	Allen Island; Trail8/14/18	0.6577846196907140	0.005388006437618080	0.1287663564481140	0.06850465327828700	0.019564761038415800	0.0009796375341123790	0.0972500174935274	0.1287663564481140	0.07852494577006510	0.5775383108249950	0.9711286823875170	0.7919389825764470	8/14/23	August	Allen_Island2018	49
60	bim	W	TWM180711-001	7/11/18	TM	Baileyville Big Stop	Washington	45.1235	-67.3506		70.0	1.5			12:37	7/25/18	9/18/18	56.2	1.93	56.2	1.93	2018_1	39.0	2018	6.678147134014920	Baring_ME	Baring_ME	0.0	71	4.522271790911210	-0.01287187968007260	0.15106108800016500	Baileyville Big Stop7/11/18	0.20701422156390300	4.68739746318049E-05	0.7809672913405020	0.0	0.009646663979225450	0.0	0.0	0.7809672913405020	0.20632986153427900	0.00045936495139168800	0.9974031818053980	0.9880283868790370	7/11/23	July	Baring_ME2018	48
61	ruf	W	TWM180724-022	7/24/18	TM	Allen Island	Allen Island	43.8755	-69.3113							7/30/18	9/18/18	44.0	2.1	44.0	2.1	2018_1	23.0	2018	15217.390115467200	Allen_Island	Allen_Island	1.0	84	1.425364181917920	-0.1570584564050330	-0.09151093314221960	Allen Island7/24/18	0.9971369861524360	0.0	0.0004385122475383520	0.0	2.17444089688439E-05	0.0	0.0	0.0004385122475383520	0.0002464366349802310	0.00025006070314170500	0.000956753994629131	0.9975754983999740	7/24/23	July	Allen_Island2018	40
62	tern	W	TWM180626-007	6/26/18	TM	East Hancock	Hancock	44.63	-68.1405		73.0				15:40	6/28/18	9/10/18	28.4	2.16	28.4	2.16	2018_1	3.0	2018	2.384567328726360	East Hancock	East Hancock	0.0	56	5.386425107101570	-0.12136638306711900	-0.09788969256713180	East Hancock6/26/18	0.9796707101847510	0.0	0.008489153988785380	0.0	8.93595156714251E-05	0.0	0.0	0.008489153988785380	0.000759555883207113	0.9783079775707620	0.9876460469584260	0.9881598641735360	6/26/23	June	East Hancock2018	63
63	tern	W	TWM180802-007	8/2/18	TM	Swans Island; Roadside	Swans Island	44.1722	-68.4233	Thistle	70.0				11:56	8/3/18	9/11/18	19.3	1.82	30.1	1.53	2018_1	14.0	2018	58.79995257509790	Swans_Island_ME	Swans_Island_ME	1.0	93	3.371384982335570	-0.09154230768951870	-0.008613129358999740	Swans Island; Roadside8/2/18	0.7032479130973650	0.0002041337075784640	0.29119673386067900	0.0	0.004709656253417420	0.0	2.91619582254948E-05	0.29116028141289700	0.2557576641271460	0.44710385302373100	0.9987606167754170	0.9946487806656220	8/2/23	August	Swans_Island_ME2018	52
64	terri	W	TWM180703-001	7/3/18	TM	Jackman	Somerset	45.6111	-70.2116		80.0	5.0			13:30	7/6/18	10/19/18	48.3	1.9	48.3	1.9	2018_2	92.0	2018	5.469253211782590	Jackman_ME	Jackman_ME	0.0	63	6.992851406839450	-0.026515241607745800	0.14785272322585400	Jackman7/3/18	0.2527652437806970	0.0	0.7309427784211160	0.0093239627840115	0.0	0.0015772870662460600	0.0006788324082577970	0.7309427784211160	0.2520464800543070	0.0002395879087968690	0.9948089286427350	0.9837080222018130	7/3/23	July	Jackman_ME2018	53
65	imp	W	TWM180711-014	7/11/18	TM	Aurora	Hancock	44.8574	-68.3201		77.0	0.0			14:59	7/25/18	10/9/18	27.3	1.8	27.3	1.8	2018_1	72.0	2018	775.056203145193	Aurora_ME	Aurora_ME	1.0	71	5.045454093881750	-0.1147668342161280	-0.17560386566892400	Aurora7/11/18	0.5867194286265800	0.0	0.05274587395039090	0.0	0.0	0.015635556413473600	0.3316282212141690	0.052649358170060800	0.00048257890165042000	0.5852234340314640	0.9856191487308180	0.6394653025769710	7/11/23	July	Aurora_ME2018	79
66	bor	M	TWM180724-014	7/24/18	TM	Allen Island	Allen Island	43.8755	-69.3113							7/25/18	10/9/18	30.2	1.89	30.2	1.89	2018_1	60.0	2018	52.34683263774400	Allen_Island	Allen_Island	1.0	84	5.52896537627834	-0.06274457160162990	0.046853602911779900	Allen Island7/24/18	0.46380805255173800	6.95865169164823E-05	0.44787274017786300	0.005205071465352870	0.0	0.009783864278457410	0.07095041264804530	0.44777531905418000	0.4630704354724230	8.35038202997787E-05	0.9968686067387580	0.9117503792465170	7/24/23	July	Allen_Island2018	40
67	vag	W	MY180814-010	8/14/18	TM	Allen Island; Garden	Allen Island	43.8755	-69.3113							8/16/18	9/25/18	21.8	1.92	42.9	1.66	2018_1	49.0	2018	2996.9929504668200	Allen_Island	Allen_Island	1.0	105	8.720939553171890	-0.03820746505092520	-0.1368833449614500	Allen Island; Garden8/14/18	0.8565542409794570	0.13932544587674400	0.000765201012419801	7.84821551199796E-05	0.0	0.00011772323267996900	0.0	0.000765201012419801	0.000765201012419801	0.0018835717228795100	0.003610179135519060	0.9966448878686210	8/14/23	August	Allen_Island2018	43
68	ruf	W	TWM180724-001	7/24/18	TM	Allen Island	Allen Island	43.8755	-69.3113							7/25/18	9/18/18	20.9	1.89	31.3	1.56	2018_1	37.0	2018	11976.692290083100	Allen_Island	Allen_Island	1.0	84	6.15347665327862	-0.1311077096800880	-0.08908576041835260	Allen Island7/24/18	0.9850897688145600	0.0003074274471224790	0.002274963108706350	0.0004918839153959670	0.0	0.00018445646827348700	0.0	0.002274963108706350	0.000983767830791933	0.0017830791933103800	0.005718150516478110	0.9876721593703890	7/24/23	July	Allen_Island2018	40
69	bor	M	TWM180724-004	7/24/18	TM	Allen Island	Allen Island	43.8755	-69.3113							7/25/18	9/18/18	14.8	2.05	26.8	1.6	2018_1	22.0	2018	13.325734035157500	Allen_Island	Allen_Island	0.0	84	3.617590370996810	-0.010208130240914900	0.1504066699767560	Allen Island7/24/18	0.20307211413997100	0.0	0.7945691465390770	0.0005081836748391550	0.0	0.0014957859108473200	0.0	0.7945691465390770	0.20214204213130300	0.0001821790532442250	0.9988973373093110	0.9976412606790490	7/24/23	July	Allen_Island2018	40
7	vag	M	MY180814-013	8/14/18	TM	Allen Island; Garden	Allen Island	43.8755	-69.3113							8/16/18	9/11/18	29.8	1.92	29.8	1.92	2018_1	5.0	2018	4847.670704083540	Allen_Island	Allen_Island	1.0	105	6.774164969130850	-0.08492239905600560	-0.07182843757193740	Allen Island; Garden8/14/18	0.9549227557411270	0.031649269311064700	0.0005010438413361170	0.0014363256784968700	0.0	0.0	0.0	0.00043423799582463500	0.00038413361169102300	0.0008517745302713990	0.003106471816283930	0.9870730688935280	8/14/23	August	Allen_Island2018	43
70	tern	W	TWM180802-010	8/2/18	TM	Swans Island; Quarry	Swans Island	44.1399	-68.4339	rosa rugosa	72.0	1.5			13:56	8/6/18	9/11/18	18.2	1.91	31.7	1.5	2018_1	10.0	2018	50213.84737427050	Swans_Island_ME	Swans_Island_ME	1.0	93	2.506757292009980	-0.12519335219603700	-0.09354699321339780	Swans Island; Quarry8/2/18	0.9926893284680880	0.0	0.00044811471736764600	0.0	0.005876704436335700	0.0	0.0	0.00044811471736764600	0.09082645157160230	0.9016836310095380	0.9988349017348440	0.9931374431854560	8/2/23	August	Swans_Island_ME2018	57
71	bor	W	TWM180814-003	8/14/18	TM	Allen Island; Trail	Allen Island	43.8755	-69.3113	Thistle					10:00	8/16/18	10/18/18	45.7	1.93	45.7	1.93	2018_2	82.0	2018	77874.58464703860	Allen_Island	Allen_Island	1.0	105	4.684427344699050	-0.009038349979644890	-0.13324856566588200	Allen Island; Trail8/14/18	0.6889507892293410	0.08793841914517630	0.0013777817713481300	0.032617485847785100	0.00023961422110402300	0.040404948033665800	0.0	0.0013777817713481300	0.13571150447779100	0.0008386497738640790	0.21118998412555800	0.7782669901458650	8/14/23	August	Allen_Island2018	49
72	tern	W	MY180719-005	7/19/18	TM	Manset Union Church	MDI	44.2662	-68.3096		75.0	0.0			15:05	7/25/18	10/19/18	27.1	2.17	27.1	2.17	2018_2	95.0	2018	11464.177508961700	MDI_Southwest_Harbor	MDI_Southwest_Harbor	1.0	79	6.789556355556960	-0.04385453508234890	0.08406650023151350	Manset Union Church7/19/18	0.4269855575828190	0.00043964740278296800	0.5158602800553960	0.0	0.05190037589852940	0.0	0.0	0.5157503682047000	0.42034688180079600	0.0	0.987997625904025	0.9432854850409970	7/19/23	July	MDI_Southwest_Harbor2018	41
73	bor	M	TWM180724-021	7/24/18	TM	Allen Island	Allen Island	43.8755	-69.3113							7/30/18	10/9/18	18.2	1.7	41.2	1.67	2018_1	73.0	2018	64.45836728233370	Allen_Island	Allen_Island	1.0	84	4.186210860455710	-0.09362396655537140	-0.06969806953387350	Allen Island7/24/18	0.8167092726005110	0.00020915640250987700	0.09460841273530100	0.026586102719033200	0.0	0.06023704392284450	0.0	0.09460841273530100	0.5810132465721590	0.17408784568905400	0.9365326516383920	0.9115268417383220	7/24/23	July	Allen_Island2018	40
74	imp	W	MY180719-003	7/19/18	TM	Brown Family Farm	MDI	44.3288	-68.2073		75.0	1.5			13:23	7/25/18	10/9/18	32.3	1.87	32.3	1.87	2018_1	61.0	2018	2.17629179628986	MDI_Acadia	MDI_Bar_Harbor	0.0	79	1.947681733841890	-0.08509233762033370	-0.02725074998863430	Brown Family Farm7/19/18	0.6022022615356560	0.00015958416925041000	0.2683521794637970	0.0	0.0	0.025943826372423900	0.10106237461243800	0.2683521794637970	0.5475788801750870	0.05462338136056900	0.997560641984315	0.8707140251687030	7/19/23	July	MDI_Acadia2018	54
75	vag	W	MY180814-009	8/14/18	TM	Allen Island; Garden	Allen Island	43.8755	-69.3113							8/16/18	9/25/18	15.0	1.86	37.3	1.63	2018_1	48.0	2018	5481.654940559290	Allen_Island	Allen_Island	1.0	105	4.563208505695370	-0.15130542526391300	-0.09251336802485020	Allen Island; Garden8/14/18	0.9940040189278540	0.002236338886368060	0.0008750891294483700	0.0	0.0	0.0	0.0	0.0008102677124521940	0.0005833927529655800	0.0011667855059311600	0.0025604459713489300	0.9971154469436700	8/14/23	August	Allen_Island2018	43
76	bim	M	TWM180724-026	7/24/18	TM	Allen Island	Allen Island	43.8755	-69.3113							7/30/18	9/18/18	60.1	1.95	60.1	1.95	2018_1	36.0	2018	13.693991967777500	Allen_Island	Allen_Island	0.0	84	8.985719570157530	0.04211281214620920	-0.17538973188861000	Allen Island7/24/18	0.6535947712418300	0.26514161220043600	0.00718954248366013	0.0	0.0	0.0	0.0	0.00718954248366013	0.004139433551198260	0.2019607843137260	0.21328976034858400	0.9259259259259260	7/24/23	July	Allen_Island2018	40
77	bim	W	MY180711-001	7/11/18	TM	Baileyville Big Stop	Washington	45.1235	-67.3506		70.0	1.5			12:37	7/25/18	9/18/18	30.5	1.82	30.5	1.82	2018_1	21.0	2018	373.9473673390870	Baring_ME	Baring_ME	1.0	71	3.729038806325210	-0.04890091525793680	0.0653288161612716	Baileyville Big Stop7/11/18	0.46443667831586000	0.0007155932767515390	0.49191213180229700	0.00013313363288400700	0.011349642203361600	0.03072058578798470	3.32834082210018E-05	0.49182892328174400	0.4581461141620900	0.005641537693459810	0.9978532201697450	0.9570644033949080	7/11/23	July	Baring_ME2018	48
78	tern	W	TWM180814-018	8/14/18	TM	Allen Island; Garden	Allen Island	43.8755	-69.3113							8/16/18	9/11/18	28.0	1.74	28.0	1.74	2018_1	18.0	2018	3.8693532921432700	Allen_Island	Allen_Island	0.0	105	6.066394237085390	-0.03441277911596600	-0.13719433818773100	Allen Island; Garden8/14/18	0.8530049763940280	0.1375526349368380	0.003189996172004590	0.00012759984688018400	0.0	0.00034026625834715700	0.0003827995406405510	0.003189996172004590	0.00306239632512441	0.0005954659521075240	0.007698524095104420	0.9937476075028710	8/14/23	August	Allen_Island2018	43
81	tern	W	TWM180703-002	7/3/18	TM	West Forks	Somerset	45.3164	-69.9796		90.0	0.0			15:00	7/6/18	10/9/18	32.3	1.8	32.3	1.8	2018_1	71.0	2018	1.2706179083947500	The_Forks_ME	The_Forks_ME	0.0	63	8.153295358163710	-0.0011103208631477700	-0.005470689339971960	West Forks7/3/18	0.9554073492873020	0.0006538511834706420	0.015038577219824800	0.0	0.0	0.0005230809467765140	0.0017000130770236700	0.011377010592389200	0.007715443964953580	0.0030077154439649500	0.024323264025107900	0.9710997776905980	7/3/23	July	The_Forks_ME2018	62
82	bor	M	DRA180814-005	8/14/18	TM	Allen Island; Garden	Allen Island	43.8755	-69.3113							8/16/18	9/25/18	20.2	1.95	35.2	1.61	2018_1	59.0	2018	2.166659514507450	Allen_Island	Allen_Island	0.0	105	5.463953456311000	-0.03741758013223200	0.020932635715972500	Allen Island; Garden8/14/18	0.7619235940836830	0.001107332120541010	0.13469904294866700	0.027920588467926900	0.0	0.0693071264731472	0.0	0.13469904294866700	0.2117179466898680	0.22027999683619400	0.6639247014158030	0.897729969152891	8/14/23	August	Allen_Island2018	43
83	ruf	M	MY180814-002	8/14/18	TM	Allen Island; Trail	Allen Island	43.8755	-69.3113	Thistle					10:00	8/16/18	9/25/18	19.9	1.82	39.6	1.67	2018_1	47.0	2018	6494.539247423420	Allen_Island	Allen_Island	1.0	105	5.476920086278110	-0.0031351836831009900	0.008200597484566150	Allen Island; Trail8/14/18	0.5071412313645160	0.09639239786047570	0.33097189029247800	0.0021338340730624800	0.0	0.008876749743939910	0.0	0.33097189029247800	0.08660521224536250	0.0005690224194833280	0.4291567087743260	0.934505519517469	8/14/23	August	Allen_Island2018	49
84	bim	W	TWM180629-007	6/29/18	TM	Round The Island Rd	Vinalhaven	44.074	-68.8397						12:40	7/2/18	9/18/18	71.9	2.05	71.9	2.05	2018_1	35.0	2018	21.864138204763900	Vinalhaven_ME	Vinalhaven_ME	1.0	59	4.658067509911460	-0.020001149659687600	0.14148446258001700	Round The Island Rd6/29/18	0.23437783667985900	5.44642532950873E-05	0.7475763407283690	0.0	0.007788388221197490	0.0	0.009531244326640280	0.7475763407283690	0.2339965869067940	0.00038124977306561100	0.9992738099560660	0.9820086416615230	6/29/23	June	Vinalhaven_ME2018	58
85	bim	W	TWM180719-002	7/19/18	TM	Schooner Head Rd	MDI	44.3459	-68.1789		73.0	1.5			12:49	7/25/18	9/18/18	45.9	2.05	45.9	2.05	2018_1	20.0	2018	4655.966114098790	MDI_Acadia	MDI_Bar_Harbor	1.0	79	2.956623449855950	-0.07925152745109560	0.028950403811342300	Schooner Head Rd7/19/18	0.5748098055790360	9.39231708462478E-05	0.41889734197426500	0.0	0.0	0.0	0.0	0.41889734197426500	0.0010096740865971600	0.5696205503897810	0.9895275664506430	0.9938010707241480	7/19/23	July	MDI_Acadia2018	51
86	per	M	TWM180814-001	8/14/18	TM	Allen Island; Trail	Allen Island	43.8755	-69.3113	Thistle					10:00	8/16/18	9/11/18	35.0	1.86	35.0	1.86	2018_1	8.0	2018	8.241690079437180	Allen_Island	Allen_Island	0.0	105	6.277197850718060	0.4221118305468060	-0.14103069579446300	Allen Island; Trail8/14/18	0.0634755747519204	0.7615975506410430	0.0006287416965091170	0.0001366829775019820	0.0	0.0	0.0	0.0006287416965091170	0.0008474344605122880	0.001011454033514670	0.0026243131680380500	0.8257018670894730	8/14/23	August	Allen_Island2018	49
89	bim	W	MY180711-003	7/11/18	TM	Love Lake Road	Washington	45.0037	-67.5528		70.0				13:14	7/25/18	10/9/18	25.3	1.79	25.3	1.79	2018_1	70.0	2018	1.1068792701826700	Love Lake Road	Crawford_ME	0.0	71	7.478090182433510	-0.08032648388236820	0.0009693656406716970	Love Lake Road7/11/18	0.6789633265954380	0.00036095870632399700	0.29454230436038100	0.0	0.0014438348252959900	0.0	0.0	0.29317066127635	0.6641640196361540	0.00418712099335836	0.962965636731158	0.9738665896621430	7/11/23	July	Love Lake Road2018	42
9	tern	W	TWM180802-008	8/2/18	TM	Swans Island; Roadside	Swans Island	44.1722	-68.4233	Thistle	70.0				11:56	8/6/18	10/18/18	20.0	1.77	44.0	1.6	2018_2	77.0	2018	5.010030103970490	Swans_Island_ME	Swans_Island_ME	0.0	93	6.448678398296000	-0.07421457666369270	0.024455321267143200	Swans Island; Roadside8/2/18	0.566612874305182	0.0	0.36567599067599100	0.0	0.06118881118881120	8.9653935807782E-05	0.0	0.36551909628832700	0.1462255693024920	0.4012686031916800	0.9742917339071180	0.9322888649811730	8/2/23	August	Swans_Island_ME2018	52
90	vag	M	MY180814-012	8/14/18	TM	Allen Island; Garden	Allen Island	43.8755	-69.3113							8/16/18	9/25/18	27.7	1.8	27.7	1.8	2018_1	58.0	2018	7826.894492857040	Allen_Island	Allen_Island	1.0	105	9.737380175318600	-0.05886098052057350	-0.0922717868642315	Allen Island; Garden8/14/18	0.7777777777777780	0.07035487370215400	0.0973190763985743	0.0035642336897567000	0.0	0.0	0.0	0.0804277080427708	0.019370835270416900	0.0032543003254300300	0.10661707732837400	0.9454517278785060	8/14/23	August	Allen_Island2018	43
91	bor	M	MY180814-005	8/14/18	TM	Allen Island; Garden	Allen Island	43.8755	-69.3113							8/16/18	9/25/18	22.5	2.06	37.0	1.65	2018_1	46.0	2018	62.08242696349510	Allen_Island	Allen_Island	1.0	105	5.057851281133250	0.006687724458280250	0.12362108428578900	Allen Island; Garden8/14/18	0.24456018678419000	0.05097882099387980	0.6884903913902440	0.004448558363151570	0.0	0.003868311620131800	0.001409170661619440	0.6884903913902440	0.23628476299683600	0.0002348617769365740	0.9347360568089190	0.9840293991683130	8/14/23	August	Allen_Island2018	43
92	vag	M	TWM180724-013	7/24/18	TM	Allen Island	Allen Island	43.8755	-69.3113							7/25/18	9/18/18	27.4	1.79	27.4	1.79	2018_1	34.0	2018	35548.60918044770	Allen_Island	Allen_Island	1.0	84	8.408335842292420	0.03389980847898990	0.20993990380119100	Allen Island7/24/18	0.009901862843039310	0.015719574543104000	0.9143209731445030	0.0	0.05379914203443620	5.87647646471176E-05	0.0	0.9136745607333840	0.0060527707586531100	0.000852089087383205	0.9744373273785040	0.9399424105306460	7/24/23	July	Allen_Island2018	40
93	bor	M	TWM180724-005	7/24/18	TM	Allen Island	Allen Island	43.8755	-69.3113							7/25/18	9/18/18	11.0	1.88	25.1	1.51	2018_1	24.0	2018	15.44612052971460	Allen_Island	Allen_Island	0.0	84	6.919286720785390	-0.11428391326148400	-0.08140111902300920	Allen Island7/24/18	0.9589766810052070	0.0015395064523432200	0.02961285940683720	0.0006791940230925970	0.0	0.0012678288431061800	0.0	0.029522300203758200	0.008648403894045730	0.0023545392800543400	0.042472266244057100	0.9901290468643880	7/24/23	July	Allen_Island2018	40
95	vag	W	MY180731-001	7/31/18	TM	Eustis Parking Lot; Colby College	Kennebec	44.563	-69.661		83.0	2.0			13:26	8/6/18	10/18/18	19.7	2.06	39.5	1.37	2018_2	85.0	2018	26903.52183533190	Colby_College	Colby_College	1.0	91	4.363612317806900	-0.05904878658917560	0.07285470142467100	Eustis Parking Lot; Colby College7/31/18	0.4457500469727850	0.0	0.5342612264955410	0.00015898480972408900	0.01839887843443320	0.000549220251774126	0.0	0.5342612264955410	0.09777565798031480	0.347511887727818	0.9986558556996060	0.980011273468326	7/31/23	July	Colby_College2018	46
97	bor	W	TWM180703-004	7/3/18	TM	Bingham	Somerset	44.9787	-69.8669						15:45	7/6/18	10/19/18	53.5	1.95	53.5	1.95	2018_2	97.0	2018	2.190577257763570	Solon_ME	Solon_ME	0.0	63	4.64433372258347	-0.034021532769755700	0.08916970399419510	Bingham7/3/18	0.362001387163895	0.0	0.5604142135909800	0.015258802845299000	0.0	0.02087197767633920	0.02396890172105100	0.5604142135909800	0.3616304014710390	0.00012903850186299300	0.9822733358065710	0.9224156007548750	7/3/23	July	Solon_ME2018	55
98	tern	W	TWM180802-009	8/2/18	TM	Swans Island; Quarry	Swans Island	44.1399	-68.4339	rosa rugosa	72.0	1.5			13:56	8/3/18	10/20/18	25.3	1.83	25.3	1.83	2018_2	109.0	2018	75696.69891346280	Swans_Island_ME	Swans_Island_ME	1.0	93	2.888364468895940	0.13884498365027900	0.07010490633493280	Swans Island; Quarry8/2/18	0.8419073117868300	0.1562121501880540	0.0006055969911391600	0.0	0.0	0.0	0.0	0.0004462293618920130	0.0	0.0	0.0004462293618920130	0.9987250589660230	8/2/23	August	Swans_Island_ME2018	57
99	tern	W	TWM180802-005	8/2/18	TM	Swans Island; Roadside	Swans Island	44.1722	-68.4233	Thistle	70.0				11:56	8/6/18	10/20/18	28.8	1.97	28.8	1.97	2018_2	123.0	2018	8.289544705084020	Swans_Island_ME	Swans_Island_ME	0.0	93	1.34589188874343	-0.053021745096981500	0.08017902376390860	Swans Island; Roadside8/2/18	0.43329735078486900	0.00031484729905995600	0.5634192416677910	0.0	0.0029685602482795800	0.0	0.0	0.5634192416677910	0.3042549363558670	0.12904241442900200	0.99968515270094	0.9970314397517200	8/2/23	August	Swans_Island_ME2018	52
AO190715_001	imp	W	AO190715-001	7/15/19	JL	Eustis Parking Lot; Colby College 	Kennebec	44.563	-69.6612	catmint	84.6	1.1	56.0	82.9	16:00	7/26/19	10/2/20	31.3	1.93	31.3	1.93	2019_3	186.0	2019	0.0	Colby_College	Colby_College	0.0	75	2.477266042389590	-0.11296306714679100	-0.0769884571705603	Eustis Parking Lot; Colby College 7/15/19	0.9008350199855580	0.002471496424975340	0.0704630750297495	0.015317175374538500	0.002756277906042450	0.005410848140275220	0.0	0.0704630750297495	0.0412119486172842	0.8586466777189000	0.9938060027867900	0.9737695914402820	7/15/23	July	Colby_College2019	81
AOI190709_001	bor	W	AOI190709-001	7/9/19	JL	Allen Island	Allen Island									7/12/19	9/21/20	59.2	1.95	59.2	1.95	2019_2	112.0	2019	24.318192663231700	Allen_Island	Allen_Island	1.0	69	1.664251288091150	-0.12433864308221400	-0.08826547491296940	Allen Island7/9/19	0.9779165553934960	0.0	0.02050165369050310	0.0	0.0	0.0005341112183898600	0.0010476796976108800	0.02050165369050310	0.5557632654738180	0.001170936132623920	0.579017646212946	0.9984182090839990	7/9/23	July	Allen_Island2019	82
DRA190709_001	vag	W	DRA190709-001	7/9/19	JL	Allen Island	Allen Island				78.7	2.0			10:10	7/16/19	9/20/20	61.8	2.05	61.8	2.05	2019_2	96.0	2019	1.261908907635270	Allen_Island	Allen_Island	0.0	69	1.930107982543730	0.01709717638113400	0.1990529947793030	Allen Island7/9/19	0.03506805444355490	0.0	0.9582065652522020	0.002081665332265810	0.0033626901521217000	0.0	0.0012810248198558800	0.9582065652522020	0.016813450760608500	0.018254603682946400	1.0	0.9932746196957570	7/9/23	July	Allen_Island2019	82
DRA190709_003	bim	W	DRA190709-003	7/9/19	JL	Allen Island	Allen Island			salvia	83.1	3.2			16:20	7/12/19	9/21/20	42.8	1.94	42.8	1.94	2019_2	108.0	2019	11020.876587496400	Allen_Island	Allen_Island	1.0	69	1.738894652199620	-0.054773458826208900	0.07822362797723410	Allen Island7/9/19	0.43210517211555100	0.0013069634242441700	0.5577082011954870	0.0	0.008879663264717750	0.0	0.0	0.5577082011954870	0.1956601126294950	0.23644505948605600	0.9986930365757560	0.9911203367352820	7/9/23	July	Allen_Island2019	82
DRA190709_004	imp	W	DRA190709-004	7/9/19	JL	Allen Island	Allen Island			salvia	83.1	3.2			16:20	7/12/19	9/25/20	30.8	2.15	30.8	2.15	2019_2	117.0	2019	5217.292302982290	Allen_Island	Allen_Island	1.0	69	2.008126266621910	-0.08305684542657060	0.014630663584606300	Allen Island7/9/19	0.6370799762455570	0.00031022593311528900	0.3575043653220590	0.0017461288235346300	0.0021538543356290100	0.000877496210811817	0.0	0.3575043653220590	0.3566800506997810	0.2799124276508810	0.998874323042696	0.9948945675007310	7/9/23	July	Allen_Island2019	82
DRA190709_006	vag	W	DRA190709-006	7/9/19	JL	Allen Island	Allen Island			salvia	83.1	3.2			16:20	7/12/19	9/25/20	32.3	2.19	32.3	2.19	2019_2	116.0	2019	136193.1172755400	Allen_Island	Allen_Island	1.0	69	3.14307603797763	0.05874393234036800	0.10646946132636100	Allen Island7/9/19	0.9684484441071240	0.012794101702266100	0.012360403339477400	0.0	0.0	0.0	0.0	0.012360403339477400	0.003794860674400950	0.002927463948823590	0.01908272796270190	0.9936029491488670	7/9/23	July	Allen_Island2019	82
DRA190709_007	vag	M	DRA190709-007	7/9/19	JL	Allen Island	Allen Island			salvia	83.1	3.2			16:20	7/12/19	9/21/20	39.8	1.9	39.8	1.9	2019_2	110.0	2019	39875.71243875890	Allen_Island	Allen_Island	1.0	69		0.1905180171129990	-0.04829151612809140	Allen Island7/9/19	0.5492063492063490	0.21975308641975300	0.01904761904761910	0.0	0.2109347442680780	0.0010582010582010600	0.0	0.01904761904761910	0.0345679012345679	0.010582010582010600	0.2761904761904760	0.7880070546737220	7/9/23	July	Allen_Island2019	82
DRA190709_008	vag	W	DRA190709-008	7/9/19	JL	Allen Island	Allen Island			apple						7/16/19	9/20/20	30.6	2.23	30.6	2.23	2019_2	94.0	2019	12437.19308123280	Allen_Island	Allen_Island	1.0	69	6.276111303255800	0.04289853564300810	-0.012603961916762600	Allen Island7/9/19	0.5174581005586590	0.15931763766959300	0.27484038308060700	0.002094972067039110	0.004289704708699120	0.006484437350359140	0.004988028731045490	0.27484038308060700	0.19124102154828400	0.17807262569832400	0.6620111731843580	0.9516161213088590	7/9/23	July	Allen_Island2019	82
DRA190709_009	vag	W	DRA190709-009	7/9/19	JL	Allen Island	Allen Island			apple						7/12/19	9/26/20	25.8	2.25	25.8	2.25	2019_2	134.0	2019	19088.93119222430	Allen_Island	Allen_Island	1.0	69	3.147335660621720	0.11012715294628200	-0.030247417247377900	Allen Island7/9/19	0.8351231432062250	0.15420230210275900	0.006237540994148290	0.0	0.0	0.0	0.0	0.006237540994148290	0.004887145521188350	0.002314963667931320	0.013439650183268000	0.9955629863031320	7/9/23	July	Allen_Island2019	82
DRA190709_010	bim	W	DRA190709-010	7/9/19	JL	Allen Island	Allen Island			apple						7/12/19	9/25/20	45.4	2.24	45.4	2.24	2019_2	120.0	2019	12943.273542492600	Allen_Island	Allen_Island	1.0	69	3.64235828165939	0.053137295050026400	0.11285377331144000	Allen Island7/9/19	0.9641593100362070	0.009316138480940560	0.017859322240755100	0.0035800008136365500	0.003783409950774990	0.0	0.0	0.017859322240755100	0.0006915910662706970	0.0010577275131198900	0.026972051584557200	0.9913347707579020	7/9/23	July	Allen_Island2019	82
DRA190709_011	bim	W	DRA190709-011	7/9/19	JL	Allen Island	Allen Island			apple						7/15/19	9/21/20	46.1	1.89	46.1	1.89	2019_2	99.0	2019	6946.534962362780	Allen_Island	Allen_Island	1.0	69	2.231175709323640	-0.10733578337787600	-0.09989207028602580	Allen Island7/9/19	0.9731999505989870	0.021777613107735400	0.004157918570664030	0.0	0.0	0.0	0.0003705075954057060	0.004157918570664030	0.10991725330369300	0.8077888930056400	0.9222345724754020	0.9991354822773870	7/9/23	July	Allen_Island2019	82
DRA190709_012	bim	W	DRA190709-012	7/9/19	JL	Seal Harbor Road		44.0119	-69.1362		85.9	2.0			17:11	7/12/19	9/25/20	41.1	2.03	41.1	2.03	2019_2	124.0	2019	40037.75555192350	Seal Harbor Road	Seal Harbor Road	1.0	69		0.23509605145490600	0.01285192503334940	Seal Harbor Road7/9/19	0.022598870056497200	0.018435920309247700	0.030032708890871200	0.0	0.8284269997026460	0.0	0.0	0.030032708890871200	0.01159678858162360	0.008623253047873920	0.8786797502230150	0.07106749925661610	7/9/23	July	Seal Harbor Road2019	83
DRA190709_013	vag	W	DRA190709-013	7/9/19	JL	Seal Harbor Road		44.0119	-69.1362		85.9	2.0			17:11	7/12/19	9/25/20	28.9	1.8	28.9	1.8	2019_2	122.0	2019	55050.71572197880	Seal Harbor Road	Seal Harbor Road	1.0	69	1.337754179870210	0.0506172323532795	0.11330624922145100	Seal Harbor Road7/9/19	0.9867908426403470	0.0	0.007829023041816630	0.0	0.0	0.0	0.0	0.007829023041816630	0.0017068012318652400	0.0007049831175095540	0.01024080739119140	0.994619865682164	7/9/23	July	Seal Harbor Road2019	83
DRA190709_015	terri	W	DRA190709-015	7/9/19	JL	Owl's Head		44.091529	-69.045848	"rose, raspberry, lupin"	86.4	2.7			17:32	7/12/19	9/26/20	31.9	2.01	31.9	2.01	2019_2	135.0	2019	26242.53192626950	Owls_Head_ME	Owls_Head_ME	1.0	69	2.896308569563050	-0.06683958525958590	0.023778680406237100	Owl's Head7/9/19	0.6042265080016410	0.0	0.3742306114074680	0.0	0.0	0.00553959786622897	0.0	0.3742306114074680	0.5568321707016820	0.012310217480508800	0.9489125974558880	0.9784571194091100	7/9/23	July	Owls_Head_ME2019	84
DRA190715_001	bim	W	DRA190715-001	7/15/19	JL	Eustis Parking Lot; Colby College 	Kennebec	44.563	-69.6612	catmint	84.6	1.1	56.0	82.9	16:00	7/26/19	10/4/20	72.3	1.98	72.3	1.98	2019_3	212.0	2019	444.20375749265100	Colby_College	Colby_College	1.0	75	2.053808820303320	-0.06331884758484660	0.04960315283696180	Eustis Parking Lot; Colby College 7/15/19	0.5379445191250150	0.0007332274227056090	0.45955028718074100	0.0	0.001405352560185750	0.0	0.0	0.45955028718074100	0.5183306855676400	0.003116216546498840	0.9824025418550650	0.9982280337284620	7/15/23	July	Colby_College2019	81
DRA190718_002	per	M	DRA190718-002	7/18/19	JL	Blue Mountain		44.7129	-70.4183		78.6	0.0	51.4	75.2	13:30	7/30/19	10/2/20	30.5	1.92	30.5	1.92	2019_3	187.0	2019	0.0	Blue Mountain	Blue Mountain	0.0	78	2.219846234013260	-0.09239652258450980	-0.017965399726057900	Blue Mountain7/18/19	0.7187503554003800	0.0011486540276814200	0.25392077699052600	0.019549864094894700	0.0	0.0062323010610833700	0.0	0.25392077699052600	0.2462896200343460	0.47219916068646300	0.9981917228673140	0.9738197864185880	7/18/23	July	Blue Mountain2019	85
DRA190824_001	tern	W	DRA190824-001	8/24/19	JL	"Hancork Point, ME"		44.491123	-68.233403							9/2/20	10/10/20	7.1	1.59	7.1	1.59	2019_4	265.0	2019	15822.034350063000	Hancock_ME	Hancock_ME	1.0	115	1.876072227792860	-0.12113201970353500	-0.08736476653973000	"Hancork Point, ME8/24/19"	0.9858576642335770	0.0010492700729927000	0.0010492700729927000	0.0	0.0	0.0	0.0	0.0010492700729927000	0.0	0.03909671532846720	0.040145985401459900	0.9879562043795620	8/24/23	August	Hancock_ME2019	86
DRA190824_002	tern	W	DRA190824-002	8/24/19	JL	"Hancork Point, ME"		44.491123	-68.233403							9/2/20	10/11/20	52.1	1.89	52.1	1.89	2019_4	289.0	2019	46.79597198624960	Hancock_ME	Hancock_ME	1.0	115	1.4286947474186	-0.08049538392175900	0.0018467313875324400	"Hancork Point, ME8/24/19"	0.6921924607610790	0.0	0.3038277511961720	0.0	0.0038009211644233800	0.0	0.000178866878325806	0.3038277511961720	0.6823994991727410	0.005723740106425790	0.995930778518088	0.9960202119572510	8/24/23	August	Hancock_ME2019	86
DRA190824_003	tern	W	DRA190824-003	8/24/19	JL	"Hancork Point, ME"		44.491123	-68.233403							9/2/20	10/9/20	25.6	1.88	25.6	1.88	2019_4	249.0	2019	7.394781190783730	Hancock_ME	Hancock_ME	0.0	115	3.817727201950440	-0.07538289935942010	-0.12474658039687800	"Hancork Point, ME8/24/19"	0.773908111174135	0.0010209869540555900	0.009415768576290410	0.0009075439591605220	0.01259217243335220	0.0	0.0	0.009415768576290410	0.0018150879183210400	0.759954622802042	0.7846851956891660	0.7843448667044810	8/24/23	August	Hancock_ME2019	86
DRA190824_004	imp	W	DRA190824-004	8/24/19	JL	"Hancork Point, ME"		44.491123	-68.233403							9/2/20	10/10/20	35.9	1.93	35.9	1.93	2019_4	266.0	2019	26.684704182909800	Hancock_ME	Hancock_ME	1.0	115	3.159237070967960	-0.0867019895023433	-0.12124326763990000	"Hancork Point, ME8/24/19"	0.732423400746463	0.04079506987240690	0.07427740647513240	0.01204322541446060	0.005576772849579030	0.0	0.10072910337644300	0.07408211092787080	0.27256748546133100	0.28699765645343300	0.7519963544831180	0.8474958770940020	8/24/23	August	Hancock_ME2019	86
DRA190824_005	imp	M	DRA190824-005	8/24/19	JL	"Hancork Point, ME"		44.491123	-68.233403							9/2/20	10/13/20	55.8	1.95	55.8	1.95	2019_4	297.0	2019	34694.401431793800	Hancock_ME	Hancock_ME	1.0	115	3.635958600290960	0.167109997557755	0.017791520824906200	"Hancork Point, ME8/24/19"	0.5914997292907420	0.16432051976177600	0.005955603681645910	0.01846237141310230	0.005630752571737950	0.0	0.0002707092582566320	0.005955603681645910	0.004493773687060100	0.011153221440173300	0.045966432051976200	0.7617758527341640	8/24/23	August	Hancock_ME2019	86
DRA190824_006	imp	W	DRA190824-006	8/24/19	JL	"Hancork Point, ME"		44.491123	-68.233403							9/2/20	10/13/20	55.4	1.83	55.4	1.83	2019_4	311.0	2019	10.507217607083000	Hancock_ME	Hancock_ME	0.0	115	2.823636936689530	-0.07950327441218030	-0.03873284391890530	"Hancork Point, ME8/24/19"	0.7619934581137560	0.0026803561693621700	0.17694893694348500	0.023260039978193700	0.003043794294021440	0.0	0.006996183899691080	0.17694893694348500	0.7058876976194800	0.013538070143558100	0.9296747228784300	0.9416227512266040	8/24/23	August	Hancock_ME2019	86
FJ190529_001	imp	W	FJ190529-001	5/29/19	JL	2 cal6 st Waterville										9/12/19	9/30/20	155.6	2.08	155.6	2.08	2019_3	169.0	2019	0.0	Colby_College	Colby_College	0.0	28	0.9136986989543460	-0.12615414695026700	-0.09574847178697170	2 cal6 st Waterville5/29/19	0.9968697829716190	0.0	0.0031302170283806300	0.0	0.0	0.0	0.0	0.0031302170283806300	0.0	0.9968697829716190	1.0	1.0	5/29/23	May	Colby_College2019	87
FJ190610_001	ruf	W	FJ190610-001	6/10/19	MY	Allen Island; Garden	Allen Island	43.8755	-69.3113		64.0	3.7			7:40	6/13/19	9/7/20	31.3	1.81	31.3	1.81	2019_1	11.0	2019	0.0	Allen_Island	Allen_Island	0.0	40	4.452045897752040	-0.06616189845414520	-0.04092538650388450	Allen Island; Garden6/10/19	0.7344685628742520	0.02750748502994010	0.19292664670658700	0.002619760479041920	0.0033682634730538900	0.003181137724550900	0.00280688622754491	0.19292664670658700	0.12144461077844300	0.12705838323353300	0.4534056886227550	0.9549026946107790	6/10/23	June	Allen_Island2019	88
FJ190610_012	ruf	W	FJ190610-012	6/10/19	MY	Allen Island; Garden	Allen Island	43.8755	-69.3113		64.0	3.7			7:40	6/13/19	9/13/20	38.5	1.93	38.5	1.93	2019_1	30.0	2019	0.0	Allen_Island	Allen_Island	0.0	40	3.417133121977110	-0.12059923606860100	-0.08945789081076690	Allen Island; Garden6/10/19	0.9608279674904410	0.00037243639613990400	0.004560276761624150	0.033668250211047300	7.44872792279807E-05	0.0001324218297386320	0.0	0.004560276761624150	0.34552993560988500	0.6151904391438930	0.9991558108354160	0.9657606806482050	6/10/23	June	Allen_Island2019	88
FJ190610_013	vag	W	FJ190610-013	6/10/19	MY	Allen Island; Garden	Allen Island	43.8755	-69.3113		64.0	3.7			7:40	6/13/19	9/13/20	40.5	2.0	40.5	2.0	2019_1	19.0	2019	0.0	Allen_Island	Allen_Island	0.0	40	2.490783530338410	-0.1565109261975210	-0.09207696433790920	Allen Island; Garden6/10/19	0.9949097522009590	0.000569359937455386	0.0031527244297902700	0.0	0.00013596655222815200	0.0001019749141711140	0.0	0.0031527244297902700	0.0020989836500220900	0.0025493728542778500	0.008039022400489480	0.9986318365682040	6/10/23	June	Allen_Island2019	88
FJ190610_027	ruf	W	FJ190610-027	6/10/19	MY	Allen Island; Garden	Allen Island	43.8755	-69.3113		63.1	3.0			11:55	6/13/19	9/7/20	30.8	1.8	30.8	1.8	2019_1	14.0	2019	0.0	Allen_Island	Allen_Island	0.0	40	8.96470358033444	-0.024016834122167100	-0.00418772025297065	Allen Island; Garden6/10/19	0.5273972602739730	0.07038261691072270	0.32805857345300000	0.0035427491733585300	0.006613131790269250	0.007321681624940950	0.00401511572980633	0.32593292394898400	0.2560226735947100	0.2442135096835140	0.8476617855455830	0.9258384506376950	6/10/23	June	Allen_Island2019	88
FJ190612_001	bim	W	FJ190612-001	6/12/19	FJ	Eustis Parking Lot; Colby College	Kennebec	44.5625	-69.6611	honeysuckle	80.0	1.2			14:45	6/14/19	9/13/20	40.6	1.75	40.6	1.75	2019_1	27.0	2019	0.0	Colby_College	Colby_College	0.0	42	4.578455390632110	0.08093379510210770	-0.018710184345295800	Eustis Parking Lot; Colby College6/12/19	0.3931652850617490	0.03907968194890880	0.13804770766367800	0.0006767044493317540	0.002030113347995260	0.0035526983589917100	0.003383522246658770	0.13804770766367800	0.1091185924547450	0.12248350532904800	0.3792928438504480	0.570292674674336	6/12/23	June	Colby_College2019	89
FJ190612_002	imp	W	FJ190612-002	6/12/19	FJ	Eustis Parking Lot; Colby College	Kennebec	44.5625	-69.6611	honeysuckle	80.0	1.2			14:45	6/14/19	9/13/20	47.4	1.87	47.4	1.87	2019_1	20.0	2019	0.0	Colby_College	Colby_College	0.0	42	1.997900478049810	-0.13056833356912000	-0.10476834701521500	Eustis Parking Lot; Colby College6/12/19	0.9736127525871260	0.00037473696347755900	0.001510478222017240	2.88259202675045E-05	1.15303681070018E-05	0.0	0.023821740509065800	0.001510478222017240	0.023521950938283700	0.9497910120780610	0.9986855380358020	0.9754979677726210	6/12/23	June	Colby_College2019	89
FJ190612_003	imp	W	FJ190612-003	6/12/19	FJ	Eustis Parking Lot; Colby College	Kennebec	44.5625	-69.6611	honeysuckle	80.0	1.2			14:45	6/14/19	9/13/20	49.7	1.9	49.7	1.9	2019_1	18.0	2019	0.0	Colby_College	Colby_College	0.0	42	2.936413184158850	-0.13358038720861200	-0.11008208293687600	Eustis Parking Lot; Colby College6/12/19	0.9609188684758740	5.65573538699369E-05	0.0020549171906077100	0.0	2.82786769349685E-05	5.65573538699369E-05	0.03626269005627460	0.0020549171906077100	0.0009096307747414860	0.9599715327985520	0.9992836068509810	0.9630303430203510	6/12/23	June	Colby_College2019	89
FJ190619_001	tern	Q	FJ190619-001	6/19/19	FJ	Eustis Parking Lot; Colby College 	Kennebec	44.5613	-69.6636	lupine	78.0	0.0			11:05	6/26/19	9/14/20	112.6	1.91	112.6	1.91	2019_1	43.0	2019	0.0	Colby_College	Colby_College	0.0	49	2.07837814014463	-0.06320647772979260	-0.16127311732014000	Eustis Parking Lot; Colby College 6/19/19	0.38367921802773500	0.0023955123266563900	0.05725154083204930	0.0	0.0	2.4075500770416E-05	0.5565894645608630	0.05725154083204930	0.0019621533127889100	0.380441063174114	0.9962682973805860	0.4433262711864410	6/19/23	June	Colby_College2019	90
FJ190619_002	tern	Q	FJ190619-002	6/19/19	FJ	Eustis Parking Lot; Colby College 	Kennebec	44.5613	-69.6636	lupine	78.0	0.0			11:05	6/27/19	9/14/20	113.7	2.06	113.7	2.06	2019_1	33.0	2019	0.0520166734675375	Colby_College	Colby_College	0.0	49	3.559320040931270	-0.12410921906577900	-0.09462017929229400	Eustis Parking Lot; Colby College 6/19/19	0.9889563616864010	0.0009565356019652460	0.008681285236017910	0.0001159437093291210	0.0005072537283149030	0.0001159437093291210	0.00034783112798736200	0.008681285236017910	0.006217481412774100	0.9825359787823010	0.9985217177060540	0.9985941825243850	6/19/23	June	Colby_College2019	90
FJ190619_003	tern	W	FJ190619-003	6/19/19	FJ	Eustis Parking Lot; Colby College 	Kennebec	44.5613	-69.6636	lupine	78.0	0.0			11:05	6/26/19	9/16/20	29.7	1.87	29.7	1.87	2019_1	53.0	2019	0.0	Colby_College	Colby_College	0.0	49	1.89195948612767	-0.12565420485493000	-0.09559058191361450	Eustis Parking Lot; Colby College 6/19/19	0.9953823572027040	9.4494736643169E-05	0.004176667359628070	4.40975437668122E-05	3.77978946572676E-05	3.77978946572676E-05	7.55957893145352E-05	0.004176667359628070	0.0017387031542343100	0.9935554589609360	0.9996661185971940	0.9996535192989750	6/19/23	June	Colby_College2019	90
FJ190619_004	tern	W	FJ190619-004	6/19/19	FJ	"Stratton, ME"	Franklin	45.1511	-70.4467	lupine	83.0	1.0			11:50	6/26/19	9/16/20	31.5	1.8	31.5	1.8	2019_1	49.0	2019	19.31586782607510	Stratton_ME	Stratton_ME	1.0	49	3.452986690172780	-0.14163837070220300	-0.18845134055588900	"Stratton, ME6/19/19"	0.720015434901035	0.0012711094970038100	0.012938078808788800	7.94443435627383E-05	0.00044261848556382800	0.00029507899037588500	0.26448156891229300	0.012938078808788800	0.00928363900490285	0.7103799709460690	0.9979003994915560	0.7342246232068280	6/19/23	June	Stratton_ME2019	91
FJ190619_005	bim	W	FJ190619-005	6/19/19	FJ	Stratton	Franklin	45.1511	-70.4467	lupine	83.0	1.0			11:50	6/20/19	9/13/20	30.9	1.98	30.9	1.98	2019_1	31.0	2019	0.0	Stratton_ME	Stratton_ME	0.0	49	8.464142387309460	-0.01985564751781840	-0.007471202325116670	Stratton6/19/19	0.5314700704225350	0.09275968309859160	0.3238336267605630	0.0023107394366197200	0.009463028169014080	0.005721830985915490	0.005941901408450700	0.3230633802816900	0.2533010563380280	0.22777288732394400	0.827574823943662	0.9480633802816900	6/19/23	June	Stratton_ME2019	92
FJ190619_006	terri	W	FJ190619-006	6/19/19	FJ	Stratton	Franklin	45.1511	-70.4467	lupine	83.0	1.0			11:50	6/20/19	9/14/20	41.8	1.83	41.8	1.83	2019_1	47.0	2019	0.0	Stratton_ME	Stratton_ME	0.0	49	1.809234669275900	-0.07695444153005800	0.010340876019557900	Stratton6/19/19	0.6618358323389190	0.004513774795496600	0.3282834396923950	0.005228599922752770	0.0	0.0	4.61177501455592E-05	0.3281393217231900	0.6594377093313500	0.00081282534631548	0.9936645740737540	0.9946330468268110	6/19/23	June	Stratton_ME2019	92
FJ190619_007	tern	W	FJ190619-007	6/19/19	FJ	Stratton	Franklin	45.1511	-70.4467	lupine	83.0	1.0			11:50	6/20/19	9/14/20	28.1	1.94	28.1	1.94	2019_1	44.0	2019	0.0	Stratton_ME	Stratton_ME	0.0	49	3.23288455156389	-0.1249167293362230	-0.20977768743263700	Stratton6/19/19	0.5858105521984710	0.001078648557742490	0.005938366253378030	0.0	0.0	8.11886011204027E-05	0.40680128509957200	0.005938366253378030	0.009232303784548650	0.5764854614412140	0.9985386051798330	0.5928275670095920	6/19/23	June	Stratton_ME2019	92
FJ190619_008	bim	W	FJ190619-008	6/19/19													9/14/20	34.3	1.99	34.3	1.99	2019_1	41.0	2019	0.0	No_Site	No_Site	0.0	49	3.786880384250070	-0.117091000253746	-0.1735046944653980		0.6467795261888780	0.0005468963631391850	0.020434036840927700	0.0	0.0005220374375419490	0.0005220374375419490	0.32908245705620600	0.020260024361747100	0.6319884654585230	0.014393317920799500	0.9967683396723590	0.667760459392945	6/19/23	June	No_Site2019	50
FJ190619_009	terri	W	FJ190619-009	6/19/19	FJ	Kingfield	Franklin	44.947	-70.1485	lupine	80.0	2.0			13:06	6/20/19	9/13/20	39.8	2.0	39.8	2.0	2019_1	23.0	2019	8682.570400298680	Kingfield_ME	Kingfield_ME	1.0	49	1.445850657003690	-0.02981441746179940	0.09384606787032440	Kingfield6/19/19	0.3609794825959090	0.00010985224872546400	0.5710119888749630	0.0	5.49261243627321E-05	0.06736938817290740	3.99462722638052E-05	0.5710119888749630	0.3595514033624780	0.0013981195292331800	0.9994257723362080	0.9321013237195970	6/19/23	June	Kingfield_ME2019	93
FJ190619_010	tern	W	FJ190619-010	6/19/19	FJ	"Kingfield, ME"	Franklin	44.947	-70.1485	lupine	80.0	2.0			13:06	6/27/19	9/14/20	32.0	2.02	32.0	2.02	2019_1	34.0	2019	8796.41028637701	Kingfield_ME	Kingfield_ME	1.0	49	4.204123843100070	-0.12091858486902500	-0.09133884223866250	"Kingfield, ME6/19/19"	0.9709960343879350	0.0006223405795003910	0.0240686600862593	0.0003762989550467480	0.0005355023591049870	0.00041971806524445000	0.0008828552406866010	0.0240686600862593	0.014501982806032400	0.9554519929371580	0.9962370104495330	0.9956870350536950	6/19/23	June	Kingfield_ME2019	94
FJ190621_001	bim	W	FJ190621-001	6/21/19	JL	Eustis Parking Lot; Colby College 	Kennebec	44.563	-69.6612	catmint	67.0	4.0			15:13	6/26/19	9/14/20	29.5	2.03	29.5	2.03	2019_1	39.0	2019	0.0	Colby_College	Colby_College	0.0	51	1.944420231558610	-0.07059054822100660	0.03117632780148680	Eustis Parking Lot; Colby College 6/21/19	0.5968877782825990	0.0002758486402284680	0.398850089786028	0.0	0.003607667510438980	3.24527812033491E-05	0.0	0.398850089786028	0.5949568378010000	0.001741632591246400	0.9991886804699160	0.9960137167088550	6/21/23	June	Colby_College2019	95
FJ190621_002	tern	W	FJ190621-002	6/21/19	JL	Eustis Parking Lot; Colby College 	Kennebec	44.563	-69.6612	catmint	67.0	4.0			15:13	6/26/19	9/14/20	33.1	1.83	33.1	1.83	2019_1	37.0	2019	0.0	Colby_College	Colby_College	0.0	51	7.832000876021430	0.019918560398636500	-0.060241855971757400	Eustis Parking Lot; Colby College 6/21/19	0.6127113041835870	0.09727075266786290	0.15081688544716200	0.001511001983190100	0.005194069317215980	0.0035886297100764900	0.0016998772310888700	0.15025025970346600	0.10690339031070000	0.09575975068467280	0.3649069789404100	0.8607989422986120	6/21/23	June	Colby_College2019	95
FJ190627_001	bim	W	FJ190627-001	6/27/19	JL	Eustis Parking Lot; Colby College 	Kennebec	44.563	-69.6612	catmint	80.4	0.0			14:02	7/12/19	9/21/20	39.0	1.88	39.0	1.88	2019_2	102.0	2019	14.556277597884500	Colby_College	Colby_College	0.0	57	1.564141296707140	-0.06088930596374440	0.056870072840743800	Eustis Parking Lot; Colby College 6/27/19	0.5153389223575010	2.52769937228799E-05	0.48176264902894200	0.0	0.0021990984538905500	0.0	0.0	0.48176264902894200	0.5140666470067830	0.001272275350718290	0.9993006698403340	0.997126848380166	6/27/23	June	Colby_College2019	96
FJ190627_002	bim	W	FJ190627-002	6/27/19	JL	Eustis Parking Lot; Colby College 	Kennebec	44.563	-69.6612	catmint	80.4	0.0			14:02	7/12/19	9/21/20	40.9	1.94	40.9	1.94	2019_2	107.0	2019	1.3142475451688200	Colby_College	Colby_College	0.0	57	1.345960689702810	-0.050632484803589600	0.08121173510431100	Eustis Parking Lot; Colby College 6/27/19	0.4392340912228120	0.0	0.5541598469760010	0.0	0.006527183451322200	0.0	0.0	0.5541598469760010	0.43728185206365500	0.0019522391591567900	0.9999211216501350	0.9933939381988130	6/27/23	June	Colby_College2019	96
FJ190627_004	imp	W	FJ190627-004	6/27/19	JL	Eustis Parking Lot; Colby College 	Kennebec	44.563	-69.6612	catmint	80.4	0.0			14:02	7/12/19	9/21/20	38.3	1.96	38.3	1.96	2019_2	103.0	2019	43.71923411517650	Colby_College	Colby_College	1.0	57	1.617882439182570	-0.06044168825692670	0.08326797746068310	Eustis Parking Lot; Colby College 6/27/19	0.4210895774426640	0.0001619934024505180	0.5665203817153630	0.008551288092994030	0.0019046497015394300	0.0015757540056550400	0.0	0.5665203817153630	0.0027931589695256000	0.4178202560477540	0.9991654885328310	0.9877719525604780	6/27/23	June	Colby_College2019	96
FJ190627_005	imp	W	FJ190627-005	6/27/19	JL	Eustis Parking Lot; Colby College 	Kennebec	44.563	-69.6612	catmint	80.4	0.0			14:02	7/12/19	9/21/20	31.0	1.92	31.0	1.92	2019_2	106.0	2019	3.866467699839770	Colby_College	Colby_College	0.0	57	2.256866355179220	-0.10085084245822900	-0.04083583042409210	Eustis Parking Lot; Colby College 6/27/19	0.7720803725561040	0.0002609498574812320	0.1930727849371710	0.0038941747962583800	0.014392388293387900	0.013760086715644900	0.0	0.1930727849371710	0.0011542012927054500	0.7705949656750570	0.9968686017102250	0.9654141073507570	6/27/23	June	Colby_College2019	96
FJ190628_001	terri	W	FJ190628-001	6/28/19	JL	Great Wass Island	Great Wass Island	44.4808	-67.5948		70.5	0.7			11:30	7/2/19	9/16/20	43.8	2.05	43.8	2.05	2019_1	60.0	2019	41058.30670552210	Great_Wass_Island	Great_Wass_Island	1.0	58	7.657560065416130	0.004602927561302120	0.10694899531165200	Great Wass Island6/28/19	0.2911400526079430	0.0024379290434336300	0.3649194841855390	0.32809392442420000	0.0	0.0013472765766343700	0.0009623404118816960	0.3634438955539870	0.2271764932315390	0.06101238211329960	0.9820363123115420	0.6584974658369150	6/28/23	June	Great_Wass_Island2019	97
FJ190628_002	vag	W	FJ190628-002	6/28/19	JL	Great Wass Island	Great Wass Island	44.4808	-67.5948		70.5	0.7			11:30	7/1/19	9/16/20	42.1	1.98	42.1	1.98	2019_1	58.0	2019	1.0827903618143500	Great_Wass_Island	Great_Wass_Island	0.0	58	1.607605309394080	-0.07069842469063790	0.037901992626117800	Great Wass Island6/28/19	0.5792258012540780	0.0	0.4135102112061440	0.005921291136861050	0.0	0.001033876230245580	6.71348201458168E-05	0.4135102112061440	0.5768760825489750	0.002349718705103590	0.999758314647475	0.9927360124602230	6/28/23	June	Great_Wass_Island2019	97
FJ190628_003	bim	W	FJ190628-003	6/28/19	JL	Great Wass Island	Great Wass Island	44.4808	-67.5948		66.0	1.4			13:00	7/2/19	9/16/20	43.5	2.12	43.5	2.12	2019_1	59.0	2019	1.7494183234747800	Great_Wass_Island	Great_Wass_Island	0.0	58	1.956658897080260	-0.07897839776928600	0.003856157315721340	Great Wass Island6/28/19	0.68032492398286	0.0013056546236823000	0.3024474452107010	0.0	0.01585187392108240	0.0	0.0	0.3023773429490270	0.6535721483714370	0.02556103716296150	0.9973624024045080	0.9840780238172430	6/28/23	June	Great_Wass_Island2019	97
FJ190628_004	bim	W	FJ190628-004	6/28/19	JL	"Jonesport, ME"		44.5288	-67.6152		68.0	3.0			13:10	7/2/19	9/19/20	38.3	1.92	38.3	1.92	2019_1	80.0	2019	8784.575457878580	Jonesport_ME	Jonesport_ME	1.0	58	1.456962167424550	-0.006789034581802810	0.1633763725935450	"Jonesport, ME6/28/19"	0.15342363638147000	0.0	0.8455759026217960	0.0	0.0009318019087226470	0.0	0.0	0.8455759026217960	0.0011083538493227300	0.15002991574549100	0.9976459741253320	0.9989995390032660	6/28/23	June	Jonesport_ME2019	98
FJ190628_005	bim	W	FJ190628-005	6/28/19	JL	"Jonesport, ME"		44.5288	-67.6152		68.0	3.0			13:10	7/2/19	9/19/20	37.7	1.91	37.7	1.91	2019_1	69.0	2019	9357.960006084470	Jonesport_ME	Jonesport_ME	1.0	58	1.992809022310920	0.02883361923868290	0.21349998706456900	"Jonesport, ME6/28/19"	0.004644120063891270	0.00043394362426021800	0.9381861156505920	0.0	0.055157004496394600	8.30955876242972E-05	0.0	0.9378445004570260	0.0017080759678327700	0.001985061259913770	0.9967777377687910	0.9432641793387440	6/28/23	June	Jonesport_ME2019	98
FJ190628_006	tern	W	FJ190628-006	6/28/19	JL	"Jonesport, ME"		44.5288	-67.6152		68.0	3.0			13:10	7/2/19	9/16/20	35.6	1.84	35.6	1.84	2019_1	62.0	2019	0.0	Jonesport_ME	Jonesport_ME	0.0	58	1.970228115492460	-0.10148175180401100	-0.06567333399784540	"Jonesport, ME6/28/19"	0.9173173078439720	0.0004337607848704240	0.07218568116216340	0.0	0.009116863042003820	2.36596791747504E-05	0.0	0.07218568116216340	0.8150207416520770	0.10227290651272100	0.9986198520481390	0.9899367497910060	6/28/23	June	Jonesport_ME2019	98
FJ190628_008	bim	W	FJ190628-008	6/28/19	JL	"Harrington, ME"		44.6484	-67.7077		78.0	3.0			13:45	7/2/19	9/19/20	33.7	1.95	33.7	1.95	2019_1	73.0	2019	0.0	"Harrington, ME"	Harrington_ME	0.0	58	3.591772543236770	0.010288945569345900	0.1838303052829960	"Harrington, ME6/28/19"	0.08467615633592040	0.0017749625865729300	0.9031775310618450	0.0	0.00890961612083667	0.00059165419552431	0.00059165419552431	0.9030383183099570	0.0641422754324296	0.01914175338461000	0.996415271638882	0.9896286499843390	6/28/23	June	"Harrington, ME2019"	99
FJ190628_009	bim	W	FJ190628-009	6/28/19	JL	"Harrington, ME"		44.6484	-67.7077		78.0	3.0			13:45	7/1/19	9/16/20	31.2	2.01	31.2	2.01	2019_1	57.0	2019	0.3635497549719570	"Harrington, ME"	Harrington_ME	0.0	58	4.074204586777710	-0.10053869039778300	-0.09621825841622370	"Harrington, ME6/28/19"	0.9323452782642120	0.0235766454533806	0.03322940246871400	0.0002989791995899710	0.0006406697134070820	0.0005125357707256650	0.0011959167983598900	0.032716866697988300	0.20787596634348400	0.722675436723188	0.9659163712467430	0.9891513261863070	6/28/23	June	"Harrington, ME2019"	99
FJ190628_011	bim	W	FJ190628-011	6/28/19	JL	"Harrington, ME"		44.6484	-67.7077		78.0	3.0			13:45	7/2/19	9/16/20	42.4	1.91	42.4	1.91	2019_1	64.0	2019	0.0	"Harrington, ME"	Harrington_ME	0.0	58	4.74365419674062	0.028282320469468900	-0.006651735739888620	"Harrington, ME6/28/19"	0.4570203430394890	0.0885520542481053	0.28849222177901900	0.0	0.0076785001994415600	0.0035899481451934600	0.005684084563222980	0.2819106501794970	0.19136418029517400	0.20552453131232500	0.6957518946948540	0.8340646190666130	6/28/23	June	"Harrington, ME2019"	99
FJ190628_012	bim	W	FJ190628-012	6/28/19	JL	"Cherryfield, ME"		44.6004	-67.9435		86.0	1.2			14:34	7/2/19	9/19/20	29.9	1.95	29.9	1.95	2019_1	76.0	2019	0.0	"Cherryfield, ME"	"Cherryfield, ME"	0.0	58	4.736274342408200	0.08891430222616960	-0.07051718436195010	"Cherryfield, ME6/28/19"	0.23226842607865300	0.01831756228839310	0.08859275978817610	0.0004774720027780190	0.0009115374598489450	0.0013456029169198700	0.6026564805972740	0.08347078739473910	0.043189512978557200	0.048875770466186300	0.7809271638163030	0.3391787481552220	6/28/23	June	"Cherryfield, ME2019"	100
FJ190628_013	bim	W	FJ190628-013	6/28/19	JL	"Cherryfield, ME"		44.6004	-67.9435		86.0	1.2			14:34	7/2/19	9/16/20	52.4	1.89	52.4	1.89	2019_1	63.0	2019	0.0	"Cherryfield, ME"	"Cherryfield, ME"	0.0	58	5.075651245460420	0.06396881059194900	-0.01550019547065820	"Cherryfield, ME6/28/19"	0.3968478005175250	0.07692307692307690	0.2145377558221600	0.004469536579628320	0.0028228652081863100	0.005880969183721480	0.004234297812279460	0.2117148906139730	0.16749000235238800	0.16725476358503900	0.5638673253352150	0.6883086332627620	6/28/23	June	"Cherryfield, ME2019"	100
FJ190628_014	tern	W	FJ190628-014	6/28/19	JL	"Cherryfield, ME"		44.6004	-67.9435		86.0	1.2			14:34	7/2/19	9/19/20	37.6	2.02	37.6	2.02	2019_1	65.0	2019	0.0	"Cherryfield, ME"	"Cherryfield, ME"	0.0	58	2.762838887419820	-0.12028123635077100	-0.08954113838994400	"Cherryfield, ME6/28/19"	0.9651787697090830	0.000932711525649567	0.031045969353764200	0.000310903841883189	0.0006662225183211190	0.0007106373528758610	0.0007994670219853430	0.029846768820786100	0.021674439262713700	0.9429713524317120	0.9969797912502780	0.9971574505884970	6/28/23	June	"Cherryfield, ME2019"	100
FJ190703_001	vag	W	FJ190703-001	7/3/19	JL	Vinalhaven		44.0607	-68.797	wild rose	70.0	0.6			10:48	7/9/19	9/28/20	45.0	1.91	45.0	1.91	2019_3	165.0	2019	1.1039666479055800	Vinalhaven_ME	Vinalhaven_ME	0.0	63	2.096493859193810	-0.07526570136004070	0.007183465204243530	Vinalhaven7/3/19	0.6623905361806730	0.0015363343063450600	0.3073436779843290	0.0	0.028499001382700900	0.0	0.0	0.3061914272545710	0.6556306652327550	0.0016131510216623100	0.9919342448916880	0.9712705484713470	7/3/23	July	Vinalhaven_ME2019	101
FJ190703_003	bor	Q	FJ190703-003	7/3/19	JL	Vinalhaven		44.0607	-68.797	wild rose	70.0	0.6			10:48	7/9/19	9/28/20	190.4	2.13	190.4	2.13	2019_3	166.0	2019	0.1358558154130740	Vinalhaven_ME	Vinalhaven_ME	0.0	63	2.282413342796090	-0.045434428575348200	0.05432766882395290	Vinalhaven7/3/19	0.4115316029324350	0.0	0.4343174162869030	0.052704576976421600	0.0	0.0023776500891618800	0.06677234000396280	0.4343174162869030	0.4115316029324350	0.0	0.9677035862888840	0.8458490192193380	7/3/23	July	Vinalhaven_ME2019	101
FJ190703_005	bim	W	FJ190703-005	7/3/19	JL	Vinalhaven		44.0746	-68.8195	clover	73.0	2.0			11:51	7/9/19	9/26/20	35.0	2.05	35.0	2.05	2019_2	144.0	2019	40770.347326128300	Vinalhaven_ME	Vinalhaven_ME	1.0	63	1.684984207594790	-0.12363561897641400	-0.13977499530583300	Vinalhaven7/3/19	0.8433910178396510	0.0	0.0003561993529045090	0.0	0.0	0.0	0.15616373296921800	0.0003561993529045090	0.8389682092077530	0.0	0.9954881415298760	0.8437472171925550	7/3/23	July	Vinalhaven_ME2019	101
FJ190703_006	vag	W	FJ190703-006	7/3/19	JL	Vinalhaven		44.0741	-68.8398	apple	98.4	1.8			12:23	7/9/19	9/26/20	28.2	1.96	28.2	1.96	2019_2	137.0	2019	23.83745134490470	Vinalhaven_ME	Vinalhaven_ME	0.0	63	1.446306213539800	-0.047149255906364800	0.08634288979728630	Vinalhaven7/3/19	0.4213614796165390	0.0	0.5600852135179630	0.0	0.01855330686549820	0.0	0.0	0.5600852135179630	0.41934734191924100	0.0013750363125786800	0.9993608986152800	0.9814466931345020	7/3/23	July	Vinalhaven_ME2019	101
FJ190703_007	vag	W	FJ190703-007	7/3/19	JL	Vinalhaven		44.0741	-68.8398	apple	98.4	1.8			12:23	7/9/19	9/28/20	43.9	1.87	43.9	1.87	2019_2	159.0	2019	32025.38641173810	Vinalhaven_ME	Vinalhaven_ME	1.0	63	1.531362846482950	-0.024647463837592300	0.13265877644558300	Vinalhaven7/3/19	0.27111980622321600	9.31619154089808E-05	0.7277436184087950	0.0	0.001043413452580590	0.0	0.0	0.7266629401900500	0.26974100987516300	0.0010993106018259700	0.99854667411962	0.9989565865474200	7/3/23	July	Vinalhaven_ME2019	101
FJ190703_008	vag	W	FJ190703-008	7/3/19	JL	Vinalhaven		44.0741	-68.8398	apple	98.4	1.8			12:23	7/9/19	9/28/20	50.6	1.8	50.6	1.8	2019_2	160.0	2019	2.83244160575294	Vinalhaven_ME	Vinalhaven_ME	0.0	63	1.87408439501014	-0.0971374876433643	-0.056890567219376	Vinalhaven7/3/19	0.8909504124135500	0.0001567367410513120	0.095413491114986	0.0	0.013400991359887100	0.0	0.0	0.09531553065182890	0.8902059128935560	0.00037224975999686500	0.999294684665269	0.9865206402695870	7/3/23	July	Vinalhaven_ME2019	101
FJ190703_010	tern	W	FJ190703-010	7/3/19	JL	Vinalhaven		44.0437	-68.8401	rose	72.0	1.5			13:37	7/9/19	9/27/20	28.5	1.52	28.5	1.52	2019_2	146.0	2019	96.3639582444473	Vinalhaven_ME	Vinalhaven_ME	1.0	63	3.318680706494790	-0.12262170023893200	-0.0964180426140493	Vinalhaven7/3/19	0.9941513627324830	0.000935781962802667	0.003041291379108670	0.0	0.0	0.0	0.0	0.0024564276523570000	0.03567668733185170	0.9215112878699260	0.959644402854135	0.9981284360743950	7/3/23	July	Vinalhaven_ME2019	101
FJ190703_012	vag	W	FJ190703-012	7/3/19	JL	Vinalhaven		44.0437	-68.8401	apple	72.0	1.5			13:37	7/9/19	9/26/20	47.9	2.02	47.9	2.02	2019_2	138.0	2019	14.128130967774500	Vinalhaven_ME	Vinalhaven_ME	0.0	63	1.446306213539800	0.02222314405075050	0.20990525896604200	Vinalhaven7/3/19	0.0036542422430403300	8.85876907403716E-05	0.9799570349699910	0.0	0.01630013509622840	0.0	0.0	0.9798905942019360	0.0011294930569397400	0.0005536730671273230	0.9978738954222310	0.9836998649037720	7/3/23	July	Vinalhaven_ME2019	101
FJ190703_013	imp	W	FJ190703-013	7/3/19	JL	Vinalhaven		44.0437	-68.8401	apple	72.0	1.5			13:37	7/9/19	9/26/20	36.4	1.98	36.4	1.98	2019_2	143.0	2019	18085.00279898570	Vinalhaven_ME	Vinalhaven_ME	1.0	63	2.250997779627220	-0.09065850191452250	-0.031178021968505900	Vinalhaven7/3/19	0.7828458681522750	0.0	0.1924616991643450	0.0	0.02213904363974000	0.001610376044568250	0.000638347260909935	0.19243268337975900	0.6588904363974000	0.12356371866295300	0.9992746053853300	0.9753075673166200	7/3/23	July	Vinalhaven_ME2019	101
FJ190705_001	bim	W	FJ190705-001	7/5/19	JL	Eustis Parking Lot; Colby College 	Kennebec	44.563	-69.661	catmint	91.3	1.4			13:15	7/8/19	9/19/20	37.9	2.03	37.9	2.03	2019_1	70.0	2019	8.12288714468513	Colby_College	Colby_College	0.0	65	3.331012570867490	0.025156500068098600	0.20696823958744000	Eustis Parking Lot; Colby College 7/5/19	0.00391815411406182	0.0003211601732837560	0.9672916205742340	0.0	0.01399544666243210	0.0	1.4273785479278E-05	0.9672916205742340	0.0010990814819044100	0.001384557191489970	0.9837849796955400	0.9715309348615800	7/5/23	July	Colby_College2019	102
FJ190705_002	bim	W	FJ190705-002	7/5/19	JL	Eustis Parking Lot; Colby College 	Kennebec	44.563	-69.661	catmint	91.3	1.4			13:15	7/9/19	9/19/20	27.3	2.24	27.3	2.24	2019_1	75.0	2019	0.0	Colby_College	Colby_College	0.0	65	2.882957187656850	-0.05161263872847650	0.06067317128290660	Eustis Parking Lot; Colby College 7/5/19	0.501738356371454	0.0018811199381917700	0.46987688741833100	0.00038630141587866800	0.018844790809385400	0.0	0.0002519357060078270	0.46987688741833100	0.46969213456725800	0.0064495540738003700	0.9655016039906610	0.9734963637279770	7/5/23	July	Colby_College2019	102
FJ190705_003	imp	W	FJ190705-003	7/5/19	JL	Eustis Parking Lot; Colby College 	Kennebec	44.563	-69.661	catmint	91.3	1.4			13:15	7/8/19	9/19/20	37.5	1.92	37.5	1.92	2019_1	74.0	2019	0.0	Colby_College	Colby_College	0.0	65	1.279343624317160	-0.054544278329936600	0.03614591704507870	Eustis Parking Lot; Colby College 7/5/19	0.4898562042680340	0.0	0.4292565743680290	0.0	0.0	0.0	0.0	0.4292565743680290	0.0010865320951394700	0.4885150162130960	0.9188581226762640	0.9191127786360630	7/5/23	July	Colby_College2019	102
FJ190705_004	bim	W	FJ190705-004	7/5/19	JL	Eustis Parking Lot; Colby College 	Kennebec	44.563	-69.661	catmint	91.3	1.4			13:15	7/9/19	9/19/20	26.9	1.98	26.9	1.98	2019_1	77.0	2019	1.0893004622765600	Colby_College	Colby_College	0.0	65	1.837167764128740	-0.03644262625967410	0.10635681022837400	Eustis Parking Lot; Colby College 7/5/19	0.35427853216555700	0.00029433055708024100	0.6281252734489970	0.0019728102204297200	0.01093000501157440	0.003945620440859450	0.0	0.6281252734489970	0.35018176900619700	0.0009386758306883360	0.9960941539587460	0.9826981361716350	7/5/23	July	Colby_College2019	102
FJ190705_005	imp	W	FJ190705-005	7/5/19	JL	Eustis Parking Lot; Colby College 	Kennebec	44.563	-69.661	catmint	91.3	1.4			13:15	7/8/19	9/19/20	34.9	1.82	34.9	1.82	2019_1	78.0	2019	19.9600650081595	Colby_College	Colby_College	0.0	65	4.084906543103970	-0.12411647686027100	-0.11875419746810800	Eustis Parking Lot; Colby College 7/5/19	0.8613023935522440	0.0018599295883798700	0.0294710271682572	0.0017270774749241600	0.0025684741934769600	0.008845736554259020	0.08922126519496050	0.029349246064256100	0.3929322675641570	0.45830657839381800	0.9829506454398510	0.8926333503088810	7/5/23	July	Colby_College2019	102
FJ190709_001	vag	W	FJ190709-001	7/9/19	JL	Allen Island	Allen Island			clover	77.7	2.0			15:00	7/16/19	9/20/20	35.0	2.1	35.0	2.1	2019_2	85.0	2019	58820.559475836500	Allen_Island	Allen_Island	1.0	69	6.742779060714020	0.0558043325467645	0.0009397932643117620	Allen Island7/9/19	0.44885030502111700	0.1020647583294230	0.28296574378226200	0.0014077897700610000	0.005396527451900520	0.004692632566870010	0.00328484279680901	0.2745190051618960	0.15696855936180200	0.19427498826841900	0.6405443453777570	0.8338808071328010	7/9/23	July	Allen_Island2019	82
FJ190709_002	bor	W	FJ190709-002	7/9/19	JL	Allen Island	Allen Island			clover	77.7	2.0			15:00	7/17/19	9/20/20	92.9	2.1	92.9	2.1	2019_1	81.0	2019	1.835948317600610	Allen_Island	Allen_Island	0.0	69	2.403714023767730	-0.0743084549098922	-0.052867246451349300	Allen Island7/9/19	0.6081750800403490	0.0	0.20840094732687200	0.006786983027060220	0.0	0.0036730845138371100	0.11786763738432500	0.20837901846410200	0.6047651418797420	0.0026753212578395700	0.9441471865269070	0.8165760273672210	7/9/23	July	Allen_Island2019	82
FJ190709_003	bor	W	FJ190709-003	7/9/19	JL	Allen Island	Allen Island								15:30	7/12/19	9/25/20	38.7	2.06	38.7	2.06	2019_2	119.0	2019	10.922462998544600	Allen_Island	Allen_Island	0.0	69	2.834436686578550	-0.060912395976780700	0.029717430571700400	Allen Island7/9/19	0.5763288623944360	3.725782414307E-05	0.3953551912568310	0.013599105812220600	0.0	0.0025832091405861900	0.0031793343268753100	0.3953551912568310	0.5742921013412820	0.001254346746150030	0.9902632886239440	0.9717213114754100	7/9/23	July	Allen_Island2019	82
FJ190709_007	bim	W	FJ190709-007	7/9/19	JL	Seal Harbor Road		44.0119	-69.1362		85.9	2.0			17:11	7/17/19	9/20/20	73.1	2.01	73.1	2.01	2019_2	82.0	2019	201.59812627304200	Seal Harbor Road	Seal Harbor Road	1.0	69	1.34589188874343	-0.026189348166858100	0.13242990035403900	Seal Harbor Road7/9/19	0.2577845990378090	0.00013281780348868100	0.7353531477819430	0.0	0.006611375106992120	0.0	5.90301348838582E-05	0.7353531477819430	0.08686284348159740	0.17092175555621100	0.9998081520616280	0.9932705646232400	7/9/23	July	Seal Harbor Road2019	83
FJ190709_009	vag	W	FJ190709-009	7/9/19	JL	Owl's Head		44.091529	-69.045848	"rose, raspberry, lupin"	86.4	2.7			17:32	7/16/19	9/20/20	53.3	2.07	53.3	2.07	2019_2	88.0	2019	23590.994992037900	Owls_Head_ME	Owls_Head_ME	1.0	69	1.754187290927430	0.045036026151372400	0.12498210440627200	Owl's Head7/9/19	0.8860874222387010	0.00020599019486672400	0.1132122110987520	0.0	0.0	0.0	0.0	0.1132122110987520	0.0014693967233826300	0.002581743775662950	0.11726335159779700	0.9995056235323200	7/9/23	July	Owls_Head_ME2019	84
FJ190709_010	bim	W	FJ190709-010	7/9/19	JL	Owl's Head		44.091529	-69.045848	"rose, raspberry, lupin"	86.4	2.7			17:32	7/16/19	9/21/20	52.7	1.85	52.7	1.85	2019_2	98.0	2019	33324.024491224000	Owls_Head_ME	Owls_Head_ME	1.0	69	1.622330095846120	-0.10324387048080000	-0.073897183399968	Owl's Head7/9/19	0.9575700431034480	0.00023946360153256700	0.0391672653256705	0.0	0.0029334291187739500	0.0	8.97988505747126E-05	0.0391672653256705	0.9423042385057470	0.0014517480842911900	0.9859464798850570	0.9969767720306510	7/9/23	July	Owls_Head_ME2019	84
FJ190709_011	vag	W	FJ190709-011	7/9/19	JL	Owl's Head		44.091529	-69.045848	"rose, raspberry, lupin"	86.4	2.7			17:32	7/12/19	9/26/20	43.3	2.05	43.3	2.05	2019_2	133.0	2019	4651.724848141740	Owls_Head_ME	Owls_Head_ME	1.0	69	3.359563649170260	-0.08974986057847530	-0.1095025681973120	Owl's Head7/9/19	0.9259126379047450	0.04045205848058120	0.009328190869136250	0.0	0.0	0.0	0.0	0.009328190869136250	0.13185039016952200	0.7352228899452870	0.8764014709839450	0.9756928872544620	7/9/23	July	Owls_Head_ME2019	84
FJ190709_012	bim	W	FJ190709-012	7/9/19	JL	Owl's Head		44.091529	-69.045848	"rose, raspberry, lupin"	86.4	2.7			17:32	7/12/19	9/25/20	80.8	2.04	80.8	2.04	2019_2	123.0	2019	8034.196085134960	Owls_Head_ME	Owls_Head_ME	1.0	69	1.813397761545820	0.020560518707529900	0.20474478137824400	Owl's Head7/9/19	0.01708047191406940	0.0	0.969184715618947	0.0024652227504842400	0.009332628983976050	0.0007043493572812120	0.0	0.969184715618947	0.004754358161648180	0.012326113752421200	0.9987673886247580	0.9862651875330160	7/9/23	July	Owls_Head_ME2019	84
FJ190710_002	bim	M	FJ190710-002	7/10/19	JL	Eustis Parking Lot; Colby College 	Kennebec	44.563	-69.6612	catmint	87.0	0.6			14:00	7/12/19	9/26/20	60.9	1.93	60.9	1.93	2019_2	132.0	2019	13.649908914923100	Colby_College	Colby_College	0.0	70	2.686838722238790	0.1422828889558510	-0.04234545894785520	Eustis Parking Lot; Colby College 7/10/19	0.15569570358691400	0.0027591643673630300	0.03921955065037450	0.0	0.0	0.0	0.0	0.03921955065037450	0.005518328734726060	0.14820654316121400	0.19294442254631500	0.19767441860465100	7/10/23	July	Colby_College2019	103
FJ190710_003	imp	W	FJ190710-003	7/10/19	JL	Eustis Parking Lot; Colby College 	Kennebec	44.563	-69.6612	catmint	87.0	0.6			14:00	7/12/19	9/26/20	41.0	1.94	41.0	1.94	2019_2	136.0	2019	8138.978913458420	Colby_College	Colby_College	1.0	70	3.456837690602620	-0.11504960962560400	-0.0832252860876241	Eustis Parking Lot; Colby College 7/10/19	0.9544245533945780	0.00033955216841787600	0.029503310633642100	0.005300786629190170	0.003621889796457340	0.004036898002301410	0.0	0.029503310633642100	0.42279904170832500	0.5270038293938990	0.992265756163815	0.9842674161966380	7/10/23	July	Colby_College2019	103
FJ190710_004	imp	W	FJ190710-004	7/10/19	JL	Eustis Parking Lot; Colby College 	Kennebec	44.563	-69.6612	catmint	87.0	0.6			14:00	7/12/19	9/25/20	42.4	2.1	42.4	2.1	2019_2	127.0	2019	15.534966300154900	Colby_College	Colby_College	0.0	70	3.884063036626270	-0.10337986387243300	-0.05956276866921800	Eustis Parking Lot; Colby College 7/10/19	0.770148053862129	0.0029811750519193400	0.15512159174650000	0.00539291217257319	0.006582032558451130	0.011171032357473000	0.04726334829503580	0.15512159174650000	0.5039023246466140	0.2649058752595970	0.9943391170362430	0.928250820660548	7/10/23	July	Colby_College2019	103
FJ190711_009	tern	W	FJ190711-009	7/11/19	FJ	"Solon, ME"	Somerset	44.9448	-69.8522	white flower (see picture)	84.5	3.0	51.5	90.9	15:00	7/16/19	9/20/20	27.3	2.34	27.3	2.34	2019_2	95.0	2019	5.86815859825675	Solon_ME	Solon_ME	0.0	71	4.53549545237157	-0.13382570062311700	-0.1626256251528610	"Solon, ME7/11/19"	0.7870227029147430	0.0011207856707552000	0.007152013561506620	4.202946265332E-05	0.00016811785061328000	0.0001541080297288400	0.20242089704883100	0.007102979188411080	0.4060886681563780	0.3583361936717640	0.9743129934083790	0.7952955021470050	7/11/23	July	Solon_ME2019	104
FJ190711_010	imp	W	FJ190711-010	7/11/19	FJ	"Solon, ME"	Somerset	44.9448	-69.8522	see picture (prurple plant)	84.5	3.0	51.5	90.9	15:00	7/16/19	9/20/20	46.7	2.11	46.7	2.11	2019_2	89.0	2019	0.0	Solon_ME	Solon_ME	0.0	71	2.832401377778500	-0.07691206806624770	0.016369448397990400	"Solon, ME7/11/19"	0.42658400263021900	0.001333896951763660	0.38017002489314700	0.005936780799398810	0.004330468272979190	0.020290263491616200	0.1601521769761870	0.38017002489314700	0.003541402470527450	0.4228265464280680	0.9972476633319240	0.8080879244751300	7/11/23	July	Solon_ME2019	104
FJ190715_002	imp	W	FJ190715-002	7/15/19	JL	Eustis Parking Lot; Colby College 	Kennebec	44.563	-69.6612	catmint	84.6	1.1	56.0	82.9	16:00	7/26/19	10/2/20	51.3	1.94	51.3	1.94	2019_3	185.0	2019	0.0	Colby_College	Colby_College	0.0	75	3.64294226941948	-0.0785258171539269	0.028483147689362300	Eustis Parking Lot; Colby College 7/15/19	0.5004004360303440	0.0003448199150185760	0.3995461724989430	0.01516095303775220	0.005772952770794870	0.0033369669195346000	0.07534871304309140	0.3995461724989430	0.2742986807857450	0.22610175524460000	0.9995661943004600	0.900291428444306	7/15/23	July	Colby_College2019	81
FJ190716_001	tern	W	FJ190716-001	7/16/19	JL			45.0003	-67.6176	rose	92.8	0.2	38.6	105.0	10:32	7/23/19	9/28/20	28.1	1.8	28.1	1.8	2019_2	155.0	2019	0.8846625442597380	Crawford_ME	Crawford_ME	0.0	76	1.6375434899062	-0.10394268348363000	-0.08859797337528960		0.9097705445971590	0.0	0.019437575478750900	0.0	0.025619644602909900	0.0	0.00017252285927885400	0.019437575478750900	0.5445684053137040	0.36097532923112300	0.9507734774857670	0.92920812007591	7/16/23	July	Crawford_ME2019	50
FJ190716_002	tern	W	FJ190716-002	7/16/19	JL			44.9547	-67.6598	rose	97.5	0.0	34.8	98.4	11:00	7/25/19	10/4/20	42.0	1.92	42.0	1.92	2019_3	206.0	2019	0.0	Wesley_ME	Wesley_ME	0.0	76	2.823069106854040	-0.0018382621972720200	0.16874262705595500		0.1359332408780070	0.0	0.8589498350150640	0.0	0.004399598297546750	0.0	0.0	0.8589498350150640	0.05064320214241310	0.08500310841184070	0.9989957438668640	0.9948830758930710	7/16/23	July	Wesley_ME2019	50
FJ190716_003	vag	W	FJ190716-003	7/16/19	JL			44.9547	-67.6598	rose	97.5	0.0	34.8	98.4	11:00	7/23/19	10/2/20	33.3	1.93	33.3	1.93	2019_3	196.0	2019	1.8409441369410900	Wesley_ME	Wesley_ME	0.0	76	2.709922420767740	-0.12295294704338500	-0.09021438832816040		0.9967531255831310	0.0007090875163276730	0.0021645829445792100	0.0	0.0	0.0	0.0	0.0021645829445792100	0.018510916215711900	0.14521365926478800	0.1658891584250790	0.9996267960440380	7/16/23	July	Wesley_ME2019	50
FJ190716_004	bim	W	FJ190716-004	7/16/19	JL			44.9547	-67.6598	rose	97.5	0.0	34.8	98.4	11:00	7/26/19	9/30/20	40.2	1.88	40.2	1.88	2019_3	182.0	2019	0.0	Wesley_ME	Wesley_ME	0.0	76	1.656842193280780	-0.02828675797474730	0.12456348785543800		0.2967161545248780	0.0	0.6909886062838070	0.0	0.00845897111290137	0.0	0.0	0.6909886062838070	0.29606398895154800	0.0004219894886254650	0.9959335558368820	0.9877047608086850	7/16/23	July	Wesley_ME2019	50
FJ190716_005	bim	W	FJ190716-005	7/16/19	JL			44.9547	-67.6598	rose	97.5	0.0	34.8	98.4	11:00	7/25/19	9/30/20	48.6	1.91	48.6	1.91	2019_3	181.0	2019	0.0	Wesley_ME	Wesley_ME	0.0	76	1.305355835598120	0.13460590499510800	-0.05783054467140910		0.1934853706183190	8.77982396452951E-05	0.002480300269979590	0.0	0.0	0.0	0.0	0.002480300269979590	0.022586097148752200	0.15522728769288200	0.18029368511161400	0.196053469127944	7/16/23	July	Wesley_ME2019	50
FJ190716_009	imp	W	FJ190716-009	7/16/19	JL			44.8799	-67.8635	clover	103.2	0.5	23.2	103.3	11:30	7/26/19	10/5/20	53.0	1.98	53.0	1.98	2019_3	225.0	2019	0.0	Pickerel_Lake	Pickerel_Lake	0.0	76	1.853151056474240	-0.1173622479881630	-0.13169332117052900		0.6086440058479530	0.0	0.10486720272904500	0.0	0.0010660331384015600	0.0	0.2852704678362570	0.10486720272904500	0.25737085769980500	0.35127314814814800	0.9998477095516570	0.713511208576998	7/16/23	July	Pickerel_Lake2019	50
FJ190716_011	tern	W	FJ190716-011	7/16/19	JL			44.8278	-68.1233	clover	99.4	1.5	27.9	101.1	12:08	7/25/19	10/4/20	29.3	2.06	29.3	2.06	2019_3	207.0	2019	0.0	Beddington_ME	Beddington_ME	0.0	76	2.766091789540650	-0.10545872226385100	-0.0516476452511556		0.837263883105576	0.0	0.14513381534617900	0.0	0.017337320664723500	0.0	0.0	0.14513381534617900	0.2326532157322940	0.6043078320778290	0.9994321838210240	0.9823976984517550	7/16/23	July	Beddington_ME2019	50
FJ190716_012	bim	W	FJ190716-012	7/16/19	JL			44.8257	-68.4478		100.7	0.7	28.0	102.6	12:43	7/25/19	10/5/20	56.0	2.04	56.0	2.04	2019_3	219.0	2019	12.518442191506300	Amherst_ME	Amherst_ME	0.0	76	2.418162386719660	-0.05316100313010640	0.07665008637669090		0.3797095603065750	0.0	0.5250907624041950	0.0	0.011133521581282800	0.0	0.07527228721258570	0.5250907624041950	0.34848729326341300	0.031222267043162600	0.991206131504639	0.9048003227107710	7/16/23	July	Amherst_ME2019	50
FJ190716_013	bim	W	FJ190716-013	7/16/19	JL			44.8257	-68.4478		100.7	0.7	28.0	102.6	12:43	7/25/19	10/5/20	36.1	2.02	36.1	2.02	2019_3	218.0	2019	89.30184933929010	Amherst_ME	Amherst_ME	1.0	76	1.973980109214130	-0.035692419806337700	0.0972315850184504		0.3509733686341690	0.0	0.5924933810932880	0.0	0.008409904999221310	0.0	0.0	0.5924933810932880	0.11372060426724800	0.2327674817006700	0.9473913720604270	0.9434667497274570	7/16/23	July	Amherst_ME2019	50
FJ190718_001	vag	M	FJ190718-001	7/18/19	JL	Blue Mountain		44.7129	-70.4183	rose	68.0	0.9	50.6	68.0		7/30/19	9/28/20	36.2	2.01	36.2	2.01	2019_2	153.0	2019	0.5791978672244600	Blue Mountain	Blue Mountain	0.0	78	1.516804238456470	0.023058860155916600	0.210202190115989	Blue Mountain7/18/19	0.0038992688870836700	0.0	0.9721770917952880	0.0	0.023923639317627900	0.0	0.0	0.9721770917952880	0.0009748172217709180	0.001909017059301380	0.9989845653939890	0.976076360682372	7/18/23	July	Blue Mountain2019	85
FJ190718_002	vag	W	FJ190718-002	7/18/19	JL	Blue Mountain		44.7129	-70.4183	rose	68.0	0.9	50.6	68.0		7/30/19	9/30/20	49.5	2.03	49.5	2.03	2019_3	171.0	2019	0.0	Blue Mountain	Blue Mountain	0.0	78	3.650484563324400	-0.1214241975854150	-0.09515427567417260	Blue Mountain7/18/19	0.9964518380642160	0.0016286644951140100	0.0005816658911121450	0.0	0.0	0.0	0.0002908329455560730	0.0005816658911121450	0.1394834806886920	0.8284085621219170	0.9687645416472780	0.9986621684504420	7/18/23	July	Blue Mountain2019	85
FJ190718_003	vag	W	FJ190718-003	7/18/19	JL	Blue Mountain		44.7129	-70.4183	rose	68.0	0.9	50.6	68.0		7/30/19	10/4/20	50.1	2.0	50.1	2.0	2019_3	205.0	2019	0.0	Blue Mountain	Blue Mountain	0.0	78	0.963964856857984	-0.1244937904191490	-0.09454716432901050	Blue Mountain7/18/19	1.0	0.0	0.0	0.0	0.0	0.0	0.0	0.0	0.15391956373551500	0.8289025221540560	0.9828220858895710	1.0	7/18/23	July	Blue Mountain2019	85
FJ190718_004	imp	W	FJ190718-004	7/18/19	JL	Blue Mountain		44.7129	-70.4183	rose	68.0	0.9	50.6	68.0		7/30/19	10/4/20	53.7	1.9	53.7	1.9	2019_3	214.0	2019	0.0	Blue Mountain	Blue Mountain	0.0	78	1.633239410514560	-0.012576941542341600	0.15468250220402000	Blue Mountain7/18/19	0.1811788149334790	0.0	0.8167698829781000	0.0	0.0	0.0	0.0018950124054935800	0.8167698829781000	0.012600855686014000	0.16680016410416700	0.9980659151737750	0.9979486979115790	7/18/23	July	Blue Mountain2019	85
FJ190718_005	terri	W	FJ190718-005	7/18/19	JL	Blue Mountain		44.7129	-70.4183	rose	68.0	0.9	50.6	68.0		7/30/19	10/4/20	51.7	1.98	51.7	1.98	2019_3	216.0	2019	0.0	Blue Mountain	Blue Mountain	0.0	78	1.973159303244860	-0.06729567347139810	0.037623132049121200	Blue Mountain7/18/19	0.5731020929921970	0.0	0.40829565184210000	0.010207391296052500	0.0	0.005284948390666440	0.0	0.40829565184210000	0.5652414477324330	0.0003815847213477570	0.9894110239826000	0.9813977448342970	7/18/23	July	Blue Mountain2019	85
FJ190724_001	vag	M	FJ190724-001	7/24/19	JL	Bar Harbor				rose	77.8	0.0	86.0	81.7	10:48	7/30/19	8/8/19	76.5	1.9	76.5	1.9	2020_5	327.0	2019	8968.398582349670	MDI_Bar_Harbor	MDI_Bar_Harbor	1.0	84	1.806928136254900	0.026828646051850300	0.20885281035665600	Bar Harbor7/24/19	0.013560500695410300	0.003129346314325450	0.9391515994436720	0.0	0.04415855354659250	0.0	0.0	0.9391515994436720	0.0043463143254520200	0.0017385257301808100	0.9893949930458970	0.9558414464534080	7/24/23	July	MDI_Bar_Harbor2019	105
FJ190724_003	terri	W	FJ190724-003	7/24/19	JL	Bar Harbor		44.2969	-68.2406		85.5	0.6	58.1	90.3	12:13	7/29/19	8/8/19	87.3	1.9	87.3	1.9	2019_4	316.0	2019	10.895000617457500	MDI_Northeast_Harbor	MDI_Northeast_Harbor	0.0	84	1.850374466523660	-0.05382294839126850	0.07924227646135250	Bar Harbor7/24/19	0.4504104115696980	8.68595914703881E-05	0.5449281236880580	0.0038507752218538700	0.0	0.0	0.0	0.5449281236880580	0.4494549560635230	0.0002316255772543680	0.9984654805506900	0.9954253948492260	7/24/23	July	MDI_Northeast_Harbor2019	105
FJ190724_004	bim	W	FJ190724-004	7/24/19	JL	Bar Harbor		44.2969	-68.2406		85.5	0.6	58.1	90.3	12:13	7/29/19	8/8/19	105.5	2.15	105.5	2.15	2019_4	318.0	2019	60.147183816120400	MDI_Northeast_Harbor	MDI_Northeast_Harbor	1.0	84	1.848011852702040	-0.028368066145717800	0.11574966426356900	Bar Harbor7/24/19	0.3225753671207100	0.0	0.608540925266904	0.0	0.06810651613694930	0.0	0.0	0.608540925266904	0.2561459483781240	0.06033460138258270	0.9931279911645600	0.9311162923876140	7/24/23	July	MDI_Northeast_Harbor2019	105
FJ190724_005	bim	W	FJ190724-005	7/24/19	JL	Bar Harbor		44.2969	-68.2406		85.5	0.6	58.1	90.3	12:13	7/30/19	10/2/20	101.0	2.05	101.0	2.05	2019_3	194.0	2019	723.5474066854240	MDI_Northeast_Harbor	MDI_Northeast_Harbor	1.0	84	3.37090100431299	0.004588699367447900	0.1753065278079820	Bar Harbor7/24/19	0.115	0.00014285714285714300	0.8783809523809520	0.0	0.0035238095238095200	0.0	0.00014285714285714300	0.8783809523809520	0.085	0.02542857142857140	0.9924761904761900	0.9935238095238100	7/24/23	July	MDI_Northeast_Harbor2019	105
FJ190724_006	tern	W	FJ190724-006	7/24/19	JL	Bar Harbor		44.2716	-68.3267	clover	78.8	3.6	57.7	77.9	13:00	7/29/19	8/8/19	55.0	2.19	55.0	2.19	2019_4	315.0	2019	13978.210850231300	MDI_Southwest_Harbor	MDI_Southwest_Harbor	1.0	84	1.582335641498030	-0.08215422038513170	0.010635951473987500	Bar Harbor7/24/19	0.6378644405681540	0.0	0.3410789932718660	0.0	0.018751557438325400	0.0	0.0	0.3410789932718660	0.21112633939696000	0.41745576875155700	0.9884126588587090	0.9789434338400200	7/24/23	July	MDI_Southwest_Harbor2019	105
FJ190809_001	tern	M	FJ190809-001	8/9/19	JL	Swans Island	Swans Island	44.180175	-68.4201							3/20/20	10/11/20	25.7	1.81	25.7	1.81	2019_4	281.0	2019	0.0	Swans_Island_ME	Swans_Island_ME	0.0	100	3.883580677325830	-0.09082668962199370	-0.08587808841310870	Swans Island8/9/19	0.9853989223014080	0.0033460803059273400	0.0005214670606640010	0.0	0.0	0.0	0.00017382235355466700	0.0005214670606640010	0.09403789327307490	0.48218320876064700	0.5769163914479400	0.9892664696679990	8/9/23	August	Swans_Island_ME2019	106
FJ190809_002	tern	W	FJ190809-002	8/9/19	JL	Swans Island	Swans Island	44.180175	-68.4201							3/5/20	10/11/20	25.3	1.86	25.3	1.86	2019_4	290.0	2019	38.76995800705110	Swans_Island_ME	Swans_Island_ME	1.0	100	2.966665434410310	-0.09067328870911280	-0.028114902538127200	Swans Island8/9/19	0.7302331588201990	0.015745919472288200	0.25149760085832600	0.0	0.0	0.0	0.0	0.25149760085832600	0.03941943751800600	0.6897507475586370	0.9806677859349700	0.9974766791508130	8/9/23	August	Swans_Island_ME2019	106
FJ190809_003	bor	W	FJ190809-003	8/9/19	JL	Swans Island	Swans Island	44.180175	-68.4201							2/21/20	10/10/20	48.8	1.97	48.8	1.97	2019_4	276.0	2019	6.443880664226930	Swans_Island_ME	Swans_Island_ME	0.0	100	3.840293497359440	-0.06629417018674870	-0.07049690867903530	Swans Island8/9/19	0.8028805977486110	0.0020645922430320000	0.09895295679103380	0.0008848252470137150	0.0	0.005702207147421720	0.0	0.09895295679103380	0.7963918792705110	0.0005898834980091430	0.9025217519539890	0.9038981467826770	8/9/23	August	Swans_Island_ME2019	106
FJ190809_004	tern	W	FJ190809-004	8/9/19	JL	Swans Island	Swans Island	44.180175	-68.4201							3/5/20	10/13/20	39.0	1.86	39.0	1.86	2019_4	308.0	2019	5.3875895348724100	Swans_Island_ME	Swans_Island_ME	0.0	100	1.824164799761840	0.12293639255891900	-0.19351361928947700	Swans Island8/9/19	0.5047829286239880	0.3899926416482710	0.0002373661848133120	0.0	0.0	0.0	0.0	0.0002373661848133120	0.15478648911676000	0.3056326995656200	0.46065655486719400	0.8950129364570720	8/9/23	August	Swans_Island_ME2019	106
FJ190809_005	tern	W	FJ190809-005	8/9/19	JL	Swans Island	Swans Island	44.180175	-68.4201							2/28/20	10/9/20	33.7	1.77	33.7	1.77	2019_4	254.0	2019	0.0	Swans_Island_ME	Swans_Island_ME	0.0	100	2.932548061043040	0.00608453624385984	0.029736292696044100	Swans Island8/9/19	0.3747150696496410	0.011101730688054000	0.3615027437737440	0.0	0.0	0.0	0.0	0.3615027437737440	0.07441958632334320	0.2871253693541580	0.7230476994512450	0.7473195441114390	8/9/23	August	Swans_Island_ME2019	106
FJ190809_006	tern	W	FJ190809-006	8/9/19	JL	Swans Island	Swans Island	44.180175	-68.4201							3/20/20	10/10/20	32.4	1.86	32.4	1.86	2019_4	271.0	2019	5.058818978420950	Swans_Island_ME	Swans_Island_ME	0.0	100	1.991313825394710	-0.07287592045841490	0.012723739386937400	Swans Island8/9/19	0.6171032596873930	0.002858829744259040	0.35144961312575700	0.0	0.00031074236350641700	0.0	0.0	0.35144961312575700	0.1804791647245270	0.2812839874460090	0.8135235076597990	0.9714117025574100	8/9/23	August	Swans_Island_ME2019	106
FJ190809_007	tern	W	FJ190809-007	8/9/19	JL	Swans Island	Swans Island	44.180175	-68.4201							3/12/20	10/9/20	35.1	1.91	35.1	1.91	2019_4	251.0	2019	1928.6538456881200	Swans_Island_ME	Swans_Island_ME	1.0	100	4.111532480794570	-0.08209881826866740	-0.13555844515237000	Swans Island8/9/19	0.886471846044191	0.0744119743406985	0.002280826799714900	0.0	0.0	0.0	0.008838203848895220	0.0012829650748396300	0.07130434782608700	0.7427512473271560	0.8241767640769780	0.9631646471846040	8/9/23	August	Swans_Island_ME2019	106
FJ190809_008	tern	W	FJ190809-008	8/9/19	JL	Swans Island	Swans Island	44.180175	-68.4201							2/21/20	10/13/20	31.8	1.83	31.8	1.83	2019_4	303.0	2019	4.865733624391300	Swans_Island_ME	Swans_Island_ME	0.0	100	2.486561347607460	-0.0715247624610941	0.027488053887147300	Swans Island8/9/19	0.6054230804824630	0.0005963948956823070	0.38449990231462900	0.0	0.00876083536416078	0.0	0.0	0.38414000884309700	0.5716239421702610	0.032133345672538100	0.996658132050056	0.9905193776927740	8/9/23	August	Swans_Island_ME2019	106
FJ190809_009	tern	W	FJ190809-009	8/9/19	JL	Swans Island	Swans Island	44.180175	-68.4201							2/28/20	10/11/20	29.0	1.93	29.0	1.93	2019_4	286.0	2019	195.84755311542600	Swans_Island_ME	Swans_Island_ME	1.0	100	3.234137070328990	-0.11680563465785200	-0.09669266380089710	Swans Island8/9/19	0.9862119680117660	0.004044489383215370	0.004963691515764320	0.0	0.0	0.0	0.0	0.004963691515764320	0.08061402702454270	0.8371173821123260	0.9226951006526340	0.9952201489107460	8/9/23	August	Swans_Island_ME2019	106
FJ190809_010	tern	W	FJ190809-010	8/9/19	JL	Swans Island	Swans Island	44.180175	-68.4201							2/21/20	10/10/20	34.3	1.7	34.3	1.7	2019_4	273.0	2019	6.786670613310480	Swans_Island_ME	Swans_Island_ME	0.0	100	2.148205301196410	-0.05576795997183090	0.06318494973528310	Swans Island8/9/19	0.49026120606256000	0.0036762334730732000	0.5039664624314740	0.0	0.0014833924540470800	0.0	0.0	0.5039664624314740	0.46810706223798800	0.014285714285714300	0.9878426314092230	0.9979039019671070	8/9/23	August	Swans_Island_ME2019	106
FJ190809_011	vag	W	FJ190809-011	8/9/19	JL	Swans Island	Swans Island	44.180175	-68.4201							8/31/20	10/10/20	37.8	1.89	37.8	1.89	2019_4	270.0	2019	21569.59344730140	Swans_Island_ME	Swans_Island_ME	1.0	100	2.730738487074220	-0.07048109271764900	0.03137393038097780	Swans Island8/9/19	0.5125286319150410	0.000879202239652021	0.4091760949538420	0.0	0.0042803266930427300	0.0	0.07251104787024830	0.4091760949538420	0.505147960482173	0.0007172439323477010	0.9918326739316540	0.9225839291085350	8/9/23	August	Swans_Island_ME2019	106
FJ190809_012	tern	W	FJ190809-012	8/9/19	JL	Swans Island	Swans Island	44.180175	-68.4201							2/24/20	10/11/20	26.5	1.94	26.5	1.94	2019_4	291.0	2019	4264.781356846110	Swans_Island_ME	Swans_Island_ME	1.0	100	2.095089181385440	-0.08569697247623530	-0.014849921870154000	Swans Island8/9/19	0.7329066659846810	0.0008439573929388900	0.25528432413078800	0.0	0.0061250847154201200	0.0	0.0	0.25525235604772200	0.5960001534467990	0.1359155019628400	0.9932930961727810	0.9890349475084080	8/9/23	August	Swans_Island_ME2019	106
FJ190809_013	tern	W	FJ190809-013	8/9/19	JL	Swans Island	Swans Island	44.180175	-68.4201							2/21/20	10/9/20	30.0	1.85	30.0	1.85	2019_4	256.0	2019	0.0	Swans_Island_ME	Swans_Island_ME	0.0	100	3.201092167221900	-0.00547541218195099	0.09377320919202130	Swans Island8/9/19	0.25636724111636400	0.025468964465456800	0.7135885313405520	0.0	0.0	0.0	0.0	0.02440140308067710	0.021351227695592500	0.22540796095775500	0.2711605917340250	0.995424736922373	8/9/23	August	Swans_Island_ME2019	106
FJ190809_014	tern	W	FJ190809-014	8/9/19	JL	Swans Island	Swans Island	44.180175	-68.4201							2/21/20	10/11/20	25.1	1.84	25.1	1.84	2019_4	284.0	2019	0.0	Swans_Island_ME	Swans_Island_ME	0.0	100	8.247302201322540	-0.04771798108828840	-0.15651765005890700	Swans Island8/9/19	0.8146546240936270	0.1436204045286860	0.02226179875333930	0.0	0.0005088411143620410	0.0	0.002162574736038670	0.02226179875333930	0.0515201628291566	0.7351481999745580	0.8116015774074550	0.980536827375652	8/9/23	August	Swans_Island_ME2019	106
FJ190814_001	bim	M	FJ190814-001	8/14/19	JL	Eustis Parking Lot; Colby College 	Kennebec	44.563	-69.6612							2/21/20	10/13/20	53.9	1.84	53.9	1.84	2019_4	307.0	2019	4.655203808558420	Colby_College	Colby_College	0.0	105	2.444563970043070	0.026940125183309500	0.19934348607471300	Eustis Parking Lot; Colby College 8/14/19	0.03720722186076770	0.003442854044675780	0.9069480589893730	0.014300043374539100	0.013649425287356300	0.0	0.0	0.9069480589893730	0.026865105183257400	0.0007319453480806770	0.9624945781826070	0.9475981348948170	8/14/23	August	Colby_College2019	107
FJ190814_002	imp	M	FJ190814-002	8/14/19	JL	Eustis Parking Lot; Colby College 	Kennebec	44.563	-69.6612							2/17/20	10/13/20	38.1	1.81	38.1	1.81	2019_4	313.0	2019	20.82883339557310	Colby_College	Colby_College	0.0	105	3.58293698005103	0.03381667559336770	0.20270300313383300	Eustis Parking Lot; Colby College 8/14/19	0.007906727418922540	0.0019249043639287500	0.924307399917156	0.0028873565458931300	0.015228673765259100	0.0	4.87317560488292E-05	0.924307399917156	0.00018274408518311000	0.00015837820715869500	0.942813284276699	0.9341390317000070	8/14/23	August	Colby_College2019	107
FJ190814_003	bim	M	FJ190814-003	8/14/19	JL	Eustis Parking Lot; Colby College 	Kennebec	44.563	-69.6612							2/21/20	10/10/20	47.4	1.85	47.4	1.85	2019_4	267.0	2019	9.49036784912045	Colby_College	Colby_College	0.0	105	2.228938970933840	0.022816537072763300	0.20870843432662200	Eustis Parking Lot; Colby College 8/14/19	0.003479356729952600	0.0016985836004493000	0.980712857181995	0.004821785704501250	0.005972439111257230	6.84912742116654E-05	0.0	0.980712857181995	0.00021917207747732900	0.000780800526012986	0.9925755458754560	0.9858907975123970	8/14/23	August	Colby_College2019	107
FJ190814_004	bim	W	FJ190814-004	8/14/19	JL	Eustis Parking Lot; Colby College 	Kennebec	44.563	-69.6612							2/17/20	10/10/20	67.0	1.94	67.0	1.94	2019_4	277.0	2019	2.307048437585860	Colby_College	Colby_College	0.0	105	3.665871671140990	0.07336348283258990	0.1819381221267920	Eustis Parking Lot; Colby College 8/14/19	0.013926790251246800	0.07377434835795620	0.8554625011762490	0.0014114990119506900	0.0	0.0063046955867130900	0.0	0.8554625011762490	0.01077444245789030	0.0005645996047802770	0.8745177378375840	0.9431636397854520	8/14/23	August	Colby_College2019	107
FJ190814_005	bim	M	FJ190814-005	8/14/19	JL	Eustis Parking Lot; Colby College 	Kennebec	44.563	-69.6612							2/17/20	10/7/20	45.0	1.84	45.0	1.84	2019_3	243.0	2019	0.5462489426608850	Colby_College	Colby_College	0.0	105	2.934856592797830	0.4528731449645720	-0.13249155543319100	Eustis Parking Lot; Colby College 8/14/19	0.007509974184463740	0.9518370752822760	0.00367675819447704	0.0	0.0016688831521030500	0.0	0.0002346866932644920	0.00367675819447704	0.0012255860648256800	0.0023990195311481400	0.009204933635818410	0.9630238076612170	8/14/23	August	Colby_College2019	107
FJ190814_006	imp	W	FJ190814-006	8/14/19	JL	Eustis Parking Lot; Colby College 	Kennebec	44.563	-69.6612							2/21/20	10/9/20	57.6	1.95	57.6	1.95	2019_4	263.0	2019	3.36975087084182	Colby_College	Colby_College	0.0	105	3.017881338801830	-0.00786470503750745	0.11347261053182300	Eustis Parking Lot; Colby College 8/14/19	0.3545184931003210	0.0037010711046839400	0.5589720336282750	0.0027206549180127000	0.0	0.0	0.038469080124512900	0.5589720336282750	0.17357043064781	0.0003063800583347630	0.7740385793769450	0.9171915978332800	8/14/23	August	Colby_College2019	107
FJ190814_007	imp	W	FJ190814-007	8/14/19	JL	Eustis Parking Lot; Colby College 	Kennebec	44.563	-69.6612							2/21/20	10/7/20	65.1	2.01	65.1	2.01	2019_3	241.0	2019	0.2535228088081340	Colby_College	Colby_College	0.0	105	2.852827527031570	-0.0805656912022225	-0.015574140168213600	Eustis Parking Lot; Colby College 8/14/19	0.6121423443749360	0.0016408573479643100	0.28520151779304700	0.0005127679212388470	0.0	0.0005127679212388470	0.07312070556865960	0.28520151779304700	0.6014767716131680	0.0025638396061942400	0.9633883704235460	0.898984719515947	8/14/23	August	Colby_College2019	107
FJ190814_008	imp	W	FJ190814-008	8/14/19	JL	Eustis Parking Lot; Colby College 	Kennebec	44.563	-69.6612							2/21/20	10/9/20	66.7	1.89	66.7	1.89	2019_4	258.0	2019	66.76158449056770	Colby_College	Colby_College	1.0	105	4.096432570520240	-0.10236615069592000	-0.04040117040881470	Eustis Parking Lot; Colby College 8/14/19	0.7108076259416690	0.00016834308320356900	0.2261689322839950	0.004229619965489670	0.00018938596860401500	0.008985312065990490	0.04709397752619840	0.2261689322839950	0.17642355119734000	0.5215058288792560	0.9845966078868730	0.9371449013088680	8/14/23	August	Colby_College2019	107
FJ190814_009	bim	W	FJ190814-009	8/14/19	JL	Eustis Parking Lot; Colby College 	Kennebec	44.563	-69.6612							2/21/20	10/9/20	66.7	1.91	66.7	1.91	2019_4	250.0	2019	4.069200938956900	Colby_College	Colby_College	0.0	105	3.474296094518590	0.004166502112535690	0.16755803711487200	Eustis Parking Lot; Colby College 8/14/19	0.15746982711753800	0.002718277699249760	0.8317929759704250	0.0016037838425573600	0.00027182776992497600	0.0	0.0	0.8317929759704250	0.1087582907469830	0.0005708383168424490	0.9429977166467330	0.9919810807872130	8/14/23	August	Colby_College2019	107
FJ190815_001	vag	W	FJ190815-001	8/15/19	JL	Peaks Island		43.662035	-70.185537							?	10/5/20	29.8	1.98	29.8	1.98	2019_3	226.0	2019	0.0	Peaks Island	Peaks Island	0.0	106	3.077766753051900	0.1278117304981140	-0.12667212362338100	Peaks Island8/15/19	0.008029783195853710	0.00010949704357982300	0.00131396452295788	0.0	0.0	0.0	0.9888678005693850	0.00131396452295788	0.00164245565369735	0.002007445798963430	0.9938316665450030	0.009453244762391420	8/15/23	August	Peaks Island2019	108
FJ190815_002	imp	W	FJ190815-002	8/15/19	JL	Peaks Island		43.662035	-70.185537							?	10/9/20	34.0	1.88	34.0	1.88	2019_4	260.0	2019	1.4418379193544500	Peaks Island	Peaks Island	0.0	106	3.920756121303160	-0.08498173138724510	0.010948103907399500	Peaks Island8/15/19	0.5777086931491080	0.003983880253310310	0.3622567645365570	0.013632700057570500	6.90846286701209E-05	0.0092573402417962	0.0320782959124928	0.3622567645365570	0.062337363270005800	0.5140587219343700	0.9936902705814620	0.9439493379389750	8/15/23	August	Peaks Island2019	108
FJ190815_003	imp	W	FJ190815-003	8/15/19	JL	Peaks Island		43.662035	-70.185537							?	10/7/20	27.9	1.93	27.9	1.93	2019_3	236.0	2019	415.7527201208310	Peaks Island	Peaks Island	1.0	106	3.322954540505770	-0.11710749137243400	-0.09947785711247180	Peaks Island8/15/19	0.8340328354524130	0.0	0.0664732749043328	0.015059869151956500	0.007499074188371810	0.0	0.058696457227502800	0.0664732749043328	0.21006665843723000	0.6239661770151830	0.9817615109245770	0.900506110356746	8/15/23	August	Peaks Island2019	108
FJ190815_004	imp	W	FJ190815-004	8/15/19	JL	Peaks Island		43.662035	-70.185537							?	10/7/20	35.3	1.95	35.3	1.95	2019_3	235.0	2019	2210.976150379020	Peaks Island	Peaks Island	1.0	106	4.097017936043190	-0.09282519167300800	-0.05255086562552630	Peaks Island8/15/19	0.6504919363018560	0.01426108124556240	0.22089461405822100	0.00920985901207019	0.0011157318186428600	0.01472766000608580	0.08106298813267070	0.22089461405822100	0.16121310477736100	0.47972410995029900	0.9679480677553510	0.8856476316056400	8/15/23	August	Peaks Island2019	108
FJ190822_001	imp	W	FJ190822-001	8/22/19													9/30/20	36.6	1.92	36.6	1.92	2019_3	178.0	2019	8.716528099862270	No_Site	No_Site	0.0	113	6.213848433378440	-0.10615119824375800	-0.06760323231614570		0.7386092969650400	0.0027353054168267400	0.1619208605455240	0.008943526699961580	0.000491740299654245	0.002305032654629270	0.06706108336534770	0.1619208605455240	0.27863234729158700	0.4591010372646950	0.9784556281213980	0.9032654629273920	8/22/23	August	No_Site2019	50
FJ190822_002	imp	W	FJ190822-002	8/22/19	JL	Eustis Parking Lot; Colby College 	Kennebec	44.563	-69.6612							11/15/19	10/7/20	32.5	1.89	32.5	1.89	2019_3	239.0	2019	6.3857842799450500	Colby_College	Colby_College	0.0	113	3.976697750429580	-0.07312733115627030	0.015606526239393600	Eustis Parking Lot; Colby College 8/22/19	0.5269766973677590	0.0003774724445115510	0.33825305752680100	0.05986712969953190	0.001170164577985810	0.0057501635713926200	0.06492526045598670	0.33820272786753200	0.42314661029744800	0.09410388041672960	0.9871659368866070	0.865607227339071	8/22/23	August	Colby_College2019	109
FJ190822_003	imp	W	FJ190822-003	8/22/19	JL	Eustis Parking Lot; Colby College 	Kennebec	44.563	-69.6612							10/28/19	9/28/20	31.5	1.85	31.5	1.85	2019_2	156.0	2019	10.95224848461780	Colby_College	Colby_College	0.0	113	2.742273536070790	-0.10016729811003000	-0.05810826249991960	Eustis Parking Lot; Colby College 8/22/19	0.8176760546529160	0.006161613744586160	0.14650283553875200	0.005611256012060010	0.00046660764279390300	0.004127682993946070	0.0	0.14650283553875200	0.060443636189610200	0.7566461678351800	0.9737981862123420	0.9703405039362540	8/22/23	August	Colby_College2019	109
FJ190822_004	bim	M	FJ190822-004	8/22/19												3/20/20	10/9/20	28.0	1.86	28.0	1.86	2019_4	262.0	2019	0.8657129924592340	No_Site	No_Site	0.0	113	2.5377056257331	0.3134064423437970	-0.09219303784915470		0.19700091859281500	0.3063134635914500	0.0010675538121601800	0.0	0.0	0.0	0.0	0.0010675538121601800	0.0003724024926140170	0.0003972293254549520	0.0018371856302291500	0.5043819359964250	8/22/23	August	No_Site2019	50
FJ190822_006	bim	M	FJ190822-006	8/22/19	JL	Eustis Parking Lot; Colby College 	Kennebec	44.563	-69.6612							2/28/20	10/11/20	43.3	1.87	43.3	1.87	2019_4	295.0	2019	241.1572271859210	Colby_College	Colby_College	1.0	113	4.503831495660940	-0.03689495398645590	-0.010944064827128700	Eustis Parking Lot; Colby College 8/22/19	0.4842451744854920	0.007957305381567170	0.2590758021219480	0.011919979547488200	0.0003515275469768630	0.0014380672376326200	0.102262559120542	0.25885210277387200	0.0004633772210149560	0.0	0.3752876134475270	0.7512782819890070	8/22/23	August	Colby_College2019	109
FJ190822_007	bim	M	FJ190822-007	8/22/19	JL	Eustis Parking Lot; Colby College 	Kennebec	44.563	-69.6612							9/23/19	10/4/20	55.4	1.87	55.4	1.87	2019_3	202.0	2019	55.02783080349100	Colby_College	Colby_College	1.0	113	2.530718161156400	-0.15046806427487900	-0.08860766681388140	Eustis Parking Lot; Colby College 8/22/19	0.9728650863330410	0.004506877377816800	0.015253146034533200	0.0003277729002048580	0.0001404741000877960	0.0	0.0	0.015253146034533200	0.00305531167690957	0.00022241732513901100	0.018999122036874500	0.9926251097453910	8/22/23	August	Colby_College2019	109
FJ190822_008	bim	M	FJ190822-008	8/22/19	JL	Eustis Parking Lot; Colby College 	Kennebec	44.563	-69.6612							2/24/20	10/10/20	33.9	1.95	33.9	1.95	2019_4	280.0	2019	26.218724780237800	Colby_College	Colby_College	0.0	113	3.557758625732250	0.17104639762335300	0.1493398379289080	Eustis Parking Lot; Colby College 8/22/19	0.04855400652784460	0.1639551653467600	0.5375857095868230	0.0013915947676036700	0.10616602990663700	0.0	0.00037952584571009300	0.5375857095868230	0.0012650861523669800	0.00048073273789945100	0.6472686789970400	0.7500948814614270	8/22/23	August	Colby_College2019	109
FJ190827_001	vag	W	FJ190827-001	8/27/19	JL	Allen Island	Allen Island									2/28/20	10/11/20	40.0	1.94	40.0	1.94	2019_4	292.0	2019	15692.128476861400	Allen_Island	Allen_Island	1.0	118	5.831661647317440	-0.14006358144613500	-0.1018517362576610	Allen Island8/27/19	0.9643714971977580	0.013410728582866300	0.003602882305844680	0.0	0.00020016012810248200	0.0	0.0	0.003602882305844680	0.0029023218574859900	0.003102481985588470	0.009807846277021620	0.9813851080864690	8/27/23	August	Allen_Island2019	110
FJ190827_003	vag	W	FJ190827-003	8/27/19	JL	Allen Island	Allen Island									2/24/20	10/7/20	96.3	2.04	96.3	2.04	2019_3	237.0	2019	612.9938947806280	Allen_Island	Allen_Island	1.0	118	6.255877979545880	-0.026855625113248000	0.1369009888314530	Allen Island8/27/19	0.28277356446370500	0.0	0.7150595882990250	0.0	0.0	0.0	0.0	0.7150595882990250	0.17154207295052400	0.00288912964969303	0.8894907908992420	0.9978331527627300	8/27/23	August	Allen_Island2019	110
FJ190827_004	vag	W	FJ190827-004	8/27/19	JL	Allen Island	Allen Island										10/13/20	38.4	1.92	38.4	1.92	2019_4	299.0	2019	11431.294170395500	Allen_Island	Allen_Island	1.0	118	7.725678304911190	-0.0313823043978733	0.030582938733478100	Allen Island8/27/19	0.9672212040039480	0.006485267164810380	0.005216410545608350	0.0	0.0	0.0	0.0	0.0033836176512054100	0.00303115747920485	0.0023967291696038300	0.008811504300014100	0.9789228817143660	8/27/23	August	Allen_Island2019	110
FJ190827_005	bor	M	FJ190827-005	8/27/19	JL	Allen Island	Allen Island									8/31/20	10/7/20	77.9	1.98	77.9	1.98	2019_4	247.0	2019	0.5963041651533270	Allen_Island	Allen_Island	0.0	118	2.283825917196280	-0.0763271633576584	-0.12812684165214700	Allen Island8/27/19	0.7611528112165420	0.0009559552471321340	0.0	0.017596657697210000	0.0	0.007718453476844640	0.0	0.0	0.000849737997450786	0.747875655006373	0.7740405041778780	0.7621087664636740	8/27/23	August	Allen_Island2019	110
FJ190827_022	bim	M	FJ190827-022	8/27/19													10/13/20	83.6	1.87	83.6	1.87	2019_4	309.0	2019	4.814356646739030	No_Site	No_Site	0.0	118	3.062080862020420	-0.04118448331193580	-0.14042671585567600		0.4403994031906350	0.006863307701136230	0.05830368415012050	0.0005968093653161940	0.004453116033513140	6.88626190749455E-05	0.41659589119706200	0.05830368415012050	0.21820268564214400	0.0005279467462412490	0.6987489957534720	0.5055663950418920	8/27/23	August	No_Site2019	50
FJ190827_006	bim	M	FJ190827-006	8/27/19	JL	Allen Island	Allen Island									8/31/20	10/7/20	44.8	1.8	44.8	1.8	2019_4	248.0	2019	1591.7878730409600	Allen_Island	Allen_Island	1.0	118	3.300861534441680	-0.03203609192456620	-0.12544686302408000	Allen Island8/27/19	0.7800419538507640	0.12361402457297000	0.05064429127959250	0.0	0.0	0.0	0.0	0.05064429127959250	0.008840275696733590	0.006293077614623910	0.06577764459095000	0.9543002697033260	8/27/23	August	Allen_Island2019	110
FJ190827_007	bor	W	FJ190827-007	8/27/19	JL	Allen Island	Allen Island									2/17/20	10/7/20	132.8	2.1	132.8	2.1	2019_3	240.0	2019	0.2661895250056540	Allen_Island	Allen_Island	0.0	118	2.418579634403920	-0.034407024009162000	0.10361168358125300	Allen Island8/27/19	0.35706889200219300	0.0005482122190412380	0.6360479990254010	0.0017055491259060700	0.000243649875129439	0.0037156605957239400	0.0	0.6360479990254010	0.3515867698117810	0.0026192361576414700	0.995918864591582	0.9936651032466350	8/27/23	August	Allen_Island2019	110
FJ190827_008	imp	W	FJ190827-008	8/27/19	JL	Allen Island	Allen Island									2/17/20	10/7/20	33.1	1.94	33.1	1.94	2019_4	246.0	2019	1.8900113612045600	Allen_Island	Allen_Island	0.0	118	3.277888813288540	-0.07110970420801430	0.03813893882157370	Allen Island8/27/19	0.566215268809269	0.0	0.4070145013099150	0.01040552009150950	0.005331906571713220	0.0	0.010497767610051300	0.4070145013099150	0.5526179845762150	0.009150953839341720	0.9950186339987460	0.9732297701191840	8/27/23	August	Allen_Island2019	110
FJ190827_009	bor	W	FJ190827-009	8/27/19	JL	Allen Island	Allen Island									2/24/20	10/13/20	68.3	1.91	68.3	1.91	2019_4	312.0	2019	63665.126089884100	Allen_Island	Allen_Island	1.0	118	2.485178201012190	0.2013105957530710	0.00467421049585109	Allen Island8/27/19	0.3599094992064300	0.08763043258028570	0.001452064971465240	0.020666599128761000	0.0	0.012291898828217300	0.0	0.001384527065815690	0.05139634619930440	0.00030392057542295600	0.08604329179752140	0.4489919967581810	8/27/23	August	Allen_Island2019	110
FJ190827_010	bim	W	FJ190827-010	8/27/19	JL	Allen Island	Allen Island									3/5/20	10/9/20	65.6	1.95	65.6	1.95	2019_4	252.0	2019	12249.849878174500	Allen_Island	Allen_Island	1.0	118	3.143281288878520	0.03535432764199760	0.14036767231809200	Allen Island8/27/19	0.7435897435897440	0.0008670878236095630	0.25411866716214500	0.0009909575126966430	0.0	0.0	0.0	0.25411866716214500	0.004149634584417190	0.002167719559023910	0.26142697881828300	0.9985754985754990	8/27/23	August	Allen_Island2019	110
FJ190827_012	ruf	Q	FJ190827-012	8/27/19	JL	Allen Island	Allen Island									3/5/20	10/9/20	90.1	1.91	90.1	1.91	2019_4	264.0	2019	25866.62582690170	Allen_Island	Allen_Island	1.0	118	6.870045746554130	0.4289915754690330	-0.112025140407726	Allen Island8/27/19	0.14967597208374900	0.748753738783649	0.008100697906281160	0.0	0.0	0.005234297108673980	0.0	0.008100697906281160	0.021311066799601200	0.003115653040877370	0.0377617148554337	0.906530408773679	8/27/23	August	Allen_Island2019	110
FJ190827_013	bim	W	FJ190827-013	8/27/19	JL	Allen Island	Allen Island									2/17/20	10/10/20	50.6	1.87	50.6	1.87	2019_4	279.0	2019	27807.160068111500	Allen_Island	Allen_Island	1.0	118	1.950324130889100	-0.09998460528225260	-0.044693145221795500	Allen Island8/27/19	0.9898577757052930	0.006528328281650740	0.001981813942643970	0.0	0.0	0.0	0.00011657729074376300	0.001981813942643970	0.0014572161342970400	0.0012240615528095100	0.0047796689204942900	0.9983679179295870	8/27/23	August	Allen_Island2019	110
FJ190827_014	imp	W	FJ190827-014	8/27/19	JL	Allen Island	Allen Island									3/12/20	10/13/20	48.7	1.96	48.7	1.96	2019_4	298.0	2019	4.926250154973300	Allen_Island	Allen_Island	0.0	118	1.946893587123220	-0.08922202629014610	-0.008131528258439900	Allen Island8/27/19	0.6032126293805090	0.0	0.3010534721582360	0.008784053564298660	0.00019963758100678800	0.0	0.08668878036794740	0.3010534721582360	0.5926625510611510	0.010550078319358700	0.9999385730519980	0.904266101538745	8/27/23	August	Allen_Island2019	110
FJ190827_015	imp	W	FJ190827-015	8/27/19	JL	Allen Island	Allen Island									2/28/20	10/7/20	33.3	1.85	33.3	1.85	2019_3	234.0	2019	4.147806140612600	Allen_Island	Allen_Island	0.0	118	2.058681010673280	-0.06629530649877140	0.0561535634450162	Allen Island8/27/19	0.489393823574377	0.0	0.47223283901544100	0.003153187585996030	0.00013377159455740700	0.0	0.02975462467512610	0.47223283901544100	0.4771441675584770	0.011848341232227500	0.9942669316618250	0.961626662589818	8/27/23	August	Allen_Island2019	110
FJ190827_016	imp	W	FJ190827-016	8/27/19	JL	Allen Island	Allen Island									3/20/20	10/7/20	122.1	1.74	122.1	1.74	2019_4	244.0	2019	0.3507691685592260	Allen_Island	Allen_Island	0.0	118	1.812990496478820	-0.11499128341675000	-0.08481616025562350	Allen Island8/27/19	0.804468802698145	0.0	0.11340640809443500	0.0	0.0	0.0	0.07074198988195620	0.11340640809443500	0.3826306913996630	0.42107925801011800	0.987858347386172	0.91787521079258	8/27/23	August	Allen_Island2019	110
FJ190827_017	tern	W	FJ190827-017	8/27/19	JL	Allen Island	Allen Island									2/28/20	10/11/20	39.8	1.97	39.8	1.97	2019_4	288.0	2019	2047.115834370500	Allen_Island	Allen_Island	1.0	118	3.33602618993382	-0.09318408644075410	-0.027976990067188000	Allen Island8/27/19	0.77914537854157	6.33365705358274E-05	0.21633661276020800	0.0005911413250010560	0.0025756872017903100	0.0	0.0	0.21633661276020800	0.5961660262635650	0.18287379132711200	0.998543258877676	0.9955453278723140	8/27/23	August	Allen_Island2019	110
FJ190827_018	tern	W	FJ190827-018	8/27/19	JL	Allen Island	Allen Island									3/20/20	10/13/20	51.9	1.9	51.9	1.9	2019_4	306.0	2019	3.2014474343932300	Allen_Island	Allen_Island	0.0	118	2.31666556530815	-0.12407160443418400	-0.09834006328084330	Allen Island8/27/19	0.9948918056048240	0.0	0.001667257892869810	0.0	0.0	0.0	0.0	0.001667257892869810	0.001064207165661580	0.9937566512947850	0.9964881163533170	0.9965590634976940	8/27/23	August	Allen_Island2019	110
FJ190827_021	bor	W	FJ190827-021	8/27/19	JL	Allen Island	Allen Island									2/24/20	10/10/20	75.1	1.96	75.1	1.96	2019_4	274.0	2019	2453.0259105342500	Allen_Island	Allen_Island	1.0	118	3.864040185855730	-0.02310125378306030	-0.03647940182072870	Allen Island8/27/19	0.5985763248088590	0.0975481149485895	0.2521486949644080	0.005852886896915370	0.0	0.02225151595043500	0.016134985499604500	0.2521486949644080	0.594885315054047	0.0	0.89127339836541	0.948273134721856	8/27/23	August	Allen_Island2019	110
FJ190828_001	imp	W	FJ190828-001	8/28/19	JL	Eustis Parking Lot; Colby College 	Kennebec	44.563	-69.6612							2/17/20	10/11/20	42.7	1.92	42.7	1.92	2019_4	296.0	2019	1.5541722589331200	Colby_College	Colby_College	0.0	119	2.734627173101000	0.07137794060662020	-0.006863933929252460	Eustis Parking Lot; Colby College 8/28/19	0.291794823997266	0.1528567434057230	0.31245533911206400	0.00254761239009538	0.00031068443781651000	0.0	0.10401714978096700	0.31245533911206400	0.28859477428775600	0.00031068443781651000	0.7082362444465160	0.7571069065150530	8/28/23	August	Colby_College2019	111
FJ190828_002	imp	W	FJ190828-002	8/28/19	JL	Eustis Parking Lot; Colby College 	Kennebec	44.563	-69.6612							2/17/20	10/7/20	56.2	2.08	56.2	2.08	2019_3	233.0	2019	0.6057389125562360	Colby_College	Colby_College	0.0	119	4.088390156167520	-0.10945642800174900	-0.08590738947212190	Eustis Parking Lot; Colby College 8/28/19	0.8141505063207360	0.0055596002382685800	0.10477199020451400	0.003309285856112250	0.0	0.0017870143623006200	0.05526507379707460	0.10477199020451400	0.30763121318419500	0.5044013501886290	0.9771659275928260	0.9244820967635180	8/28/23	August	Colby_College2019	111
FJ190828_003	imp	W	FJ190828-003	8/28/19	JL	Eustis Parking Lot; Colby College 	Kennebec	44.563	-69.6612							2/17/20	10/10/20	80.2	2.03	80.2	2.03	2019_4	275.0	2019	9615.74040836414	Colby_College	Colby_College	1.0	119	4.231198040066510	-0.03283099789793420	-0.09758703618467440	Eustis Parking Lot; Colby College 8/28/19	0.6944947893067510	0.10223153602174900	0.12245129134571800	0.01359311282283640	0.0012460353420933400	0.0	0.007193022202084280	0.10149524241051200	0.20236746714997700	0.46012686905301300	0.7860217489805170	0.9191776166742180	8/28/23	August	Colby_College2019	111
FJ190828_004	bim	W	FJ190828-004	8/28/19	JL	Eustis Parking Lot; Colby College 	Kennebec	44.563	-69.6612							2/17/20	10/7/20	38.2	1.91	38.2	1.91	2019_3	238.0	2019	81.34155697897680	Colby_College	Colby_College	1.0	119	3.988479377468320	0.10225051333230700	0.15425812693069000	Eustis Parking Lot; Colby College 8/28/19	0.08347312621619810	0.04921827819902030	0.6031671475541840	0.015567335435818300	0.0	0.0	0.0001342011675501580	0.6031671475541840	0.03653626786553040	0.0007716567134134070	0.6561766087364960	0.7358585519694020	8/28/23	August	Colby_College2019	111
FJ190905_002	imp	W	FJ190905-002	9/5/19	JL	Eustis Parking Lot; Colby College 	Kennebec	44.563	-69.6612							?	10/5/20	36.1	1.95	36.1	1.95	2019_3	232.0	2019	0.0	Colby_College	Colby_College	0.0	127	2.167406451046860	-0.08351881443674030	0.023093149263094100	Eustis Parking Lot; Colby College 9/5/19	0.5928836725597980	0.00031198930322388900	0.3990640320903280	0.0	0.00017827960184222300	0.0010845342445401900	0.005051255385529640	0.3990640320903280	0.10456098648046400	0.48778784727380800	0.9977269350765120	0.9922596939533500	9/5/23	September	Colby_College2019	112
FJ190905_003	imp	W	FJ190905-003	9/5/19	JL	Eustis Parking Lot; Colby College 	Kennebec	44.563	-69.6612							?	10/10/20	33.2	2.0	33.2	2.0	2019_4	272.0	2019	9.30252859885924	Colby_College	Colby_College	0.0	127	3.932277522967470	-0.020560349378589	0.09679935964305950	Eustis Parking Lot; Colby College 9/5/19	0.3020723568668770	0.0033773742941287700	0.5562130177514790	0.03301721109940290	0.0	0.0020804625651833200	0.035448920591175600	0.5562130177514790	0.17338088676339500	0.1254221717867660	0.9255626705574020	0.8616627489124850	9/5/23	September	Colby_College2019	112
HFN190709_001	vag	W	HFN190709-001	7/9/19	JL	Allen Island	Allen Island	43.87	-69.31		78.7				10:50	7/17/19	10/2/20	109.1	2.1	109.1	2.1	2019_3	195.0	2019	1.990853372030590	Allen_Island	Allen_Island	0.0	69	2.502017520203490	0.021559394175789100	0.20946272063993900	Allen Island7/9/19	0.0020253164556962000	0.0	0.9911898734177220	0.0	0.006582278481012660	0.0	0.0	0.9911898734177220	0.0007088607594936710	0.0013164556962025300	0.9997974683544300	0.9932151898734180	7/9/23	July	Allen_Island2019	82
HFN190709_002	vag	W	HFN190709-002	7/9/19	JL	Allen Island	Allen Island	43.87	-69.31		78.7				10:50	7/17/19	9/20/20	79.7	2.08	79.7	2.08	2019_2	83.0	2019	8.247710616009370	Allen_Island	Allen_Island	0.0	69	1.635223702267270	0.022586450527261000	0.2091629791394600	Allen Island7/9/19	0.006146495960490650	0.0	0.9726762755992160	0.0	0.021069866065437400	0.0	0.0	0.9726762755992160	0.002952465308532630	0.0025230158091097000	0.999221622782296	0.9788227715597070	7/9/23	July	Allen_Island2019	82
J190705_006	imp	W	FJ190705-006	7/5/19	JL	Eustis Parking Lot; Colby College 	Kennebec	44.563	-69.661	catmint	91.3	1.4			13:15	7/8/19	9/19/20	28.5	1.95	28.5	1.95	2019_1	68.0	2019	0.0	Colby_College	Colby_College	0.0	65	4.081796635555920	-0.10518488812718600	-0.08642662950769980	Eustis Parking Lot; Colby College 7/5/19	0.8241898095541110	0.0013272123994363900	0.08200536339257310	0.011726739693650300	0.007908731421299030	0.033243943457115600	0.02706240625426120	0.08200536339257310	0.24352529430480400	0.5796554702059000	0.9851279487296030	0.9075223853461210	7/5/23	July	Colby_College2019	102
JL190610_040	imp	Q	JL190610-040	6/10/19	MY	Port Clyde	Knox	43.927	-69.259	Apple	65.8	2.6			16:15	6/13/19	9/7/20	162.4	2.03	162.4	2.03	2019_1	6.0	2019	0.0	Coast_Port_Clyde_ME	Port_Clyde_ME	0.0	40	2.495568924492660	-0.11162364076155200	-0.06765324807969640	Port Clyde6/10/19	0.8817686181600210	0.0001998116061998690	0.11118088659264100	0.0	0.0	0.0	0.0	0.11118088659264100	0.0007136128792852450	0.8810550052807350	0.9929495047526620	0.9931493163588620	6/10/23	June	Coast_Port_Clyde_ME2019	113
JL190610_041	imp	Q	JL190610-041	6/10/19	MY	Port Clyde	Knox	43.927	-69.259	Apple	65.8	2.6			16:15	6/13/19	9/7/20	130.0	2.12	130.0	2.12	2019_1	13.0	2019	0.0	Coast_Port_Clyde_ME	Port_Clyde_ME	0.0	40	1.419104180336580	-0.11848520466859800	-0.08634122264997350	Port Clyde6/10/19	0.9494254760341430	4.92449113591596E-05	0.04418910045961920	0.0	0.0	0.002593565331582400	0.0	0.04415627051871310	0.002609980302035460	0.9468154957321080	0.9961753118844390	0.9936638214051220	6/10/23	June	Coast_Port_Clyde_ME2019	113
JL190612_001	bim	W	JL190612-001	6/12/19	JL	Eustis Parking Lot; Colby College	Kennebec	44.5625	-69.6611	honeysuckle	80.0	1.2			14:45	6/14/19	9/13/20	39.9	1.84	39.9	1.84	2019_1	29.0	2019	0.0	Colby_College	Colby_College	0.0	42	1.712460547063480	0.02268794076167300	0.20602144298263500	Eustis Parking Lot; Colby College6/12/19	0.006887007489417130	8.1406707912732E-05	0.9776131553239990	0.0	0.004868121133181370	0.010306089221751900	0.0	0.9776131553239990	0.0047215890589384600	0.0021654184304786700	0.9996743731683490	0.9845815695213290	6/12/23	June	Colby_College2019	89
JL190612_003	gris	Q	JL190612-003	6/12/19	JL	Eustis Parking Lot; Colby College	Kennebec	44.5625	-69.6611	honeysuckle	80.0	1.2			14:45	6/14/19	9/13/20	79.4	1.97	79.4	1.97	2019_1	25.0	2019	0.0	Colby_College	Colby_College	0.0	42	2.191177657617110	-0.11702548717068500	-0.18357193865888200	Eustis Parking Lot; Colby College6/12/19	0.630372963281604	4.59718783452751E-05	0.0024956162530292200	3.28370559609108E-05	6.56741119218215E-05	5.91067007296394E-05	0.3657259944702400	0.0024956162530292200	0.6237136083327310	0.0018191729002344600	0.9939120098248470	0.6329145514129790	6/12/23	June	Colby_College2019	89
JL190619_001	tern	W	JL190619-001	6/19/19	JL	Eustis; ME	Franklin	45.3456	-70.6707	lupine	78.0	0.0			11:05	6/20/19	9/13/20	37.5	1.93	37.5	1.93	2019_1	22.0	2019	1.7385380098953600	Natanis_Pond	Natanis_Pond	0.0	49	1.922461314116070	-0.03336946278057210	0.12272310541220100	Eustis; ME6/19/19	0.28725864100157700	0.00015574768874423400	0.698728060541922	0.0	0.013725764261895700	6.38964876899423E-05	3.59417743255925E-05	0.6987160799504800	0.002020726423194430	0.28497833509714300	0.9995407439947290	0.9861424492322440	6/19/23	June	Natanis_Pond2019	114
JL190619_002	tern	W	JL190619-002	6/19/19	JL	Eustis; ME	Franklin	45.3456	-70.6707	lupine	78.0	0.0			11:05	6/20/19	9/13/20	26.6	1.97	26.6	1.97	2019_1	21.0	2019	0.8407414728778930	Natanis_Pond	Natanis_Pond	0.0	49	6.205603977320070	-0.04268975434368440	0.09875670406848940	Eustis; ME6/19/19	0.3540379939407340	0.003497731025784390	0.6304497640006760	9.10190229758019E-05	0.004615964736629960	0.006085271821810760	0.0002860597864953780	0.6304497640006760	0.01721559805999450	0.3355611322766460	0.9943048097052280	0.9879854889671940	6/19/23	June	Natanis_Pond2019	114
JL190619_003	tern	Q	JL190619-003	6/19/19	FJ	"Stratton, ME"	Franklin	45.1511	-70.4467	lupine	83.0	1.0			11:50	6/27/19	9/14/20	84.1	2.06	84.1	2.06	2019_1	36.0	2019	0.8856359140880960	Stratton_ME	Stratton_ME	0.0	49	3.111126990290010	-0.12283343262450500	-0.09621762858759320	"Stratton, ME6/19/19"	0.9848296079149870	4.88579455233907E-05	0.003753918814380520	5.70009364439559E-05	4.07149546028256E-05	4.88579455233907E-05	0.0002442897276169540	0.003753918814380520	0.002377753348805020	0.9823297097023740	0.9888522454297460	0.988632384674891	6/19/23	June	Stratton_ME2019	91
JL190619_004	terri	Q	JL190619-004	6/19/19	FJ	"Stratton, ME"	Franklin	45.1511	-70.4467	lupine	83.0	1.0			11:50	6/26/19	9/16/20	86.4	2.03	86.4	2.03	2019_1	50.0	2019	0.2242895493466730	Stratton_ME	Stratton_ME	0.0	49	2.119988550401180	-0.07864081975983910	0.014575841803729300	"Stratton, ME6/19/19"	0.653383750242389	6.78689160364553E-05	0.34533643591235200	0.0010859026565832800	0.0	7.75644754702346E-05	4.84777971688966E-05	0.34533643591235200	0.6503393445801820	0.003044405662206710	0.9999321310839640	0.9987880550707780	6/19/23	June	Stratton_ME2019	91
JL190619_005	tern	Q	JL190619-005	6/19/19	FJ	"Stratton, ME"	Franklin	45.1511	-70.4467	lupine	83.0	1.0			11:50	6/26/19	9/16/20	62.0	2.02	62.0	2.02	2019_1	52.0	2019	20613.95614637730	Stratton_ME	Stratton_ME	1.0	49	8.500726806619500	0.028921447116752300	-0.034462431508857400	"Stratton, ME6/19/19"	0.4502832584489160	0.10334049619066200	0.23246727876538400	0.0	0.005079117015042000	0.005665168978316080	0.006446571596014850	0.23246727876538400	0.1656573549521390	0.2584489158038680	0.6737644071107640	0.7860910334049620	6/19/23	June	Stratton_ME2019	91
JL190619_006	bor	W	JL190619-006	6/19/19	JL	Stratton	Franklin	45.1511	-70.4467	lupine	83.0	1.0			11:50	6/20/19	9/14/20	88.8	2.0	88.8	2.0	2019_1	46.0	2019	0.0	Stratton_ME	Stratton_ME	0.0	49	1.68119175310326	-0.04101853087042010	0.10518382344215400	Stratton6/19/19	0.3664181706486910	0.001452788523800830	0.6316973550947220	0.0	0.0	6.64131896594664E-05	0.0	0.6316558468511850	0.3635624034933340	0.002432383071277960	0.9977170466054560	0.9995683142672130	6/19/23	June	Stratton_ME2019	92
JL190619_007	tern	W	JL190619-007	6/19/19	JL	Stratton	Franklin	45.1511	-70.4467	lupine	83.0	1.0			11:50	6/20/19	9/14/20	30.3	1.98	30.3	1.98	2019_1	40.0	2019	0.0	Stratton_ME	Stratton_ME	0.0	49	3.067801071326330	-0.12474262387245200	-0.09576501761047540	Stratton6/19/19	0.9937436468881980	0.0010973073438782600	0.0040957634579642000	0.0	0.00010207510175611700	6.37969385975732E-05	5.9543809357735E-05	0.004057485294805650	0.0023902586327890700	0.9910982005010190	0.9977713602783250	0.9989367176900400	6/19/23	June	Stratton_ME2019	92
JL190619_008	terri	W	JL190619-008	6/19/19	JL	Kingfield	Franklin	44.947	-70.1485	lupine	80.0	2.0			13:06	6/20/19	9/14/20	30.4	1.86	30.4	1.86	2019_1	45.0	2019	0.0	Kingfield_ME	Kingfield_ME	0.0	49	2.833448207348140	-0.05309912385683260	0.005753056840641910	Kingfield6/19/19	0.4650923241263540	0.0009791952795157430	0.33878884989063500	0.0022254438170812400	0.0	0.006078640826084750	0.1183936110687220	0.33878884989063500	0.46262526069484700	0.0021364260643979900	0.9302482323617680	0.8048603692965050	6/19/23	June	Kingfield_ME2019	93
JL190619_009	bim	W	JL190619-009	6/19/19	JL	Kingfield	Franklin	44.947	-70.1485	lupine	80.0	2.0			13:06	6/20/19	9/13/20	30.3	1.94	30.3	1.94	2019_1	32.0	2019	0.0	Kingfield_ME	Kingfield_ME	0.0	49	9.032312150580590	-0.0018574044541215900	0.0011994993805536600	Kingfield6/19/19	0.4944727145113180	0.0922968941919635	0.3405860677311810	0.0026320407088963000	0.007369713984909630	0.009475346552026670	0.0043867345148271600	0.33883137392525000	0.23512896999473600	0.23284786804702600	0.8306720477276710	0.9273556764344620	6/19/23	June	Kingfield_ME2019	93
JL190619_010	tern	W	JL190619-010	6/19/19	JL	Kingfield	Franklin	44.947	-70.1485	lupine	80.0	2.0			13:06	6/20/19	9/13/20	29.7	2.01	29.7	2.01	2019_1	28.0	2019	0.0	Kingfield_ME	Kingfield_ME	0.0	49	3.456815631677050	-0.12588394085264300	-0.09680769374685070	Kingfield6/19/19	0.9896530114572970	0.00019753961009768000	0.004788632617195480	6.1305396237211E-05	0.00011579908178139900	0.00012261079247442200	0.004352683132841980	0.004788632617195480	0.0024998978243396000	0.9869078920480090	0.998848820892879	0.9946391836845910	6/19/23	June	Kingfield_ME2019	93
JL190627_001	bim	W	JL190627-001	6/27/19	JL	Eustis Parking Lot; Colby College 	Kennebec	44.563	-69.6612	catmint	80.4	0.0			14:02	7/12/19	9/21/20	31.5	1.92	31.5	1.92	2019_2	105.0	2019	24.435767186859000	Colby_College	Colby_College	1.0	57	2.061945388125030	-0.06407250217250750	0.04240507289858690	Eustis Parking Lot; Colby College 6/27/19	0.5550160882555740	0.0006464031257182260	0.42596529533440600	0.0024563318777292600	0.008015398758906000	0.0	0.0	0.42596529533440600	0.5523586531831760	0.00106297402895886	0.9898586531831760	0.9816277867156980	6/27/23	June	Colby_College2019	96
JL190627_002	imp	W	JL190627-002	6/27/19	JL	Eustis Parking Lot; Colby College 	Kennebec	44.563	-69.6612	catmint	80.4	0.0			14:02	7/12/19	9/21/20	36.3	1.84	36.3	1.84	2019_2	101.0	2019	360.0795910297580	Colby_College	Colby_College	1.0	57	2.270767721336840	-0.11984677214479800	-0.09042977247966950	Eustis Parking Lot; Colby College 6/27/19	0.7860441445347110	5.65472263585471E-05	0.11286826381166000	0.006927035228922020	0.009537632179141610	0.006663148172582140	0.07409571560514960	0.11286826381166000	0.0064652328803272200	0.7794940908148460	0.9960511186926280	0.8989689555727290	6/27/23	June	Colby_College2019	96
JL190628_001	tern	W	JL190628-001	6/28/19	JL	Great Wass Island	Great Wass Island	44.4808	-67.5948		70.5	0.7			11:30	7/2/19	9/16/20	31.3	2.07	31.3	2.07	2019_1	61.0	2019	0.0	Great_Wass_Island	Great_Wass_Island	0.0	58	2.007692716860460	-0.09363112889493770	-0.025699455405937200	Great Wass Island6/28/19	0.760742602620733	0.00018481896981906200	0.2318923614319770	0.0008963720036224520	7.39275879276249E-05	6.46866394366718E-05	5.54456909457187E-05	0.2318923614319770	0.4576025283235070	0.3030476648123160	0.9936329864897330	0.9928197830225290	6/28/23	June	Great_Wass_Island2019	97
JL190628_003	bor	Q	JL190628-003	6/28/19	JL	"Jonesport, ME"		44.5288	-67.6152		68.0	3.0			13:10	7/2/19	9/19/20	91.8	2.09	91.8	2.09	2019_1	67.0	2019	0.0	Jonesport_ME	Jonesport_ME	0.0	58	2.257399540073150	-0.037765326830947100	0.04430029784371850	"Jonesport, ME6/28/19"	0.47662135056830800	4.45732114998886E-05	0.40717628705148200	0.02860114404576180	8.91464229997771E-05	0.035108832924745600	0.0	0.40717628705148200	0.47409553524998100	0.002273233786494320	0.947344179481465	0.8838422108312900	6/28/23	June	Jonesport_ME2019	98
JL190628_004	bim	W	JL190628-004	6/28/19	JL	"Jonesport, ME"		44.5288	-67.6152		68.0	3.0			13:10	7/2/19	9/19/20	44.0	1.93	44.0	1.93	2019_1	79.0	2019	3.86572778878532	Jonesport_ME	Jonesport_ME	0.0	58	2.574257131470420	-0.12538721459535000	-0.09573257175113060	"Jonesport, ME6/28/19"	0.9956165712260540	0.0001398966629982650	0.0035627016843558200	0.0	5.59586651993061E-05	0.0	0.0	0.0035627016843558200	0.002331611049971090	0.9904683740277180	0.9964186454272440	0.9993191695734090	6/28/23	June	Jonesport_ME2019	98
JL190628_005	bim	W	JL190628-005	6/28/19	JL	"Cherryfield, ME"		44.6004	-67.9435		86.0	1.2			14:34	7/2/19	9/19/20	49.2	2.03	49.2	2.03	2019_1	72.0	2019	0.58077937252811	"Cherryfield, ME"	"Cherryfield, ME"	0.0	58	3.606167292568020	-0.11303983858712100	-0.10083997819198000	"Cherryfield, ME6/28/19"	0.9581073980076700	0.007837393647350830	0.005019956844023570	0.0	0.00012298335252619000	0.00012298335252619000	0.0	0.005019956844023570	0.002772715584226830	0.9547644868799120	0.9628031260132150	0.970964748499044	6/28/23	June	"Cherryfield, ME2019"	100
JL190628_006	terri	W	JL190628-006	6/28/19	JL	"Cherryfield, ME"		44.6004	-67.9435		86.0	1.2			14:34	7/1/19	9/16/20	36.8	2.04	36.8	2.04	2019_1	56.0	2019	0.0	"Cherryfield, ME"	"Cherryfield, ME"	0.0	58	3.098592125874020	-0.03301444148535100	0.11686279707534300	"Cherryfield, ME6/28/19"	0.32292430183088800	0.0004731377955656910	0.6741321605721090	0.0	5.42945011304891E-05	0.0021252419013934300	0.0	0.6740390842844570	0.3193563774708850	0.0021407546160021400	0.9977157527738670	0.9975296001985630	6/28/23	June	"Cherryfield, ME2019"	100
JL190703_003	bim	W	JL190703-003	7/3/19	JL	Vinalhaven		44.0607	-68.797	wild rose	70.0	0.6			10:48	7/9/19	9/28/20	25.4	1.83	25.4	1.83	2019_3	167.0	2019	3.2560971920632400	Vinalhaven_ME	Vinalhaven_ME	0.0	63	3.357266410511490	-0.04877519328741840	-0.161371171629006	Vinalhaven7/3/19	0.4002572387614900	0.0	0.0030115757442670300	0.0	0.033974338865012400	0.0	0.5623176584998590	0.0030115757442670300	0.3994102330834140	0.0008470056780751010	0.9995608118706280	0.4032688145057570	7/3/23	July	Vinalhaven_ME2019	101
JL190703_004	vag	W	JL190703-004	7/3/19	JL	Vinalhaven		44.0746	-68.8195		73.0	2.0			11:51	7/9/19	9/27/20	29.2	1.81	29.2	1.81	2019_2	152.0	2019	0.7756878538828720	Vinalhaven_ME	Vinalhaven_ME	0.0	63	1.523307320044690	-0.08575992643497970	-0.01574454672688440	Vinalhaven7/3/19	0.7502254283137960	0.0	0.24710550045085700	0.0	0.0025247971145175800	0.0	0.0	0.24710550045085700	0.7377276825969340	0.0005410279531109110	0.9878990081154190	0.9973309287646530	7/3/23	July	Vinalhaven_ME2019	101
JL190703_005	tern	W	JL190703-005	7/3/19	JL	Vinalhaven		44.0746	-68.8195	clover	73.0	2.0			11:51	7/9/19	9/19/20	33.0	1.92	33.0	1.92	2019_1	66.0	2019	0.0	Vinalhaven_ME	Vinalhaven_ME	0.0	63	3.205267542661220	-0.13390791504552300	-0.11700524876243100	Vinalhaven7/3/19	0.938440451714788	0.0012365543338994700	0.006033789219629930	0.0	5.95929799469623E-05	0.00010428771490718400	0.052814278477995300	0.006033789219629930	0.003471291081910550	0.9343434343434340	0.9968266738178240	0.9457107952683170	7/3/23	July	Vinalhaven_ME2019	101
JL190703_006	tern	W	JL190703-006	7/3/19	JL	Vinalhaven		44.0746	-68.8195	clover	73.0	2.0			11:51	7/9/19	9/26/20	28.9	1.8	28.9	1.8	2019_2	142.0	2019	7.746108745479740	Vinalhaven_ME	Vinalhaven_ME	0.0	63	3.287161890426970	-0.13198690309583300	-0.11333791339862700	Vinalhaven7/3/19	0.9476957291709570	0.0002471067913183150	0.0028829125653803400	0.0	0.0	0.0	0.04517935834603190	0.0028829125653803400	0.11581071619785000	0.8315555372513490	0.9954285243606110	0.9508257485276550	7/3/23	July	Vinalhaven_ME2019	101
JL190703_007	bim	W	JL190703-007	7/3/19	JL	Vinalhaven		44.0741	-68.8398	rose	98.4	1.8			12:23	7/9/19	9/27/20	57.6	1.91	57.6	1.91	2019_2	147.0	2019	2769.784142908620	Vinalhaven_ME	Vinalhaven_ME	1.0	63	1.669414436770530	-0.03109989558223370	0.12171978486520600	Vinalhaven7/3/19	0.30871421524434800	0.0	0.6863018591913450	0.0	0.0045926959125006400	0.0	0.0	0.6863018591913450	0.3078296960315710	0.0005613295004167450	0.9992855806358330	0.9950160744356940	7/3/23	July	Vinalhaven_ME2019	101
JL190703_008	bim	W	JL190703-008	7/3/19	JL	Vinalhaven		44.0741	-68.8398	rose	98.4	1.8			12:23	7/9/19	9/28/20	54.8	1.97	54.8	1.97	2019_3	163.0	2019	3.0842833770405300	Vinalhaven_ME	Vinalhaven_ME	0.0	63	1.807833486275560	-0.06412851781788040	0.053660104923220200	Vinalhaven7/3/19	0.5158365794843260	0.0001623075496197370	0.4771841958820260	0.0	0.006260434056761270	0.0	9.2747171211278E-05	0.4771841958820260	0.3683685772583940	0.14705063995548100	0.9989565943238730	0.9931830829159710	7/3/23	July	Vinalhaven_ME2019	101
JL190703_009	terri	W	JL190703-009	7/3/19	JL	Vinalhaven		44.0437	-68.8401	rose	72.0	1.5			13:37	7/9/19	9/26/20	66.0	2.02	66.0	2.02	2019_2	141.0	2019	7.018274007549870	Vinalhaven_ME	Vinalhaven_ME	0.0	63	2.098423187360090	-0.06107102671128370	0.06229078409850860	Vinalhaven7/3/19	0.5033234653410040	0.0001489508276080360	0.49237557951181400	0.0037051518367498900	0.0	0.00022342624141205400	0.0	0.4921521532704020	0.5015174365562570	0.0007819918449421890	0.9983801597497630	0.9958479956804260	7/3/23	July	Vinalhaven_ME2019	101
JL190703_010	terri	W	JL190703-010	7/3/19	JL	Vinalhaven		44.0437	-68.8401	apple	72.0	1.5			13:37	7/9/19	9/27/20	65.6	1.93	65.6	1.93	2019_2	151.0	2019	0.3630609460646770	Vinalhaven_ME	Vinalhaven_ME	0.0	63	2.521413658058470	-0.04043674109156620	0.10790501872316700	Vinalhaven7/3/19	0.359608100796166	0.00015459534668006500	0.6310968539846950	0.008193553374043440	0.0	0.0007150034783953000	0.00019324418335008100	0.6310968539846950	0.3580234984926950	0.0006183813867202600	0.9988405348998990	0.9908595501275410	7/3/23	July	Vinalhaven_ME2019	101
JL190703_011	tern	W	JL190703-011	7/3/19	JL	Vinalhaven		44.0437	-68.8401	rose	72.0	1.5			13:37	7/9/19	9/28/20	31.0	1.85	31.0	1.85	2019_3	168.0	2019	12789.78166410020	Vinalhaven_ME	Vinalhaven_ME	1.0	63	1.434791177002120	-0.12288802329787100	-0.09525336159411090	Vinalhaven7/3/19	0.9973268732770860	0.0	0.0014200985715479100	0.0	0.0	0.0	0.0	0.0014200985715479100	0.0593099991646479	0.9162977194887650	0.9770278172249600	0.9987469718486340	7/3/23	July	Vinalhaven_ME2019	101
JL190703_013	bim	W	JL190703-013	7/3/19	JL	Vinalhaven		44.0437	-68.8401	apple	72.0	1.5			13:37	7/9/19	9/27/20	27.8	1.9	27.8	1.9	2019_2	150.0	2019	19677.27061806310	Vinalhaven_ME	Vinalhaven_ME	1.0	63	1.627472223296150	0.020154465802522800	0.19921388613551900	Vinalhaven7/3/19	0.04050342106577440	8.32376100817393E-05	0.9218065890892140	0.0	0.03502638632239590	0.0	0.00018312274217982700	0.9218065890892140	0.007108491900980540	0.03204647988146960	0.99617106993624	0.9623932477650700	7/3/23	July	Vinalhaven_ME2019	101
JL190703_014	bim	W	JL190703-014	7/3/19	JL	Vinalhaven		44.0437	-68.8401	rose	72.0	1.5			13:37	7/9/19	9/26/20	49.3	3.08	49.3	3.08	2019_2	139.0	2019	2944.128082504220	Vinalhaven_ME	Vinalhaven_ME	1.0	63	1.343540514756580	-0.027470365171536600	0.12682130391147100	Vinalhaven7/3/19	0.2896739764376530	0.0	0.7019567246004900	0.0	0.008281815000583230	0.0	8.74839612737665E-05	0.7019567246004900	0.28871165286364200	0.0009623235740114310	1.0000000000000000	0.9916307010381430	7/3/23	July	Vinalhaven_ME2019	101
JL190710_001	vag	W	JL190710-001	7/10/19	JL	Eustis Parking Lot; Colby College 	Kennebec	44.563	-69.6612	catmint	87.0	0.6			14:00	7/12/19	9/25/20	35.9	2.09	35.9	2.09	2019_2	126.0	2019	51.35129213152440	Colby_College	Colby_College	1.0	70	6.751836863703280	-0.11309382321469000	-0.10207926783771100	Eustis Parking Lot; Colby College 7/10/19	0.9717970350729180	0.01675304326865130	0.008436784379896350	0.0	0.0	0.0	0.0	0.008436784379896350	0.00470049415451368	0.6795227190550800	0.6926599975894900	0.9969868627214660	7/10/23	July	Colby_College2019	103
JL190710_002	imp	W	JL190710-002	7/10/19	JL	Eustis Parking Lot; Colby College 	Kennebec	44.563	-69.6612	catmint	87.0	0.6			14:00	7/12/19	9/26/20	35.6	2.06	35.6	2.06	2019_2	131.0	2019	21.109314372182300	Colby_College	Colby_College	0.0	70	2.517692812632340	-0.07679624897106740	-0.04015280481601590	Eustis Parking Lot; Colby College 7/10/19	0.6773186001638050	0.00194344572927801	0.20186848425114900	0.03266377000707970	0.005094604161750210	0.03856351597095940	0.0001249357968821580	0.20186848425114900	0.17808903757791100	0.45962491497424900	0.9160292627399810	0.8811305301442310	7/10/23	July	Colby_College2019	103
JL190711_001	tern	W	JL190711-001	7/11/19	FJ	"Jackman, ME"	Somerset	45.6271	-70.2395	clover	90.0	2.0	38.0	81.3	12:27	7/15/19	9/20/20	27.6	2.29	27.6	2.29	2019_2	90.0	2019	0.0	Jackman_ME	Jackman_ME	0.0	71	4.05671135378851	-0.12095637047263800	-0.10260914768366300	"Jackman, ME7/11/19"	0.9355514192647740	0.006088102993640450	0.02640763145649140	0.0002714440825190010	0.0007367767954087170	0.0002714440825190010	0.02780362959516050	0.02640763145649140	0.06243213897937030	0.8715681712424380	0.9894912362339070	0.9680471537149060	7/11/23	July	Jackman_ME2019	115
JL190711_002	tern	W	JL190711-002	7/11/19	FJ	"Jackman, ME"	Somerset	45.6271	-70.2395	clover	90.0	2.0	38.0	81.3	12:27	7/16/19	9/20/20	37.1	1.8	37.1	1.8	2019_2	91.0	2019	0.0	Jackman_ME	Jackman_ME	0.0	71	3.803010053815900	-0.08139320190157370	0.011709228816452800	"Jackman, ME7/11/19"	0.6392257099217610	0.0008104485521024910	0.34590567625697500	0.0001246843926311520	0.013216545618902200	0.00020261213802562300	0.00020261213802562300	0.34590567625697500	0.3222468127552130	0.3147345780991860	0.996633521398959	0.9859418347308380	7/11/23	July	Jackman_ME2019	115
JL190711_004	terri	W	JL190711-004	7/11/19	FJ	"West Forks, ME"	Somerset	45.4381	-70.0551	yellow flower (see picture)	82.5	1.6	38.8	91.2	13:30	7/16/19	9/20/20	60.5	2.0	60.5	2.0	2019_2	92.0	2019	0.0	S_Jackman_ME	S_Jackman_ME	0.0	71	2.122812079628830	-0.0698164211105897	0.01884448164454400	"West Forks, ME7/11/19"	0.6122173712419690	0.0009406169027082670	0.3573723068185850	0.0	3.54949774606893E-05	0.02843147694601210	9.76111880168956E-05	0.3573456855854900	0.6102030312710750	0.0020143399708941200	0.9981276399389490	0.9705302949632630	7/11/23	July	S_Jackman_ME2019	116
JL190711_005	terri	W	JL190711-005	7/11/19	FJ	"West Forks, ME"	Somerset	45.4381	-70.0551	yellow flower (see picture)	82.5	1.6	38.8	91.2	13:30	7/16/19	9/21/20	49.7	1.9	49.7	1.9	2019_2	97.0	2019	10.25060446281900	S_Jackman_ME	S_Jackman_ME	1.0	71	1.733388801720470	-0.05228885225888800	0.07915285318159480	"West Forks, ME7/11/19"	0.44662036837337700	0.0002480265711944100	0.5517297157399820	0.0	0.0	0.0003774317387741020	0.0	0.5517297157399820	0.44384894103437900	0.0027067247552085600	0.9986628132683430	0.9985981106845530	7/11/23	July	S_Jackman_ME2019	116
JL190711_006	terri	W	JL190711-006	7/11/19	FJ	"Caratunk, ME"	Somerset	44.2238	-69.9881	rose	90.0	2.0	40.2	92.1		7/16/19	9/20/20	56.8	2.05	56.8	2.05	2019_2	93.0	2019	20.05436511325660	"Caratunk, ME"	"Caratunk, ME"	1.0	71	1.852528711009160	-0.07196869318342850	0.03476095584869020	"Caratunk, ME7/11/19"	0.5897161751457730	0.0002227436072584720	0.4080514389237030	0.001999742607387170	0.0	0.0	0.0	0.4080316394919470	0.5885480086721510	0.0005692336629938720	0.9991486244344790	0.9979903576767350	7/11/23	July	"Caratunk, ME2019"	117
JL190716_001	tern	W	JL190716-001	7/16/19	JL			44.9547	-67.6598	rose	97.5	0.0	34.8	98.4	11:00	7/25/19	10/5/20	31.9	1.98	31.9	1.98	2019_3	222.0	2019	0.0	Wesley_ME	Wesley_ME	0.0	76	2.174860499881460	-0.06579205717999350	0.041119483145287900		0.5660315909461	0.0	0.43140949589410800	0.0	0.0019540791402051800	0.0	0.00018610277525763600	0.43140949589410800	0.557843068834764	0.0012096680391746300	0.992602414683509	0.9974410868402080	7/16/23	July	Wesley_ME2019	50
JL190716_002	tern	W	JL190716-002	7/16/19	JL			44.9547	-67.6598		97.5	0.0	34.8	98.4	11:00	7/25/19	10/5/20	39.4	2.05	39.4	2.05	2019_3	227.0	2019	0.0	Wesley_ME	Wesley_ME	0.0	76	6.83258668050683	-0.13272947834946400	-0.1249129629906020		0.9140283140283140	0.0	0.008751608751608750	0.0	0.0	0.0	0.06743886743886740	0.008751608751608750	0.2601029601029600	0.6491634491634490	0.9854568854568850	0.9227799227799230	7/16/23	July	Wesley_ME2019	50
JL190716_003	vag	W	JL190716-003	7/16/19	JL			44.9547	-67.6598		97.5	0.0	34.8	98.4	11:00	7/23/19	10/4/20	34.7	1.92	34.7	1.92	2019_3	215.0	2019	0.0	Wesley_ME	Wesley_ME	0.0	76	1.785820134207880	-0.0020783882704654700	0.14303676587968400		0.28132183908046000	0.0	0.6792624521072800	0.01599616858237550	0.01163793103448280	0.0	0.0	0.6792624521072800	0.15977011494252900	0.0008141762452107280	0.8674808429118770	0.9605842911877390	7/16/23	July	Wesley_ME2019	50
JL190716_005	bim	W	JL190716-005	7/16/19	JL			44.9547	-67.6598		97.5	0.0	34.8	98.4	11:00	7/25/19	9/28/20	57.6	1.86	57.6	1.86	2019_2	157.0	2019	102.70022877744000	Wesley_ME	Wesley_ME	1.0	76	1.993457400111190	-0.006250165425085340	0.13495156219122600		0.2312493274507690	0.0	0.7110011119480610	0.0	0.0037304063990817500	0.0	0.0	0.7110011119480610	0.22472111625237600	0.00121955593816134	0.9406721905376810	0.9422504393988310	7/16/23	July	Wesley_ME2019	50
JL190716_007	tern	W	JL190716-007	7/16/19	JL			44.8799	-67.8635	clover	103.2	0.5	23.2	103.3	11:30	7/25/19	9/30/20	40.1	1.9	40.1	1.9	2019_3	183.0	2019	0.0	Pickerel_Lake	Pickerel_Lake	0.0	76	1.855502430461090	-0.11789890238362900	-0.12802540248673500		0.7178115414794210	0.0	0.06480490762536560	0.0	0.009558456380626290	0.0	0.20782509451458700	0.06480490762536560	0.6600684784934730	0.05761228808521770	0.99986922509927	0.7826164491047860	7/16/23	July	Pickerel_Lake2019	50
JL190716_009	tern	W	JL190716-009	7/16/19	JL			44.8257	-68.4478		100.7	0.7	28.0	102.6	12:43	7/26/19	10/5/20	41.9	1.81	41.9	1.81	2019_3	224.0	2019	0.0	Amherst_ME	Amherst_ME	0.0	76	3.152736396980640	-0.0716928092395068	0.03555863994625360		0.5736752043892770	0.0	0.4210419099872340	0.0	0.004685335578672900	0.0	0.00035309775375505900	0.4210419099872340	0.422780237390336	0.15085422495043100	0.9997148056604290	0.9947171143765110	7/16/23	July	Amherst_ME2019	50
JL190716_010	bim	M	JL190716-010	7/16/19	JL			44.8257	-68.4478		100.7	0.7	28.0	102.6	12:43	7/25/19	9/30/20	53.1	2.05	53.1	2.05	2019_3	170.0	2019	0.0	Amherst_ME	Amherst_ME	0.0	76	1.895533496504920	-0.020769187384292000	0.13613481439490300		0.2553005205868430	0.0	0.7306436346426880	0.002721249408424040	0.005324183625177470	0.0	0.0	0.7306436346426880	0.2544723142451490	0.0005205868433506860	0.9936819687647890	0.9859441552295310	7/16/23	July	Amherst_ME2019	50
JL190716_011	imp	W	JL190716-011	7/16/19	JL			44.7953	-68.7631	rose	94.3	1.0	30.8	95.9	13:30	7/25/19	10/5/20	44.7	1.97	44.7	1.97	2019_3	220.0	2019	4.730657510546580	Bangor_ME	Bangor_ME	0.0	76	3.499979204195610	-0.08537675641461480	0.01631621788227030		0.6131250496859850	0.00015899515064790500	0.3748310676524370	0.0015700771126480600	0.0028420383178313100	0.0036966372525638000	0.0	0.3748310676524370	0.0039550043723666400	0.6085141903171950	0.9954090150250420	0.988115112489069	7/16/23	July	Bangor_ME2019	50
JL190716_012	imp	W	JL190716-012	7/16/19	JL			44.7953	-68.7631	rose	94.3	1.0	30.8	95.9	13:30	7/26/19	10/2/20	41.7	1.92	41.7	1.92	2019_3	199.0	2019	22.490195460220300	Bangor_ME	Bangor_ME	1.0	76	2.267173289692600	-0.1172578085840980	-0.0943547713507479		0.8447487561074010	0.0	0.0674615625980546	0.003126540857949710	0.005513469900040340	0.0018938544981845900	0.07725581603837020	0.0674615625980546	0.6777421668384960	0.1669169393518310	0.9999103500829260	0.9122103187054550	7/16/23	July	Bangor_ME2019	50
JL190717_004	imp	W	JL190716-004	7/16/19	JL			44.9547	-67.6598	rose	97.5	0.0	34.8	98.4	11:00	7/26/19	9/30/20	43.6	1.83	43.6	1.83	2019_3	173.0	2019	0.0	Wesley_ME	Wesley_ME	0.0	76	3.010405963442210	-0.08181516052943130	0.00019587868580809100		0.6274380827089170	0.0	0.3221129096836930	0.006778012926843220	0.003975290281988220	0.016844935079791800	0.0	0.3219985128410460	0.000857976319853572	0.6256077332265630	0.9760624606760850	0.94955099239261	7/16/23	July	Wesley_ME2019	50
JL190724_001	terri	W	JL190724-001	7/24/19	JL	Bar Harbor		44.2969	-68.2406		85.5	0.6	58.1	90.3	12:13	7/30/19	8/8/19	131.5	1.98	131.5	1.98	2019_4	320.0	2019	4520.786493908180	MDI_Northeast_Harbor	MDI_Northeast_Harbor	1.0	84	2.622070960546020	-0.03571320286622520	0.11951683034103100	Bar Harbor7/24/19	0.3121006187240090	0.00020286033066233900	0.6861750684653620	0.0	0.0	0.0	0.0	0.6861750684653620	0.14737803022618900	0.16299827568718900	0.9965513743787400	0.9984785475200320	7/24/23	July	MDI_Northeast_Harbor2019	105
JL190724_002	tern	W	JL190724-002	7/24/19	JL	Bar Harbor		44.2969	-68.2406		85.5	0.6	58.1	90.3	12:13	7/30/19	8/8/19	37.8	1.93	37.8	1.93	2020_5	328.0	2019	39.682548050370300	MDI_Northeast_Harbor	MDI_Northeast_Harbor	1.0	84	1.946026301268650	-0.06779318443541540	0.04769991051105610	Bar Harbor7/24/19	0.5097998548169660	0.0	0.4581561754640670	0.0	0.009540599398527430	0.0	0.022503370320439700	0.4581561754640670	0.3525873690760140	0.155138442393446	0.997925956652494	0.9679560302810330	7/24/23	July	MDI_Northeast_Harbor2019	105
JL190724_003	bim	W	JL190724-003	7/24/19	JL	Bar Harbor		44.2969	-68.2406		85.5	0.6	58.1	90.3	12:13	7/30/19	8/8/19	106.4	1.96	106.4	1.96	2019_4	319.0	2019	1793.8090481991500	MDI_Northeast_Harbor	MDI_Northeast_Harbor	1.0	84	2.735072511536000	-0.0031940825978574900	0.1552106875051460	Bar Harbor7/24/19	0.17570724111082300	0.0	0.7974738299160830	0.0	0.007786140669608100	0.0	0.0	0.7974738299160830	0.17432303832511500	0.0013842027857081100	0.9809672116965140	0.9731810710269050	7/24/23	July	MDI_Northeast_Harbor2019	105
JL190724_004	tern	W	JL190724-004	7/24/19	JL	Bar Harbor		44.2716	-68.3267	clover	78.8	3.6	57.7	77.9	13:00	7/30/19	8/8/19	44.5	2.07	44.5	2.07	2020_5	329.0	2019	0.0	MDI_Southwest_Harbor	MDI_Southwest_Harbor	0.0	84	3.704386139167550	-0.11672127565944400	-0.0879268536360529	Bar Harbor7/24/19	0.9463199331981390	0.0003280448526780390	0.021114159608732000	0.0	0.03125372778241680	0.0	0.00011928903733746900	0.021114159608732000	0.12844447095311900	0.8080937611833470	0.9890254085649530	0.9677621376595490	7/24/23	July	MDI_Southwest_Harbor2019	105
JL190724_005	tern	W	JL190724-005	7/24/19	JL	Bar Harbor		44.2716	-68.3267	clover	78.8	3.6	57.7	77.9	13:00	7/30/19	8/8/19	64.2	2.18	64.2	2.18	2019_4	314.0	2019	19.631867717418700	MDI_Southwest_Harbor	MDI_Southwest_Harbor	1.0	84	3.491609843054050	-0.08104097484483870	-0.09167560452910340	Bar Harbor7/24/19	0.8110232039505120	0.007593054744331760	0.06631975787182070	0.004778845643285720	0.0030797005256730200	0.0062124993362714400	0.021186215685233400	0.06557638188286520	0.21191525513725900	0.5203100939839640	0.8330589921945520	0.884936016566665	7/24/23	July	MDI_Southwest_Harbor2019	105
JL190731_001	imp	W	JL190731-001	7/31/19	JL	Eustis Parking Lot; Colby College 	Kennebec	44.563	-69.6612	clover	70.0	0.0			9:20	7/31/19	8/8/19	48.6	2.19	48.6	2.19	2019_4	321.0	2019	0.0	Colby_College	Colby_College	0.0	91	2.65934011430709	-0.10511775818341900	-0.06257701305532540	Eustis Parking Lot; Colby College 7/31/19	0.8086559046461840	0.0	0.13151651912283700	0.024069895272811400	0.0027772956084013200	0.009489093328704510	0.017820980153908500	0.13151651912283700	0.23126771972458500	0.5384481860788060	0.9553896892900540	0.9401724237690220	7/31/23	July	Colby_College2019	118
JL190731_002	imp	W	JL190731-002	7/31/19	JL	Eustis Parking Lot; Colby College 	Kennebec	44.563	-69.6612	clover	70.0	0.0			9:20	7/31/19	8/8/19	30.4	2.0	30.4	2.0	2019_4	322.0	2019	0.0	Colby_College	Colby_College	0.0	91	4.097276958336920	-0.10440778806883100	-0.07349893990864350	Eustis Parking Lot; Colby College 7/31/19	0.7517297349344560	0.003149974552607330	0.14414228531341600	0.0034663475426071900	0.0032737726791290100	0.01129314020825600	0.07261447887866410	0.14401848718689400	0.3013796613433470	0.37700656130070600	0.913052449139603	0.8990219948004790	7/31/23	July	Colby_College2019	118
JL190731_003	imp	W	JL190731-003	7/31/19	JL	Eustis Parking Lot; Colby College 	Kennebec	44.563	-69.6612		70.0	0.0			9:20	7/31/19	8/8/19	149.5	1.9	149.5	1.9	2019_4	323.0	2019	0.0	Colby_College	Colby_College	0.0	91	3.056531688957510	-0.052434836448999000	-0.021064820817877000	Eustis Parking Lot; Colby College 7/31/19	0.6678919610036760	0.05338021416014060	0.24564487773693500	0.001118747003356240	0.0	0.003036599009109800	0.0	0.24420648873261900	0.04091417612274250	0.224708326674125	0.513984337541953	0.9669170529007510	7/31/23	July	Colby_College2019	118
JL190731_004	bim	W	JL190731-004	7/31/19	JL	Eustis Parking Lot; Colby College 	Kennebec	44.563	-69.6612		70.0	0.0			9:20	7/31/19	8/8/19	44.7	1.98	44.7	1.98	2019_4	324.0	2019	0.0	Colby_College	Colby_College	0.0	91	2.43797163949018	-0.06660712447549740	-0.010945604510564100	Eustis Parking Lot; Colby College 7/31/19	0.6522859922178990	0.000632295719844358	0.25342898832684800	0.0	0.01580739299610900	0.0	0.0	0.25342898832684800	0.6368677042801560	0.00041342412451361900	0.9065175097276270	0.9063472762645910	7/31/23	July	Colby_College2019	118
JL190731_005	bim	W	JL190731-005	7/31/19	JL	Eustis Parking Lot; Colby College 	Kennebec	44.563	-69.6612		70.0	0.0			9:20	7/31/19	8/8/19	41.0	2.06	41.0	2.06	2020_5	325.0	2019	3.9959154964251600	Colby_College	Colby_College	0.0	91	2.434856593580570	-0.0370763901548352	0.07396399431299200	Eustis Parking Lot; Colby College 7/31/19	0.45137236236712700	0.01084139827595330	0.47675709979374900	0.016976043154053600	0.028240520387117200	0.0002644243481939820	0.0	0.47675709979374900	0.3359775768152730	0.00047596382674916700	0.8586916283251360	0.938970860436829	7/31/23	July	Colby_College2019	118
JL190806_001	vag	M	JL190806-001	8/6/19	JL	Eustis Parking Lot; Colby College 	Kennebec	44.563	-69.6612							3/5/20	10/7/20	36.8	1.72	36.8	1.72	2019_4	245.0	2019	6.710030504322790	Colby_College	Colby_College	0.0	97	6.01656546037635	0.16161489141883700	0.13108439331170900	Eustis Parking Lot; Colby College 8/6/19	0.13651916058394200	0.08496806569343070	0.36530565693430700	0.17997262773722600	0.09146897810218980	0.0	0.0	0.36530565693430700	0.006957116788321170	0.006614963503649640	0.6503193430656940	0.5867928832116790	8/6/23	August	Colby_College2019	119
JL190806_002	bim	M	JL190806-002	8/6/19	JL	Eustis Parking Lot; Colby College 	Kennebec	44.563	-69.6612							2/21/20	10/13/20	68.3	1.85	68.3	1.85	2019_4	310.0	2019	0.9508063537186900	Colby_College	Colby_College	0.0	97	3.682629085445420	0.24233710594981000	-0.05120532726276760	Eustis Parking Lot; Colby College 8/6/19	0.1021863998517700	0.07893274041133960	0.0013896609227348500	0.0	0.0	0.0	0.0004632203075782840	0.0013896609227348500	0.0013896609227348500	0.0015749490457661700	0.004817491198814160	0.18250880118584400	8/6/23	August	Colby_College2019	119
JL190806_004	bim	W	JL190806-004	8/6/19	JL	Eustis Parking Lot; Colby College 	Kennebec	44.563	-69.6612							2/21/20	10/11/20	67.6	1.96	67.6	1.96	2019_4	287.0	2019	3.4796037022484400	Colby_College	Colby_College	0.0	97	2.477686208139760	-0.03559809231132690	0.10446876273006400	Eustis Parking Lot; Colby College 8/6/19	0.35548721515273400	0.0004455407887158650	0.6230724927463790	0.0005542092737685140	0.003814263825348010	0.0	0.0	0.6230724927463790	0.3538028536344180	0.00047814133423165900	0.9817219608141440	0.979005248687828	8/6/23	August	Colby_College2019	119
JL190806_005	imp	W	JL190806-005	8/6/19	JL	Eustis Parking Lot; Colby College 	Kennebec	44.563	-69.6612							3/5/20	10/13/20	60.5	1.92	60.5	1.92	2019_4	304.0	2019	3.9850146313818100	Colby_College	Colby_College	0.0	97	4.111511003162980	-0.09887526047618970	-0.11584056649205500	Eustis Parking Lot; Colby College 8/6/19	0.7353607246845680	0.00819583737733204	0.059905100830367700	0.01795535425428660	0.0013479995686401400	0.015151515151515200	0.15593659010029100	0.059905100830367700	0.33441173298824500	0.29256982637765600	0.8772781192710020	0.803461662892268	8/6/23	August	Colby_College2019	119
JL190806_006	imp	W	JL190806-006	8/6/19	JL	Eustis Parking Lot; Colby College 	Kennebec	44.563	-69.6612							2/21/20	10/11/20	44.2	1.94	44.2	1.94	2019_4	285.0	2019	11.91342414832230	Colby_College	Colby_College	0.0	97	4.06194033807372	-0.09384497583357460	-0.020530936027075900	Eustis Parking Lot; Colby College 8/6/19	0.6507518436931330	0.0030887845991763200	0.2773201800593810	0.0027775117325926600	0.0014845321329374600	0.00023944066660281600	0.06354755291638730	0.2773201800593810	0.3784599176324110	0.2611579350636910	0.9849870702040040	0.9311608083516910	8/6/23	August	Colby_College2019	119
JL190806_007	imp	W	JL190806-007	8/6/19	JL	Eustis Parking Lot; Colby College 	Kennebec	44.563	-69.6612							2/24/20	10/13/20	81.4	1.97	81.4	1.97	2019_4	300.0	2019	0.8134247845363880	Colby_College	Colby_College	0.0	97	3.078295795141260	-0.04903147676656740	0.01208318615418860	Eustis Parking Lot; Colby College 8/6/19	0.4736970791250540	0.05396001429404350	0.3808986439466610	0.0038932460644360400	0.0003761590400421300	0.0009027816961011120	0.08234121386522220	0.3808986439466610	0.1671650773947230	0.2791476236152650	0.9147247456224490	0.9085557373657580	8/6/23	August	Colby_College2019	119
JL190806_008	bim	W	JL190806-008	8/6/19	JL	Eustis Parking Lot; Colby College 	Kennebec	44.563	-69.6612							2/24/20	10/9/20	64.5	1.97	64.5	1.97	2019_4	259.0	2019	4.939096621472950	Colby_College	Colby_College	0.0	97	2.608244307427590	-0.055997659784225800	0.07197527548512560	Eustis Parking Lot; Colby College 8/6/19	0.38482665029564800	0.0012601376458043900	0.5062199101748040	0.00436201492778442	0.006946912662767780	0.0006785356554331320	0.09499499176063850	0.5062199101748040	0.3806261914763000	0.0013247600891789700	0.9951533167469060	0.8923066981162560	8/6/23	August	Colby_College2019	119
JL190809_001	tern	W	JL190809-001	8/9/19	JL	Swans Island	Swans Island	44.180175	-68.4201							3/5/20	10/13/20	37.1	1.9	37.1	1.9	2019_4	305.0	2019	2.173924399208330	Swans_Island_ME	Swans_Island_ME	0.0	100	2.033583759041700	-0.113780734758784	-0.08621260591224400	Swans Island8/9/19	0.9946195452099790	0.00011327273242148800	0.00045309092968595100	0.0	0.003596409254382240	0.0	0.0	0.00045309092968595100	0.7278905785404810	0.2600458754566310	0.9919859541811800	0.9951859088720870	8/9/23	August	Swans_Island_ME2019	106
JL190809_002	tern	W	JL190809-002	8/9/19	JL	Swans Island	Swans Island	44.180175	-68.4201							3/20/20	10/7/20	39.6	1.93	39.6	1.93	2019_4	242.0	2019	1141.59185912701	Swans_Island_ME	Swans_Island_ME	1.0	100	2.853138725792220	0.03329383042074700	-0.2022095099843430	Swans Island8/9/19	0.6779548664149640	0.3148975415742000	0.0015851514540162000	0.0	0.0	0.0	0.0003746721618583740	0.0015851514540162000	0.08389774332074820	0.5896475199584980	0.6755050868951210	0.9944375594431800	8/9/23	August	Swans_Island_ME2019	106
JL190809_003	vag	W	JL190809-003	8/9/19	JL	Swans Island	Swans Island	44.180175	-68.4201							2/24/20	10/11/20	47.8	2.03	47.8	2.03	2019_4	293.0	2019	43846.160258639600	Swans_Island_ME	Swans_Island_ME	1.0	100	2.424019457376880	0.03852197049397390	0.10248455436361200	Swans Island8/9/19	0.9461378690917260	0.00030874593016728400	0.04830470416526330	0.0	0.0019366790165038700	0.0	0.0	0.04813629729426290	0.03168855955989670	0.0014595262153362500	0.08322106208599980	0.9947513191871560	8/9/23	August	Swans_Island_ME2019	106
JL190809_004	tern	W	JL190809-004	8/9/19	JL	Swans Island	Swans Island	44.180175	-68.4201							2/21/20	10/10/20	26.5	2.0	26.5	2.0	2019_4	278.0	2019	81.47712209872660	Swans_Island_ME	Swans_Island_ME	1.0	100	2.924200664194520	-0.11658687512617000	-0.09419137560185600	Swans Island8/9/19	0.9830077699513470	0.0012707864352625100	0.011110304262580800	0.0	0.0	0.0	0.00018154091932321500	0.011110304262580800	0.10108198387916600	0.8251034783240140	0.9374773073850850	0.9953888606491900	8/9/23	August	Swans_Island_ME2019	106
JL190809_006	tern	W	JL190809-006	8/9/19	JL	Swans Island	Swans Island	44.180175	-68.4201							3/12/20	10/9/20	34.8	1.8	34.8	1.8	2019_4	253.0	2019	0.0	Swans_Island_ME	Swans_Island_ME	0.0	100	2.845637238432540	0.011965427062105900	-0.15758555250460300	Swans Island8/9/19	0.6475777254180800	0.16769151198207	0.03732544106660540	0.0	0.0	0.0	0.0	0.03732544106660540	0.09137405896212860	0.5465777828860410	0.6752772829147750	0.8525946784667550	8/9/23	August	Swans_Island_ME2019	106
JL190809_007	tern	W	JL190809-007	8/9/19	JL	Swans Island	Swans Island	44.180175	-68.4201							3/12/20	10/5/20	27.3	1.99	27.3	1.99	2019_3	230.0	2019	0.0	Swans_Island_ME	Swans_Island_ME	0.0	100	4.12641600042005	-0.044697767875498900	0.09258460340312040	Swans Island8/9/19	0.3774023494250970	0.0017641442862479800	0.608380723091611	0.0	0.00483583080818563	0.0	0.0001245278319704450	0.608380723091611	0.12253538665891800	0.25235565148810800	0.9882321198787930	0.9875472168029550	8/9/23	August	Swans_Island_ME2019	106
JL190809_008	tern	M	JL190809-008	8/9/19	JL	Swans Island	Swans Island	44.180175	-68.4201							3/20/20	10/9/20	35.8	1.87	35.8	1.87	2019_4	261.0	2019	3.9144755695417100	Swans_Island_ME	Swans_Island_ME	0.0	100	6.330924825786130	-0.12313421677348100	-0.09763797067918780	Swans Island8/9/19	0.9965400644806170	0.0007077140835102620	0.00044559775628423900	0.0	0.0	0.0	0.0	0.00044559775628423900	0.09520065004849150	0.8487850908233070	0.944431338628083	0.997693376320411	8/9/23	August	Swans_Island_ME2019	106
JL190809_009	tern	W	JL190809-009	8/9/19	JL	Swans Island	Swans Island	44.180175	-68.4201							2/21/20	10/5/20	27.7	2.18	27.7	2.18	2019_3	231.0	2019	0.0	Swans_Island_ME	Swans_Island_ME	0.0	100	2.452536329731390	-0.12699504418040100	-0.14985658762564700	Swans Island8/9/19	0.7997841338370210	0.00029058906554859100	0.0	0.0	0.004068246917680270	0.0	0.19477769936485500	0.0	0.7687326165469720	0.002324712524388730	0.969903275353896	0.8000747229025700	8/9/23	August	Swans_Island_ME2019	106
JL190809_010	bim	M	JL190809-010	8/9/19	JL	Swans Island	Swans Island	44.180175	-68.4201							2/24/20	10/11/20	57.0	1.97	57.0	1.97	2019_4	294.0	2019	832.2759781751050	Swans_Island_ME	Swans_Island_ME	1.0	100	1.825279466500760	-0.051353304779973500	0.053920609385628400	Swans Island8/9/19	0.48244582316445600	0.0	0.4617601223205620	0.0	0.0	0.0	0.0	0.4617601223205620	0.03657855273604050	0.2603722544032460	0.7587109294598490	0.9442059454850190	8/9/23	August	Swans_Island_ME2019	106
JL190809_011	bim	M	JL190809-011	8/9/19	JL	Swans Island	Swans Island	44.180175	-68.4201								10/10/20	85.1	1.91	85.1	1.91	2019_4	268.0	2019	15.585930372635500	Swans_Island_ME	Swans_Island_ME	1.0	100	2.19794066509929	-0.03733278956203360	0.08031425757883410	Swans Island8/9/19	0.41352921224455200	0.0008267616382599850	0.5447935215805990	0.0	0.0015899262274230500	0.0	0.0	0.5447935215805990	0.3444840159416600	0.02842788094632410	0.9192953446960060	0.9591494954634110	8/9/23	August	Swans_Island_ME2019	106
JL190809_012	tern	Q	JL190809-012	8/9/19	JL	Swans Island	Swans Island	44.180175	-68.4201							8/31/20	10/11/20	66.7	1.98	66.7	1.98	2019_4	282.0	2019	0.0	Swans_Island_ME	Swans_Island_ME	0.0	100	1.832176620588410	-0.11098708993504600	-0.09976787184717040	Swans Island8/9/19	0.9672328473986890	0.01484552628059380	0.003209843520128390	0.0	0.0	0.0	0.0	0.003209843520128390	0.19285809816771400	0.7271633007890870	0.9232312424769290	0.9852882171994120	8/9/23	August	Swans_Island_ME2019	106
JL190817_008	tern	W	JL190716-008	7/16/19	JL			44.8278	-68.1233	clover	99.4	1.5	27.9	101.1	12:08	7/25/19	10/5/20	38.2	1.9	38.2	1.9	2019_3	229.0	2019	0.0	Beddington_ME	Beddington_ME	0.0	76	3.083816604498230	-0.11967982675583000	-0.13206493100831100		0.8913741556859710	0.0	0.0016055807773225600	0.0	0.0	0.0	0.10120695382571100	0.0016055807773225600	0.013730483888827400	0.7186358099878200	0.8351788284796810	0.8929797364632930	7/16/23	July	Beddington_ME2019	50
JL190905_001	imp	M	JL190905-001	9/5/19	JL	Eustis Parking Lot; Colby College 	Kennebec	44.563	-69.6612							?	10/11/20	32.2	1.99	32.2	1.99	2019_4	283.0	2019	0.0	Colby_College	Colby_College	0.0	127	3.344621727688310	-0.1227914488194190	-0.10438259419381400	Eustis Parking Lot; Colby College 9/5/19	0.8966204955877930	0.0019397317159795600	0.04658088134852340	0.0	0.0	0.0	0.0469633636587165	0.04658088134852340	0.05882031527470430	0.8316531431849850	0.984017703466929	0.9451411086522960	9/5/23	September	Colby_College2019	112
JL190910_001	imp	W	JL190910-001	9/10/19	JL	Eustis Parking Lot; Colby College 	Kennebec	44.563	-69.6612							9/12/19	9/30/20	37.8	1.89	37.8	1.89	2019_3	180.0	2019	16.788136786578500	Colby_College	Colby_College	0.0	132	3.876111213928270	-0.11540214883438700	-0.09855136517852570	Eustis Parking Lot; Colby College 9/10/19	0.7833256155751070	0.002818659526062530	0.09307616420705070	0.004590388371016130	0.0	0.004811854476635330	0.11077331937425800	0.09307616420705070	0.5930258310012280	0.186877126577946	0.9931546840081340	0.8792204393082200	9/10/23	September	Colby_College2019	120
JLS190718_002	vag	M	JLS190718-002	7/18/19	JL	Blue Mountain		44.7129	-70.4183	rose	68.0	0.9	50.6	68.0		7/30/19	10/5/20	39.3	1.96	39.3	1.96	2019_3	223.0	2019	0.0	Blue Mountain	Blue Mountain	0.0	78	3.553459253118400	-0.017119106978375700	-0.08956163605788820	Blue Mountain7/18/19	0.8900086380650740	0.10308090987618800	0.003887129283040600	0.0	0.0	0.0	0.0	0.003887129283040600	0.005038871292830410	0.006766484307515120	0.01569248488338610	0.9969766772243020	7/18/23	July	Blue Mountain2019	85
JMS190709_001	vag	W	JMS190709-001	7/9/19	JL	Allen Island	Allen Island								11:00	7/17/19	9/20/20	28.4	2.35	28.4	2.35	2019_2	86.0	2019	6.528087616127050	Allen_Island	Allen_Island	0.0	69	1.792716045814110	-0.05502579454329650	0.07015939728605840	Allen Island7/9/19	0.47313629292808400	0.0001522947556213080	0.5199778084784670	0.0	0.006298475964624100	6.52691809805607E-05	9.7903771470841E-05	0.5199778084784670	0.47131963405745900	0.0017840242801353200	0.9995431157331360	0.9932663961621720	7/9/23	July	Allen_Island2019	82
MY190522_001	bim	Q	MY190522-001	5/22/19	MY	Eustis Parking Lot; Colby College	Kennebec	44.56400000000000	-69.6609	Rhododendron	64.0	1.0			14:17	6/7/19	9/7/20	147.5	1.9	147.5	1.9	2019_1	9.0	2019	0.0	Colby_College	Colby_College	0.0	21	4.26304716586531	0.10183824660980500	-0.010877148107891200	Eustis Parking Lot; Colby College5/22/19	0.23989853234281600	0.03587606450443920	0.1598115600652290	0.0012683457148034100	0.0030802681645225600	0.0021743069396629800	0.0	0.1598115600652290	0.11505707555716600	0.11596303678202600	0.39735459322341000	0.43558615691248400	5/22/23	May	Colby_College2019	121
MY190522_002	bim	Q	MY190522-002	5/22/19	MY	Eustis Parking Lot; Colby College	Kennebec	44.56400000000000	-69.6609	Rhododendron	64.0	1.0			14:17	6/7/19	9/7/20	144.4	2.14	144.4	2.14	2019_1	12.0	2019	0.0	Colby_College	Colby_College	0.0	21	4.181237572928620	0.18607119889770900	-0.008364965867694770	Eustis Parking Lot; Colby College5/22/19	0.06930561108889780	0.0021324803411968500	0.032520325203252000	0.0	0.17912834866053600	0.0010662401705984300	0.0	0.032520325203252000	0.0273224043715847	0.04145008663201390	0.2814874050379850	0.10395841663334700	5/22/23	May	Colby_College2019	121
MY190522_004	imp	Q	MY190522-004	5/22/19	MY	Eustis Parking Lot; Colby College	Kennebec	44.56400000000000	-69.6609	Rhododendron	64.0	1.0			14:17	6/10/19	9/13/20	85.9	2.06	85.9	2.06	2019_1	26.0	2019	0.0	Colby_College	Colby_College	0.0	21		0.043738065783674000	0.010070939162347800	Eustis Parking Lot; Colby College5/22/19	0.30009233610341600	0.0024622960911049600	0.2059095106186520	0.0021545090797168400	0.003693444136657430	0.0043090181594336700	0.0	0.2059095106186520	0.14804555247768500	0.14773776546629700	0.5118497999384430	0.5084641428131730	5/22/23	May	Colby_College2019	121
MY190522_006	imp	Q	MY190522-006	5/22/19	MY	Eustis Parking Lot; Colby College	Kennebec	44.56400000000000	-69.6609	Rhododendron	64.0	1.0			14:17	6/10/19	9/13/20	108.4	2.06	108.4	2.06	2019_1	24.0	2019	0.4436723805581220	Colby_College	Colby_College	0.0	21	1.626539545169380	-0.12384980139126800	-0.09574016154880290	Eustis Parking Lot; Colby College5/22/19	0.9900798597731890	0.00041554281224264700	0.004200760065580210	0.0	3.02212954358289E-05	6.04425908716577E-05	9.06638863074866E-05	0.004200760065580210	0.0030825721344545400	0.986755517275248	0.9942201772478980	0.994696162651012	5/22/23	May	Colby_College2019	121
MY190529_001	bim	Q	MY190529-001	5/29/19	MY	Eustis Parking Lot; Colby College	Kennebec	44.56400000000000	-69.6609	Rhododendron	59.0	0.0			15:02	6/14/19	9/7/20	155.8	2.13	155.8	2.13	2019_1	4.0	2019	0.0	Colby_College	Colby_College	0.0	28	1.614941405533700	0.03133434378879680	0.206463812608719	Eustis Parking Lot; Colby College5/29/19	0.004011879331006100	0.0	0.9268092533736260	0.0	0.014315114885635400	0.0	0.0	0.9268092533736260	0.00018235815140936800	0.000547074454228104	0.9418538008648990	0.930821132704632	5/29/23	May	Colby_College2019	122
MY190529_002	imp	Q	MY190529-002	5/29/19	MY	Eustis Parking Lot; Colby College	Kennebec	44.56400000000000	-69.6609	Rhododendron	59.0	0.0			15:02	6/14/19	9/7/20	83.1	1.96	83.1	1.96	2019_1	2.0	2019	0.0	Colby_College	Colby_College	0.0	28	2.25994372590185	0.022129678172141200	0.20798915107139700	Eustis Parking Lot; Colby College5/29/19	0.007933705788282210	0.00016615090656088400	0.974454298116264	0.0	0.01686431701592970	8.3075453280442E-05	0.0	0.974454298116264	0.0037383953976198900	0.0036137822176992300	0.9987538682007930	0.9825541548111070	5/29/23	May	Colby_College2019	122
MY190605_001	bim	Q	MY190605-001	6/5/19	MY	Eustis Parking Lot; Colby College	Kennebec	44.5632	-69.6612	catmint	73.0	0.0			14:08	6/6/19	9/7/20	149.3	2.0	149.3	2.0	2019_1	16.0	2019	0.0	Colby_College	Colby_College	0.0	35	3.884590998790910	0.08043690759308320	-0.12599002252692500	Eustis Parking Lot; Colby College6/5/19	0.10497965510560000	0.0010075566750629700	0.025343925595814800	0.00019376089905057200	0.0009300523154427440	0.0005812826971517150	0.8661887231156750	0.025343925595814800	0.08137957760124010	0.020616159658980800	0.9952334818833560	0.13133113737647700	6/5/23	June	Colby_College2019	123
MY190612_001	bim	W	MY190612-001	6/12/19	MY	Eustis Parking Lot; Colby College	Kennebec	44.5625	-69.6611	catmint	80.0	1.2			14:45	6/14/19	9/13/20	29.5	2.14	29.5	2.14	2019_1	17.0	2019	0.0	Colby_College	Colby_College	0.0	42	3.640856349422490	0.02210041348918270	0.20824604952806800	Eustis Parking Lot; Colby College6/12/19	0.005657501132138050	0.00015307782093721900	0.9797618364235920	0.0	0.013687708488803000	0.00014669957839816800	0.00021048200378867600	0.9797618364235920	0.002404597437222150	0.003182743026986340	0.9993940669587900	0.9855724153766670	6/12/23	June	Colby_College2019	89
MY190619_001	tern	Q	MY190619-001	6/19/19	JL	"Carrabassett Valley, ME"	Franklin	45.0801	-70.2144	lupine	84.0	1.0			12:40	6/26/19	9/16/20	62.9	2.03	62.9	2.03	2019_1	51.0	2019	0.6258596076144750	"Carrabassett Valley, ME"	"Carrabassett Valley, ME"	0.0	49	4.097660830810030	-0.02734110446477590	0.0028698432579801400	"Carrabassett Valley, ME6/19/19"	0.6339742029690920	0.03650523241664640	0.2715989291798490	0.0038938914577756100	0.004867364322219520	0.004380627889997570	0.0	0.2715989291798490	0.2750060842054030	0.21075687515210500	0.7705037722073500	0.9420783645655880	6/19/23	June	"Carrabassett Valley, ME2019"	124
MY190619_002	bim	W	MY190619-002	6/19/19	JL	Kingfield	Franklin	44.947	-70.1485	lupine	80.0	2.0			13:06	6/20/19	9/14/20	36.1	1.86	36.1	1.86	2019_1	48.0	2019	0.0	Kingfield_ME	Kingfield_ME	0.0	49	5.307080808223760	-0.010899663795147200	0.006187639118729420	Kingfield6/19/19	0.515126050420168	0.08203781512605040	0.353046218487395	0.0027310924369747900	0.007983193277310920	0.008928571428571430	0.003991596638655460	0.3527310924369750	0.24747899159663900	0.2347689075630250	0.8586134453781510	0.9502100840336130	6/19/23	June	Kingfield_ME2019	93
MY190619_003	tern	W	MY190619-003	6/19/19	JL	"Kingfield, ME"	Franklin	44.947	-70.1485	lupine	80.0	2.0			13:06	6/27/19	9/16/20	41.0	2.04	41.0	2.04	2019_1	55.0	2019	0.0	Kingfield_ME	Kingfield_ME	0.0	49	2.076943427504470	-0.037147286789179300	0.11714267852909200	"Kingfield, ME6/19/19"	0.3050478269024200	6.393970911695E-05	0.687449913894525	0.0	0.007191085952019640	1.70505890978533E-05	2.557588364678E-05	0.687449913894525	0.0012617435932411500	0.30378608330917800	0.9997314532217090	0.9925616805060620	6/19/23	June	Kingfield_ME2019	94
MY190619_004	bor	Q	MY190619-004	6/19/19	JL	"Kingfield, ME"	Franklin	44.947	-70.1485	lupine	80.0	2.0			13:06	6/26/19	9/14/20	140.3	2.02	140.3	2.02	2019_1	38.0	2019	0.0	Kingfield_ME	Kingfield_ME	0.0	49	1.931301036195790	-0.027324488445758400	0.031882821614134600	"Kingfield, ME6/19/19"	0.4776030954787880	0.0	0.37749304065056800	0.022454172870737900	0.0	0.010880986409971700	0.0	0.37749304065056800	0.473987719673919	0.0015686547913689100	0.8863845743965660	0.8550961361293570	6/19/23	June	Kingfield_ME2019	94
MY190621_001	bim	W	MY190621-001	6/21/19	JL	Eustis Parking Lot; Colby College 	Kennebec	44.563	-69.6612	catmint	67.0	4.0			15:13	6/26/19	9/14/20	34.6	2.21	34.6	2.21	2019_1	35.0	2019	2.195593586495430	Colby_College	Colby_College	0.0	51	3.122623219165380	-0.10568926403202800	-0.07961887671785120	Eustis Parking Lot; Colby College 6/21/19	0.9663165684314390	0.0005063225404408900	0.0030379352426453400	4.54392023472594E-05	0.028847402175888700	3.24565731051853E-05	5.19305169682964E-05	0.0030379352426453400	0.9634798639420460	0.001992833588658380	0.9974878612416590	0.9698608262145250	6/21/23	June	Colby_College2019	95
MY190621_002	bim	W	MY190621-002	6/21/19	JL	Eustis Parking Lot; Colby College 	Kennebec	44.563	-69.6612	catmint	67.0	4.0			15:13	6/26/19	9/16/20	41.9	2.04	41.9	2.04	2019_1	54.0	2019	0.0	Colby_College	Colby_College	0.0	51	1.955898027729040	-0.0505008839799989	0.08023375145342420	Eustis Parking Lot; Colby College 6/21/19	0.4415054926411330	0.0	0.5490096280273150	0.0	0.009177376256521190	0.0	3.71124400899181E-05	0.5490096280273150	0.43997327904313500	0.0011133732026975400	0.9993107689697590	0.9905151206684480	6/21/23	June	Colby_College2019	95
PF190709_001	vag	W	PF190709-001	7/9/19	JL	Allen Island	Allen Island									7/17/19	9/20/20	39.5	2.07	39.5	2.07	2019_2	87.0	2019	27514.62324028350	Allen_Island	Allen_Island	1.0	69	2.106779644832420	0.025502436923144400	0.21184671080856000	Allen Island7/9/19	0.0036923884317657900	0.0002905178715348720	0.956544149344929	0.0	0.039201169568721500	8.43438981875434E-05	0.0	0.956544149344929	0.0015931625213202600	0.001565047888591080	0.9989878732217500	0.9605270556482300	7/9/23	July	Allen_Island2019	82
PF190709_005	imp	W	PF190709-005	7/9/19	JL	Rockland		43.9629	-69.2167	lupine	88.0	2.5			17:00	7/17/19	10/2/20	55.4	1.97	55.4	1.97	2019_3	198.0	2019	29041.98866159490	Port_Clyde_ME	Port_Clyde_ME	1.0	69	2.58220068482029	-0.010355043930707400	-0.07440243521769710	Rockland7/9/19	0.5139378404357580	0.0	0.10134114523733200	0.0165240078729345	0.0027463724996567000	0.013960726873254900	0.04636792236920400	0.10134114523733200	0.3852245159518470	0.1023023756122120	0.6684670664164420	0.6152789856730900	7/9/23	July	Port_Clyde_ME2019	125
PF190709_008	bim	W	PF190709-008	7/9/19	JL	Owl's Head		44.091529	-69.045848	"rose, raspberry, lupin"	86.4	2.7			17:32	7/12/19	9/20/20	42.9	1.95	42.9	1.95	2019_1	84.0	2019	20179.96100459540	Owls_Head_ME	Owls_Head_ME	1.0	69	2.084611322155840	-0.11522097777227300	-0.21324728007302200	Owl's Head7/9/19	0.5340254211762820	0.0007831168048834360	0.0014457541013232700	0.0	4.01598361478685E-05	8.0319672295737E-05	0.46267143230055600	0.0014457541013232700	0.0011847151663621200	0.5328105861328090	0.9982329672094940	0.5362542920824880	7/9/23	July	Owls_Head_ME2019	84
PF190709_009	bim	W	PF190709-009	7/9/19	JL	Owl's Head		44.091529	-69.045848	"rose, raspberry, lupin"	86.4	2.7			17:32	7/12/19	9/26/20	45.1	1.97	45.1	1.97	2019_2	129.0	2019	15145.06770207510	Owls_Head_ME	Owls_Head_ME	1.0	69	1.412825603307000	0.02144867857070260	0.20826223883605700	Owl's Head7/9/19	0.005635095681884820	0.00012749085253133100	0.9916238509886920	0.0	0.0023840789423358900	0.0	0.0	0.9916238509886920	0.004819154225684310	0.0006374542626566540	0.9994645384193680	0.9973864375231080	7/9/23	July	Owls_Head_ME2019	84
PF190718_001	vag	W	PF190718-001	7/18/19	JL	Blue Mountain		44.7129	-70.4183		78.6	0.0	51.4	75.2	13:30	7/30/19	9/30/20	58.1	1.94	58.1	1.94	2019_3	174.0	2019	0.0	Blue Mountain	Blue Mountain	0.0	78	2.230302333328020	-0.09891638839421480	-0.07125877195630840	Blue Mountain7/18/19	0.9181847997853250	0.00020871224544560100	0.03959569456453680	0.0	0.041802081159247400	0.0	0.00011926414025462900	0.03959569456453680	0.0025939950505381800	0.001788962103819430	0.0858999970183965	0.957989206595307	7/18/23	July	Blue Mountain2019	85
PF190724_001	bim	W	PF190724-001	7/24/19	JL	Bar Harbor				rose	77.8	0.0	86.0	81.7	10:48	7/30/19	10/4/20	176.3	2.13	176.3	2.13	2019_3	210.0	2019	939.1673912948190	MDI_Bar_Harbor	MDI_Bar_Harbor	1.0	84	2.747439951455450	-0.06844200058657690	0.014876439069541300	Bar Harbor7/24/19	0.6214452214452210	0.0015151515151515200	0.3428904428904430	0.0011655011655011700	0.001048951048951050	0.0006993006993006990	0.0006993006993006990	0.3428904428904430	0.6081585081585080	0.0048951048951049000	0.9595571095571100	0.9658508158508160	7/24/23	July	MDI_Bar_Harbor2019	105
PF190724_002	imp	W	PF190724-002	7/24/19	JL	Bar Harbor				rose	77.8	0.0	86.0	81.7	10:48	7/30/19	9/30/20	69.7	2.03	69.7	2.03	2019_3	179.0	2019	6859.66167851818	MDI_Bar_Harbor	MDI_Bar_Harbor	1.0	84	2.442824739971800	-0.1344194158742870	-0.10426135723351000	Bar Harbor7/24/19	0.9550234589872190	0.0014021463625087600	0.008305020762551910	0.0	0.0	0.0	0.031062934800194100	0.008305020762551910	0.06967588847543550	0.24505204120153200	0.3540958852397130	0.9647306261122800	7/24/23	July	MDI_Bar_Harbor2019	105
PF190724_003	imp	W	PF190724-003	7/24/19	JL	Bar Harbor				rose	77.8	0.0	86.0	81.7	10:48	7/30/19	10/2/20	78.8	2.06	78.8	2.06	2019_3	189.0	2019	11.658314911142100	MDI_Bar_Harbor	MDI_Bar_Harbor	0.0	84	2.519532625486170	-0.0989672515844128	-0.057598029557245100	Bar Harbor7/24/19	0.8329462045897980	0.002810554678063740	0.12213137601040600	0.015539347765492900	0.012728793087429200	0.009314317569450900	0.0	0.12213137601040600	0.44557744123385700	0.36541856359751	0.9707098392641460	0.9578881352782680	7/24/23	July	MDI_Bar_Harbor2019	105
PF190724_004	imp	W	PF190724-004	7/24/19	JL	Bar Harbor				rose	77.8	0.0	86.0	81.7	10:48	7/30/19	10/2/20	33.5	2.13	33.5	2.13	2019_3	200.0	2019	15262.260941334800	MDI_Bar_Harbor	MDI_Bar_Harbor	1.0	84	3.229975344425360	-0.04780824167087720	0.04878212937753160	Bar Harbor7/24/19	0.47011519234948900	0.007669140249014190	0.46111093861582900	0.0	0.0004346881112801570	0.0030428167789611000	0.0	0.46111093861582900	0.05129319713105850	0.39159188996181000	0.9074735305989380	0.9388952712143320	7/24/23	July	MDI_Bar_Harbor2019	105
PF190724_005	tern	W	PF190724-005	7/24/19	JL	Bar Harbor		44.2969	-68.2406		85.5	0.6	58.1	90.3	12:13	7/30/19	10/4/20	30.9	1.95	30.9	1.95	2019_3	211.0	2019	4550.287358505280	MDI_Northeast_Harbor	MDI_Northeast_Harbor	1.0	84	3.738694927467220	-0.11919072116864100	-0.10125213135739100	Bar Harbor7/24/19	0.9731195472765860	0.005069559066257960	0.009667531242631460	0.0	0.0	0.0	0.006484319735911340	0.009667531242631460	0.004362178731431270	0.9531950011789670	0.9737090308889410	0.987856637585475	7/24/23	July	MDI_Northeast_Harbor2019	105
PF190724_006	vag	W	PF190724-006	7/24/19	JL	Bar Harbor		44.2969	-68.2406		85.5	0.6	58.1	90.3	12:13	7/30/19	9/28/20	29.8	1.81	29.8	1.81	2019_2	158.0	2019	10305.257580500600	MDI_Northeast_Harbor	MDI_Northeast_Harbor	1.0	84	1.343540514756580	-0.0008044828930616510	0.16958511856246700	Bar Harbor7/24/19	0.1408031466765890	0.0	0.8476360060594790	0.0	0.011374810641294800	0.0	0.0	0.8476360060594790	0.14021846014829800	0.000584686528290855	0.999813963377362	0.9884391527360670	7/24/23	July	MDI_Northeast_Harbor2019	105
PF190724_007	imp	Q	PF190724-007	7/24/19	JL	Bar Harbor		44.2716	-68.3267	rose	78.8	3.6	57.7	77.9	13:00	7/30/19	10/4/20	174.5	2.06	174.5	2.06	2019_3	209.0	2019	3.0082810578931200	MDI_Southwest_Harbor	MDI_Southwest_Harbor	1.0	84	1.687917213777360	-0.032101700588622400	0.12260760886094200	Bar Harbor7/24/19	0.26556991774383100	0.0	0.6784175479827650	0.0	0.0	0.0	0.0509204857030944	0.6784175479827650	0.2620446533490010	0.0035252643948296100	0.9949079514296910	0.9439874657265960	7/24/23	July	MDI_Southwest_Harbor2019	105
PF190724_008	bim	W	PF190724-008	7/24/19	JL	Bar Harbor		44.2716	-68.3267		78.8	3.6	57.7	77.9	13:00	7/29/19	8/8/19	87.7	1.84	87.7	1.84	2019_4	317.0	2019	1113.2643056354000	MDI_Southwest_Harbor	MDI_Southwest_Harbor	1.0	84	3.113551674625530	-0.028579868264112700	0.12279197534549100	Bar Harbor7/24/19	0.30230575326215900	0.0020759193357058100	0.6849607058125740	0.000722864768683274	0.009434311981020170	0.0	0.0	0.6849607058125740	0.3007673487544480	0.0001482799525504150	0.9960335112692770	0.9893423784104390	7/24/23	July	MDI_Southwest_Harbor2019	105
PRM190709_001	bor	W	PRM190709-001	7/9/19	JL	Allen Island	Allen Island				78.7	2.0			10:20	7/17/19	10/2/20	55.7	2.0	55.7	2.0	2019_3	192.0	2019	2.976907686669400	Allen_Island	Allen_Island	0.0	69	3.392634983617170	-0.08090273303118120	-0.05913670485992330	Allen Island7/9/19	0.7409330800084440	0.0	0.14025754697065700	0.0491028076841883	0.0	0.026261346843994100	0.03196115685032720	0.14025754697065700	0.7409330800084440	0.0	0.9885159383576100	0.8811906269791010	7/9/23	July	Allen_Island2019	82
RGA190718_001	tern	W	RGA190718-001	7/18/19	JL	Blue Mountain		44.7129	-70.4183	spirea	68.0	0.9	50.6	68.0		7/30/19	10/4/20	27.7	1.92	27.7	1.92	2019_3	208.0	2019	0.0	Blue Mountain	Blue Mountain	0.0	78	3.303274321304170	-0.10603642842944800	-0.09008868179645490	Blue Mountain7/18/19	0.958165548098434	0.00044742729306487700	0.031991051454138700	0.0	0.0	0.0	0.0011185682326621900	0.031991051454138700	0.09776286353467560	0.7411633109619690	0.8720357941834450	0.9906040268456380	7/18/23	July	Blue Mountain2019	85
TJ190529_001	imp	W	TJ190529-001	5/29/19	JL	2 cal6 st Waterville				rose						9/12/19	9/30/20	132.9	2.04	132.9	2.04	2019_3	172.0	2019	0.0	Colby_College	Colby_College	0.0	28	1.44323257104378	-0.13619310645052000	-0.11654549607923100	2 cal6 st Waterville5/29/19	0.9417162057379170	0.0	0.001033858878263120	0.0	0.0	0.0	0.05724993538382010	0.001033858878263120	0.17648832601016600	0.7652278797277510	1.0	0.9427500646161800	5/29/23	May	Colby_College2019	87